{"Version":"0.0.0","Data":{"Fires":"{\"Version\":\"0.0.0\",\"FiresPerStructureType\":{\"32\":[{\"IsLit\":false,\"PutOutChance\":1,\"Fuel\":300.0,\"FuelDrainRate\":1.0},{\"IsLit\":false,\"PutOutChance\":1,\"Fuel\":300.0,\"FuelDrainRate\":1.0},{\"IsLit\":false,\"PutOutChance\":1,\"Fuel\":300.0,\"FuelDrainRate\":1.0},{\"IsLit\":false,\"PutOutChance\":1,\"Fuel\":300.0,\"FuelDrainRate\":1.0},{\"IsLit\":false,\"PutOutChance\":2,\"Fuel\":300.0,\"FuelDrainRate\":1.0},{\"IsLit\":false,\"PutOutChance\":1,\"Fuel\":300.0,\"FuelDrainRate\":1.0},{\"IsLit\":false,\"PutOutChance\":1,\"Fuel\":300.0,\"FuelDrainRate\":1.0},{\"IsLit\":false,\"PutOutChance\":1,\"Fuel\":300.0,\"FuelDrainRate\":0.25},{\"IsLit\":false,\"PutOutChance\":1,\"Fuel\":300.0,\"FuelDrainRate\":1.0},{\"IsLit\":false,\"PutOutChance\":1,\"Fuel\":300.0,\"FuelDrainRate\":1.0},{\"IsLit\":false,\"PutOutChance\":1,\"Fuel\":300.0,\"FuelDrainRate\":1.0},{\"IsLit\":false,\"PutOutChance\":1,\"Fuel\":300.0,\"FuelDrainRate\":1.0},{\"IsLit\":false,\"PutOutChance\":1,\"Fuel\":300.0,\"FuelDrainRate\":1.0},{\"IsLit\":false,\"PutOutChance\":1,\"Fuel\":300.0,\"FuelDrainRate\":0.25},{\"IsLit\":false,\"PutOutChance\":1,\"Fuel\":300.0,\"FuelDrainRate\":1.0},{\"IsLit\":false,\"PutOutChance\":1,\"Fuel\":300.0,\"FuelDrainRate\":1.0},{\"IsLit\":false,\"PutOutChance\":1,\"Fuel\":300.0,\"FuelDrainRate\":1.0},{\"IsLit\":false,\"PutOutChance\":1,\"Fuel\":240.008881,\"FuelDrainRate\":1.0}]}}"}}