{"Version":"0.0.0","Data":{"FreeFormStructureLinkerManager":"{\"_nodeLinkersData\":[],\"_builtLinkersData\":[null,null,null,null,null,null,null,{\"_typeId\":3,\"_instanceId\":290},{\"_typeId\":3,\"_instanceId\":290},{\"_typeId\":4,\"_instanceId\":38},{\"_typeId\":4,\"_instanceId\":40},{\"_typeId\":4,\"_instanceId\":62},{\"_typeId\":4,\"_instanceId\":66},{\"_typeId\":4,\"_instanceId\":75},{\"_typeId\":4,\"_instanceId\":74},{\"_typeId\":4,\"_instanceId\":73},{\"_typeId\":4,\"_instanceId\":19},{\"_typeId\":4,\"_instanceId\":59},{\"_typeId\":4,\"_instanceId\":19},{\"_typeId\":4,\"_instanceId\":59},{\"_typeId\":4,\"_instanceId\":18},{\"_typeId\":4,\"_instanceId\":60},{\"_typeId\":8,\"_instanceId\":50},null,null,null,{\"_typeId\":2,\"_instanceId\":217},null,null,null,null,null,null,{\"_typeId\":3,\"_instanceId\":186},{\"_typeId\":2,\"_instanceId\":208},{\"_typeId\":3,\"_instanceId\":449},{\"_typeId\":3,\"_instanceId\":437},{\"_typeId\":2,\"_instanceId\":247},{\"_typeId\":2,\"_instanceId\":246},{\"_typeId\":8,\"_instanceId\":2},{\"_typeId\":8,\"_instanceId\":47},{\"_typeId\":8,\"_instanceId\":46},{\"_typeId\":4,\"_instanceId\":151},{\"_typeId\":4,\"_instanceId\":151},{\"_typeId\":4,\"_instanceId\":76},{\"_typeId\":4,\"_instanceId\":45},{\"_typeId\":4,\"_instanceId\":45},{\"_typeId\":4,\"_instanceId\":57},{\"_typeId\":4,\"_instanceId\":70},null,null,{\"_typeId\":4,\"_instanceId\":80},null,{\"_typeId\":2,\"_instanceId\":240},null,null,{\"_typeId\":4,\"_instanceId\":60},{\"_typeId\":4,\"_instanceId\":193},{\"_typeId\":3,\"_instanceId\":420},{\"_typeId\":3,\"_instanceId\":201},{\"_typeId\":3,\"_instanceId\":195},{\"_typeId\":2,\"_instanceId\":367},null,null,null,{\"_typeId\":2,\"_instanceId\":408},{\"_typeId\":2,\"_instanceId\":391},{\"_typeId\":4,\"_instanceId\":215},{\"_typeId\":4,\"_instanceId\":214},{\"_typeId\":4,\"_instanceId\":214},{\"_typeId\":3,\"_instanceId\":215},{\"_typeId\":8,\"_instanceId\":50},{\"_typeId\":2,\"_instanceId\":347},{\"_typeId\":3,\"_instanceId\":619},{\"_typeId\":2,\"_instanceId\":408},{\"_typeId\":4,\"_instanceId\":132},{\"_typeId\":4,\"_instanceId\":136},{\"_typeId\":4,\"_instanceId\":128},{\"_typeId\":3,\"_instanceId\":486},{\"_typeId\":4,\"_instanceId\":145},{\"_typeId\":4,\"_instanceId\":146},{\"_typeId\":4,\"_instanceId\":40},{\"_typeId\":4,\"_instanceId\":43},{\"_typeId\":4,\"_instanceId\":44},{\"_typeId\":4,\"_instanceId\":44},{\"_typeId\":4,\"_instanceId\":44},{\"_typeId\":4,\"_instanceId\":39},{\"_typeId\":4,\"_instanceId\":39},{\"_typeId\":4,\"_instanceId\":39},null,null,null,{\"_typeId\":4,\"_instanceId\":65},{\"_typeId\":4,\"_instanceId\":65},{\"_typeId\":4,\"_instanceId\":64},{\"_typeId\":4,\"_instanceId\":64},{\"_typeId\":4,\"_instanceId\":48},{\"_typeId\":4,\"_instanceId\":77},{\"_typeId\":4,\"_instanceId\":48},{\"_typeId\":4,\"_instanceId\":77},null,null,null,null,{\"_typeId\":3,\"_instanceId\":362},{\"_typeId\":3,\"_instanceId\":417},{\"_typeId\":3,\"_instanceId\":418},{\"_typeId\":3,\"_instanceId\":312},{\"_typeId\":3,\"_instanceId\":314},{\"_typeId\":3,\"_instanceId\":271},{\"_typeId\":2,\"_instanceId\":167},{\"_typeId\":3,\"_instanceId\":175},{\"_typeId\":8,\"_instanceId\":42},{\"_typeId\":8,\"_instanceId\":25},{\"_typeId\":2,\"_instanceId\":388},{\"_typeId\":8,\"_instanceId\":141},{\"_typeId\":2,\"_instanceId\":371},{\"_typeId\":2,\"_instanceId\":369},{\"_typeId\":3,\"_instanceId\":153},null,null,null,{\"_typeId\":4,\"_instanceId\":131},{\"_typeId\":3,\"_instanceId\":606},{\"_typeId\":2,\"_instanceId\":162},{\"_typeId\":3,\"_instanceId\":273},{\"_typeId\":3,\"_instanceId\":264},{\"_typeId\":4,\"_instanceId\":74},{\"_typeId\":2,\"_instanceId\":162},null,null,null,null,null,null,null,null,{\"_typeId\":2,\"_instanceId\":479},null,null,null,null,null,null,{\"_typeId\":3,\"_instanceId\":984},null,{\"_typeId\":2,\"_instanceId\":644},null,null,null,null,null,null,null,{\"_typeId\":2,\"_instanceId\":533},{\"_typeId\":2,\"_instanceId\":530},{\"_typeId\":3,\"_instanceId\":847},{\"_typeId\":2,\"_instanceId\":248},{\"_typeId\":2,\"_instanceId\":470},null,null,null,null,null,null,null,{\"_typeId\":2,\"_instanceId\":824},{\"_typeId\":3,\"_instanceId\":1207},null,{\"_typeId\":5,\"_instanceId\":80},null,null,null,null,null,null,{\"_typeId\":2,\"_instanceId\":756},{\"_typeId\":2,\"_instanceId\":888},{\"_typeId\":3,\"_instanceId\":1335},null,{\"_typeId\":2,\"_instanceId\":888},null,null,{\"_typeId\":3,\"_instanceId\":1121},{\"_typeId\":2,\"_instanceId\":743},{\"_typeId\":2,\"_instanceId\":487},null,null,null,{\"_typeId\":2,\"_instanceId\":952},{\"_typeId\":2,\"_instanceId\":889},{\"_typeId\":2,\"_instanceId\":906},{\"_typeId\":2,\"_instanceId\":945},{\"_typeId\":2,\"_instanceId\":756},null,{\"_typeId\":2,\"_instanceId\":976},{\"_typeId\":2,\"_instanceId\":961},null,null,null,{\"_typeId\":4,\"_instanceId\":224},{\"_typeId\":4,\"_instanceId\":219},{\"_typeId\":4,\"_instanceId\":217},{\"_typeId\":4,\"_instanceId\":208},{\"_typeId\":4,\"_instanceId\":206},{\"_typeId\":4,\"_instanceId\":349},{\"_typeId\":2,\"_instanceId\":990},{\"_typeId\":3,\"_instanceId\":1427},null,{\"_typeId\":8,\"_instanceId\":209},{\"_typeId\":3,\"_instanceId\":418},{\"_typeId\":2,\"_instanceId\":477},null,null,null,{\"_typeId\":3,\"_instanceId\":507},{\"_typeId\":3,\"_instanceId\":505},{\"_typeId\":3,\"_instanceId\":504},{\"_typeId\":3,\"_instanceId\":735},{\"_typeId\":3,\"_instanceId\":184},{\"_typeId\":4,\"_instanceId\":57},{\"_typeId\":8,\"_instanceId\":71},{\"_typeId\":8,\"_instanceId\":67},{\"_typeId\":3,\"_instanceId\":311},{\"_typeId\":3,\"_instanceId\":311},{\"_typeId\":18,\"_instanceId\":146},{\"_typeId\":2,\"_instanceId\":744},{\"_typeId\":3,\"_instanceId\":626},{\"_typeId\":3,\"_instanceId\":626},{\"_typeId\":4,\"_instanceId\":228},{\"_typeId\":4,\"_instanceId\":230},{\"_typeId\":4,\"_instanceId\":229},{\"_typeId\":4,\"_instanceId\":261},{\"_typeId\":3,\"_instanceId\":736},{\"_typeId\":3,\"_instanceId\":515},{\"_typeId\":3,\"_instanceId\":514},{\"_typeId\":3,\"_instanceId\":465},{\"_typeId\":3,\"_instanceId\":542},{\"_typeId\":4,\"_instanceId\":20},{\"_typeId\":4,\"_instanceId\":15},{\"_typeId\":4,\"_instanceId\":36},{\"_typeId\":4,\"_instanceId\":78},{\"_typeId\":4,\"_instanceId\":319},{\"_typeId\":4,\"_instanceId\":323},{\"_typeId\":4,\"_instanceId\":176},{\"_typeId\":4,\"_instanceId\":177},{\"_typeId\":4,\"_instanceId\":124},{\"_typeId\":4,\"_instanceId\":107},{\"_typeId\":4,\"_instanceId\":106},{\"_typeId\":4,\"_instanceId\":153},{\"_typeId\":4,\"_instanceId\":154},{\"_typeId\":3,\"_instanceId\":778},{\"_typeId\":3,\"_instanceId\":841},{\"_typeId\":4,\"_instanceId\":215},{\"_typeId\":4,\"_instanceId\":212},{\"_typeId\":4,\"_instanceId\":212},{\"_typeId\":4,\"_instanceId\":203},{\"_typeId\":4,\"_instanceId\":271},{\"_typeId\":8,\"_instanceId\":234},{\"_typeId\":8,\"_instanceId\":233},{\"_typeId\":5,\"_instanceId\":59},{\"_typeId\":4,\"_instanceId\":348},{\"_typeId\":8,\"_instanceId\":169},{\"_typeId\":8,\"_instanceId\":166},{\"_typeId\":8,\"_instanceId\":107},{\"_typeId\":5,\"_instanceId\":24},{\"_typeId\":3,\"_instanceId\":540},null,{\"_typeId\":3,\"_instanceId\":540},{\"_typeId\":3,\"_instanceId\":454},{\"_typeId\":2,\"_instanceId\":318},null,null,null,null,null,{\"_typeId\":4,\"_instanceId\":353},{\"_typeId\":4,\"_instanceId\":259},{\"_typeId\":4,\"_instanceId\":259},{\"_typeId\":4,\"_instanceId\":347},{\"_typeId\":4,\"_instanceId\":347},{\"_typeId\":3,\"_instanceId\":1434},{\"_typeId\":3,\"_instanceId\":1434},{\"_typeId\":4,\"_instanceId\":144},{\"_typeId\":3,\"_instanceId\":768},{\"_typeId\":3,\"_instanceId\":868},{\"_typeId\":3,\"_instanceId\":813},{\"_typeId\":3,\"_instanceId\":748},{\"_typeId\":3,\"_instanceId\":404},{\"_typeId\":3,\"_instanceId\":201},{\"_typeId\":8,\"_instanceId\":2},{\"_typeId\":8,\"_instanceId\":45},null,null,null,null,null,null,null,null,{\"_typeId\":3,\"_instanceId\":446},{\"_typeId\":3,\"_instanceId\":447},{\"_typeId\":2,\"_instanceId\":172},{\"_typeId\":3,\"_instanceId\":1439},{\"_typeId\":4,\"_instanceId\":196},{\"_typeId\":2,\"_instanceId\":141},{\"_typeId\":2,\"_instanceId\":160},{\"_typeId\":2,\"_instanceId\":505},{\"_typeId\":2,\"_instanceId\":128},{\"_typeId\":2,\"_instanceId\":993},{\"_typeId\":2,\"_instanceId\":993},null,null,null,null,null,null,null,null,null,{\"_typeId\":2,\"_instanceId\":993},null,null,null,null,null,null,null,null,null,null,null,null,null,null,null,null,null,null,null,null,null,null,null,null,null,{\"_typeId\":4,\"_instanceId\":358},null,null,null,null,null,null,null,null,null,null]}"}}