{"Version":"0.0.0","Data":{"GardenPlotManager":"{\"_gardenPlotsData\":[{\"SeedId\":-1,\"GrowTimeSecondsRemaining\":0.0},{\"SeedId\":602,\"GrowTimeSecondsRemaining\":-78729.55},{\"SeedId\":602,\"GrowTimeSecondsRemaining\":-78729.66},{\"SeedId\":602,\"GrowTimeSecondsRemaining\":-78729.47},{\"SeedId\":602,\"GrowTimeSecondsRemaining\":-78729.14},{\"SeedId\":599,\"GrowTimeSecondsRemaining\":-39362.8242},{\"SeedId\":599,\"GrowTimeSecondsRemaining\":-39362.4648},{\"SeedId\":599,\"GrowTimeSecondsRemaining\":-39362.6875},{\"SeedId\":599,\"GrowTimeSecondsRemaining\":-39362.55},{\"SeedId\":604,\"GrowTimeSecondsRemaining\":-82397.125},{\"SeedId\":604,\"GrowTimeSecondsRemaining\":-82250.9},{\"SeedId\":604,\"GrowTimeSecondsRemaining\":-82098.19},{\"SeedId\":604,\"GrowTimeSecondsRemaining\":-39606.0977},{\"SeedId\":605,\"GrowTimeSecondsRemaining\":-79839.06},{\"SeedId\":605,\"GrowTimeSecondsRemaining\":-83380.72},{\"SeedId\":-1,\"GrowTimeSecondsRemaining\":0.0},{\"SeedId\":-1,\"GrowTimeSecondsRemaining\":0.0},{\"SeedId\":-1,\"GrowTimeSecondsRemaining\":0.0},{\"SeedId\":-1,\"GrowTimeSecondsRemaining\":0.0},{\"SeedId\":604,\"GrowTimeSecondsRemaining\":-82021.62},{\"SeedId\":604,\"GrowTimeSecondsRemaining\":-81882.63},{\"SeedId\":605,\"GrowTimeSecondsRemaining\":-76460.83},{\"SeedId\":605,\"GrowTimeSecondsRemaining\":-76312.42}]}"}}