{"Version":"0.0.0","Data":{"PlayerState":"{\"_entries\":[{\"Name\":\"seenFirstTimeEquip_00000381\",\"SettingType\":0,\"Version\":0,\"BoolValue\":true,\"IntValue\":0,\"FloatValue\":0.0,\"StringValue\":\"\",\"Protected\":false,\"FloatArrayValue\":[],\"IsSet\":false},{\"Name\":\"GotTutorialTarp\",\"SettingType\":0,\"Version\":0,\"BoolValue\":true,\"IntValue\":0,\"FloatValue\":0.0,\"StringValue\":\"\",\"Protected\":false,\"FloatArrayValue\":[],\"IsSet\":false},{\"Name\":\"seenFirstTimeEquip_00000476\",\"SettingType\":0,\"Version\":0,\"BoolValue\":true,\"IntValue\":0,\"FloatValue\":0.0,\"StringValue\":\"\",\"Protected\":false,\"FloatArrayValue\":[],\"IsSet\":false},{\"Name\":\"isNewItemInInventory_00000393\",\"SettingType\":0,\"Version\":0,\"BoolValue\":false,\"IntValue\":0,\"FloatValue\":0.0,\"StringValue\":\"\",\"Protected\":false,\"FloatArrayValue\":[],\"IsSet\":false},{\"Name\":\"isNewItemInInventory_00000380\",\"SettingType\":0,\"Version\":0,\"BoolValue\":false,\"IntValue\":0,\"FloatValue\":0.0,\"StringValue\":\"\",\"Protected\":false,\"FloatArrayValue\":[],\"IsSet\":false},{\"Name\":\"isNewItemInInventory_00000483\",\"SettingType\":0,\"Version\":0,\"BoolValue\":false,\"IntValue\":0,\"FloatValue\":0.0,\"StringValue\":\"\",\"Protected\":false,\"FloatArrayValue\":[],\"IsSet\":false},{\"Name\":\"ShowMissingTacticalsTutorial\",\"SettingType\":0,\"Version\":0,\"BoolValue\":false,\"IntValue\":0,\"FloatValue\":0.0,\"StringValue\":\"\",\"Protected\":false,\"FloatArrayValue\":[],\"IsSet\":false},{\"Name\":\"seenFirstTimeEquip_00000393\",\"SettingType\":0,\"Version\":0,\"BoolValue\":true,\"IntValue\":0,\"FloatValue\":0.0,\"StringValue\":\"\",\"Protected\":false,\"FloatArrayValue\":[],\"IsSet\":false},{\"Name\":\"isNewCraftingRecipeTutorial_CraftedSpearRecipe\",\"SettingType\":0,\"Version\":0,\"BoolValue\":false,\"IntValue\":0,\"FloatValue\":0.0,\"StringValue\":\"\",\"Protected\":false,\"FloatArrayValue\":[],\"IsSet\":false},{\"Name\":\"isNewItemInInventory_00000486\",\"SettingType\":0,\"Version\":0,\"BoolValue\":false,\"IntValue\":0,\"FloatValue\":0.0,\"StringValue\":\"\",\"Protected\":false,\"FloatArrayValue\":[],\"IsSet\":false},{\"Name\":\"isNewItemInInventory_00000410\",\"SettingType\":0,\"Version\":0,\"BoolValue\":false,\"IntValue\":0,\"FloatValue\":0.0,\"StringValue\":\"\",\"Protected\":false,\"FloatArrayValue\":[],\"IsSet\":false},{\"Name\":\"isNewItemInInventory_00000416\",\"SettingType\":0,\"Version\":0,\"BoolValue\":false,\"IntValue\":0,\"FloatValue\":0.0,\"StringValue\":\"\",\"Protected\":false,\"FloatArrayValue\":[],\"IsSet\":false},{\"Name\":\"isNewItemInInventory_00000392\",\"SettingType\":0,\"Version\":0,\"BoolValue\":false,\"IntValue\":0,\"FloatValue\":0.0,\"StringValue\":\"\",\"Protected\":false,\"FloatArrayValue\":[],\"IsSet\":false},{\"Name\":\"crafted.00000379\",\"SettingType\":1,\"Version\":0,\"BoolValue\":false,\"IntValue\":1,\"FloatValue\":0.0,\"StringValue\":\"\",\"Protected\":false,\"FloatArrayValue\":[],\"IsSet\":false},{\"Name\":\"crafted.00000412\",\"SettingType\":1,\"Version\":0,\"BoolValue\":false,\"IntValue\":1,\"FloatValue\":0.0,\"StringValue\":\"\",\"Protected\":false,\"FloatArrayValue\":[],\"IsSet\":false},{\"Name\":\"crafted.00000413\",\"SettingType\":1,\"Version\":0,\"BoolValue\":false,\"IntValue\":1,\"FloatValue\":0.0,\"StringValue\":\"\",\"Protected\":false,\"FloatArrayValue\":[],\"IsSet\":false},{\"Name\":\"crafted.00000589\",\"SettingType\":1,\"Version\":0,\"BoolValue\":false,\"IntValue\":1,\"FloatValue\":0.0,\"StringValue\":\"\",\"Protected\":false,\"FloatArrayValue\":[],\"IsSet\":false},{\"Name\":\"isNewCraftingRecipe_StartingEmergencyPackRecipe\",\"SettingType\":0,\"Version\":0,\"BoolValue\":false,\"IntValue\":0,\"FloatValue\":0.0,\"StringValue\":\"\",\"Protected\":false,\"FloatArrayValue\":[],\"IsSet\":false},{\"Name\":\"seenFirstTimeEquip_00000379\",\"SettingType\":0,\"Version\":0,\"BoolValue\":true,\"IntValue\":0,\"FloatValue\":0.0,\"StringValue\":\"\",\"Protected\":false,\"FloatArrayValue\":[],\"IsSet\":false},{\"Name\":\"isNewItemInInventory_00000419\",\"SettingType\":0,\"Version\":0,\"BoolValue\":false,\"IntValue\":0,\"FloatValue\":0.0,\"StringValue\":\"\",\"Protected\":false,\"FloatArrayValue\":[],\"IsSet\":false},{\"Name\":\"crafted.00000474\",\"SettingType\":1,\"Version\":0,\"BoolValue\":false,\"IntValue\":1,\"FloatValue\":0.0,\"StringValue\":\"\",\"Protected\":false,\"FloatArrayValue\":[],\"IsSet\":false},{\"Name\":\"isNewCraftingRecipe_CraftedSpearRecipe\",\"SettingType\":0,\"Version\":0,\"BoolValue\":false,\"IntValue\":0,\"FloatValue\":0.0,\"StringValue\":\"\",\"Protected\":false,\"FloatArrayValue\":[],\"IsSet\":false},{\"Name\":\"seenFirstTimeEquip_00000474\",\"SettingType\":0,\"Version\":0,\"BoolValue\":true,\"IntValue\":0,\"FloatValue\":0.0,\"StringValue\":\"\",\"Protected\":false,\"FloatArrayValue\":[],\"IsSet\":false},{\"Name\":\"InventoryLightsActive\",\"SettingType\":0,\"Version\":0,\"BoolValue\":false,\"IntValue\":0,\"FloatValue\":0.0,\"StringValue\":\"\",\"Protected\":false,\"FloatArrayValue\":[],\"IsSet\":false},{\"Name\":\"seenFirstTimeEquip_00000412\",\"SettingType\":0,\"Version\":0,\"BoolValue\":true,\"IntValue\":0,\"FloatValue\":0.0,\"StringValue\":\"\",\"Protected\":false,\"FloatArrayValue\":[],\"IsSet\":false},{\"Name\":\"seenFirstTimeEquip_00000392\",\"SettingType\":0,\"Version\":0,\"BoolValue\":true,\"IntValue\":0,\"FloatValue\":0.0,\"StringValue\":\"\",\"Protected\":false,\"FloatArrayValue\":[],\"IsSet\":false},{\"Name\":\"isNewItemInInventory_00000474\",\"SettingType\":0,\"Version\":0,\"BoolValue\":false,\"IntValue\":0,\"FloatValue\":0.0,\"StringValue\":\"\",\"Protected\":false,\"FloatArrayValue\":[],\"IsSet\":false},{\"Name\":\"seenFirstTimeEquip_00000589\",\"SettingType\":0,\"Version\":0,\"BoolValue\":true,\"IntValue\":0,\"FloatValue\":0.0,\"StringValue\":\"\",\"Protected\":false,\"FloatArrayValue\":[],\"IsSet\":false},{\"Name\":\"seenFirstTimeEquip_00000413\",\"SettingType\":0,\"Version\":0,\"BoolValue\":true,\"IntValue\":0,\"FloatValue\":0.0,\"StringValue\":\"\",\"Protected\":false,\"FloatArrayValue\":[],\"IsSet\":false},{\"Name\":\"crafted.00000426\",\"SettingType\":1,\"Version\":0,\"BoolValue\":false,\"IntValue\":3,\"FloatValue\":0.0,\"StringValue\":\"\",\"Protected\":false,\"FloatArrayValue\":[],\"IsSet\":false},{\"Name\":\"crafted.00000391\",\"SettingType\":1,\"Version\":0,\"BoolValue\":false,\"IntValue\":2,\"FloatValue\":0.0,\"StringValue\":\"\",\"Protected\":false,\"FloatArrayValue\":[],\"IsSet\":false},{\"Name\":\"crafted.00000560\",\"SettingType\":1,\"Version\":0,\"BoolValue\":false,\"IntValue\":20,\"FloatValue\":0.0,\"StringValue\":\"\",\"Protected\":false,\"FloatArrayValue\":[],\"IsSet\":false},{\"Name\":\"crafted.00000618\",\"SettingType\":1,\"Version\":0,\"BoolValue\":false,\"IntValue\":80,\"FloatValue\":0.0,\"StringValue\":\"\",\"Protected\":false,\"FloatArrayValue\":[],\"IsSet\":false},{\"Name\":\"isNewItemInInventory_00000418\",\"SettingType\":0,\"Version\":0,\"BoolValue\":false,\"IntValue\":0,\"FloatValue\":0.0,\"StringValue\":\"\",\"Protected\":false,\"FloatArrayValue\":[],\"IsSet\":false},{\"Name\":\"isNewItemInInventory_00000476\",\"SettingType\":0,\"Version\":0,\"BoolValue\":false,\"IntValue\":0,\"FloatValue\":0.0,\"StringValue\":\"\",\"Protected\":false,\"FloatArrayValue\":[],\"IsSet\":false},{\"Name\":\"isNewItemInInventory_00000379\",\"SettingType\":0,\"Version\":0,\"BoolValue\":false,\"IntValue\":0,\"FloatValue\":0.0,\"StringValue\":\"\",\"Protected\":false,\"FloatArrayValue\":[],\"IsSet\":false},{\"Name\":\"isNewItemInInventory_00000589\",\"SettingType\":0,\"Version\":0,\"BoolValue\":false,\"IntValue\":0,\"FloatValue\":0.0,\"StringValue\":\"\",\"Protected\":false,\"FloatArrayValue\":[],\"IsSet\":false},{\"Name\":\"isNewItemInInventory_00000426\",\"SettingType\":0,\"Version\":0,\"BoolValue\":false,\"IntValue\":0,\"FloatValue\":0.0,\"StringValue\":\"\",\"Protected\":false,\"FloatArrayValue\":[],\"IsSet\":false},{\"Name\":\"isNewItemInInventory_00000437\",\"SettingType\":0,\"Version\":0,\"BoolValue\":false,\"IntValue\":0,\"FloatValue\":0.0,\"StringValue\":\"\",\"Protected\":false,\"FloatArrayValue\":[],\"IsSet\":false},{\"Name\":\"consumed.00000437\",\"SettingType\":1,\"Version\":0,\"BoolValue\":false,\"IntValue\":39,\"FloatValue\":0.0,\"StringValue\":\"\",\"Protected\":false,\"FloatArrayValue\":[],\"IsSet\":false},{\"Name\":\"isNewItemInInventory_00000433\",\"SettingType\":0,\"Version\":0,\"BoolValue\":false,\"IntValue\":0,\"FloatValue\":0.0,\"StringValue\":\"\",\"Protected\":false,\"FloatArrayValue\":[],\"IsSet\":false},{\"Name\":\"consumed.00000433\",\"SettingType\":1,\"Version\":0,\"BoolValue\":false,\"IntValue\":129,\"FloatValue\":0.0,\"StringValue\":\"\",\"Protected\":false,\"FloatArrayValue\":[],\"IsSet\":false},{\"Name\":\"isNewItemInInventory_00000560\",\"SettingType\":0,\"Version\":0,\"BoolValue\":false,\"IntValue\":0,\"FloatValue\":0.0,\"StringValue\":\"\",\"Protected\":false,\"FloatArrayValue\":[],\"IsSet\":false},{\"Name\":\"isNewItemInInventory_00000484\",\"SettingType\":0,\"Version\":0,\"BoolValue\":false,\"IntValue\":0,\"FloatValue\":0.0,\"StringValue\":\"\",\"Protected\":false,\"FloatArrayValue\":[],\"IsSet\":false},{\"Name\":\"isNewItemInInventory_00000400\",\"SettingType\":0,\"Version\":0,\"BoolValue\":false,\"IntValue\":0,\"FloatValue\":0.0,\"StringValue\":\"\",\"Protected\":false,\"FloatArrayValue\":[],\"IsSet\":false},{\"Name\":\"isNewItemInInventory_00000398\",\"SettingType\":0,\"Version\":0,\"BoolValue\":false,\"IntValue\":0,\"FloatValue\":0.0,\"StringValue\":\"\",\"Protected\":false,\"FloatArrayValue\":[],\"IsSet\":false},{\"Name\":\"isNewItemInInventory_00000451\",\"SettingType\":0,\"Version\":0,\"BoolValue\":false,\"IntValue\":0,\"FloatValue\":0.0,\"StringValue\":\"\",\"Protected\":false,\"FloatArrayValue\":[],\"IsSet\":false},{\"Name\":\"isNewItemInInventory_00000446\",\"SettingType\":0,\"Version\":0,\"BoolValue\":false,\"IntValue\":0,\"FloatValue\":0.0,\"StringValue\":\"\",\"Protected\":false,\"FloatArrayValue\":[],\"IsSet\":false},{\"Name\":\"isNewItemInInventory_00000412\",\"SettingType\":0,\"Version\":0,\"BoolValue\":false,\"IntValue\":0,\"FloatValue\":0.0,\"StringValue\":\"\",\"Protected\":false,\"FloatArrayValue\":[],\"IsSet\":false},{\"Name\":\"isNewItemInInventory_00000402\",\"SettingType\":0,\"Version\":0,\"BoolValue\":false,\"IntValue\":0,\"FloatValue\":0.0,\"StringValue\":\"\",\"Protected\":false,\"FloatArrayValue\":[],\"IsSet\":false},{\"Name\":\"isNewItemInInventory_00000527\",\"SettingType\":0,\"Version\":0,\"BoolValue\":false,\"IntValue\":0,\"FloatValue\":0.0,\"StringValue\":\"\",\"Protected\":false,\"FloatArrayValue\":[],\"IsSet\":false},{\"Name\":\"isNewCraftingRecipeTutorial_CraftedArrowsRecipe\",\"SettingType\":0,\"Version\":0,\"BoolValue\":false,\"IntValue\":0,\"FloatValue\":0.0,\"StringValue\":\"\",\"Protected\":false,\"FloatArrayValue\":[],\"IsSet\":false},{\"Name\":\"seenFirstTimeEquip_00000355\",\"SettingType\":0,\"Version\":0,\"BoolValue\":true,\"IntValue\":0,\"FloatValue\":0.0,\"StringValue\":\"\",\"Protected\":false,\"FloatArrayValue\":[],\"IsSet\":false},{\"Name\":\"isNewItemInInventory_00000504\",\"SettingType\":0,\"Version\":0,\"BoolValue\":false,\"IntValue\":0,\"FloatValue\":0.0,\"StringValue\":\"\",\"Protected\":false,\"FloatArrayValue\":[],\"IsSet\":false},{\"Name\":\"isNewCraftingRecipeTutorial_CraftedAxeRecipe\",\"SettingType\":0,\"Version\":0,\"BoolValue\":false,\"IntValue\":0,\"FloatValue\":0.0,\"StringValue\":\"\",\"Protected\":false,\"FloatArrayValue\":[],\"IsSet\":false},{\"Name\":\"isNewCraftingRecipeTutorial_CraftedBowRecipe\",\"SettingType\":0,\"Version\":0,\"BoolValue\":false,\"IntValue\":0,\"FloatValue\":0.0,\"StringValue\":\"\",\"Protected\":false,\"FloatArrayValue\":[],\"IsSet\":false},{\"Name\":\"isNewCraftingRecipeTutorial_ZiplineRopeRecipe\",\"SettingType\":0,\"Version\":0,\"BoolValue\":false,\"IntValue\":0,\"FloatValue\":0.0,\"StringValue\":\"\",\"Protected\":false,\"FloatArrayValue\":[],\"IsSet\":false},{\"Name\":\"isNewItemInInventory_00000403\",\"SettingType\":0,\"Version\":0,\"BoolValue\":false,\"IntValue\":0,\"FloatValue\":0.0,\"StringValue\":\"\",\"Protected\":false,\"FloatArrayValue\":[],\"IsSet\":false},{\"Name\":\"crafted.00000443\",\"SettingType\":1,\"Version\":0,\"BoolValue\":false,\"IntValue\":1,\"FloatValue\":0.0,\"StringValue\":\"\",\"Protected\":false,\"FloatArrayValue\":[],\"IsSet\":false},{\"Name\":\"isNewCraftingRecipe_CraftedBowRecipe\",\"SettingType\":0,\"Version\":0,\"BoolValue\":false,\"IntValue\":0,\"FloatValue\":0.0,\"StringValue\":\"\",\"Protected\":false,\"FloatArrayValue\":[],\"IsSet\":false},{\"Name\":\"isNewItemInInventory_00000420\",\"SettingType\":0,\"Version\":0,\"BoolValue\":false,\"IntValue\":0,\"FloatValue\":0.0,\"StringValue\":\"\",\"Protected\":false,\"FloatArrayValue\":[],\"IsSet\":false},{\"Name\":\"seenFirstTimeEquip_00000443\",\"SettingType\":0,\"Version\":0,\"BoolValue\":true,\"IntValue\":0,\"FloatValue\":0.0,\"StringValue\":\"\",\"Protected\":false,\"FloatArrayValue\":[],\"IsSet\":false},{\"Name\":\"isNewCraftingRecipeTutorial_TimeBombRecipe\",\"SettingType\":0,\"Version\":0,\"BoolValue\":false,\"IntValue\":0,\"FloatValue\":0.0,\"StringValue\":\"\",\"Protected\":false,\"FloatArrayValue\":[],\"IsSet\":false},{\"Name\":\"isNewItemInInventory_00000438\",\"SettingType\":0,\"Version\":0,\"BoolValue\":false,\"IntValue\":0,\"FloatValue\":0.0,\"StringValue\":\"\",\"Protected\":false,\"FloatArrayValue\":[],\"IsSet\":false},{\"Name\":\"isNewItemInInventory_00000443\",\"SettingType\":0,\"Version\":0,\"BoolValue\":false,\"IntValue\":0,\"FloatValue\":0.0,\"StringValue\":\"\",\"Protected\":false,\"FloatArrayValue\":[],\"IsSet\":false},{\"Name\":\"isNewItemInInventory_00000391\",\"SettingType\":0,\"Version\":0,\"BoolValue\":false,\"IntValue\":0,\"FloatValue\":0.0,\"StringValue\":\"\",\"Protected\":false,\"FloatArrayValue\":[],\"IsSet\":false},{\"Name\":\"consumed.00000426\",\"SettingType\":1,\"Version\":0,\"BoolValue\":false,\"IntValue\":89,\"FloatValue\":0.0,\"StringValue\":\"\",\"Protected\":false,\"FloatArrayValue\":[],\"IsSet\":false},{\"Name\":\"hasOwned_00000402\",\"SettingType\":0,\"Version\":0,\"BoolValue\":true,\"IntValue\":0,\"FloatValue\":0.0,\"StringValue\":\"\",\"Protected\":false,\"FloatArrayValue\":[],\"IsSet\":false},{\"Name\":\"isNewItemInInventory_00000479\",\"SettingType\":0,\"Version\":0,\"BoolValue\":false,\"IntValue\":0,\"FloatValue\":0.0,\"StringValue\":\"\",\"Protected\":false,\"FloatArrayValue\":[],\"IsSet\":false},{\"Name\":\"Strength\",\"SettingType\":2,\"Version\":0,\"BoolValue\":false,\"IntValue\":0,\"FloatValue\":78.33517,\"StringValue\":\"\",\"Protected\":false,\"FloatArrayValue\":[],\"IsSet\":false},{\"Name\":\"StrengthLevel\",\"SettingType\":1,\"Version\":0,\"BoolValue\":false,\"IntValue\":34,\"FloatValue\":0.0,\"StringValue\":\"\",\"Protected\":false,\"FloatArrayValue\":[],\"IsSet\":false},{\"Name\":\"CurrentStrength\",\"SettingType\":2,\"Version\":0,\"BoolValue\":false,\"IntValue\":0,\"FloatValue\":28081.75,\"StringValue\":\"\",\"Protected\":false,\"FloatArrayValue\":[],\"IsSet\":false},{\"Name\":\"RequiredCurrentStrengthPerLevel\",\"SettingType\":2,\"Version\":0,\"BoolValue\":false,\"IntValue\":0,\"FloatValue\":35848.2031,\"StringValue\":\"\",\"Protected\":false,\"FloatArrayValue\":[],\"IsSet\":false},{\"Name\":\"MaxHealth\",\"SettingType\":2,\"Version\":0,\"BoolValue\":false,\"IntValue\":0,\"FloatValue\":166.0,\"StringValue\":\"\",\"Protected\":false,\"FloatArrayValue\":[],\"IsSet\":false},{\"Name\":\"CurrentHealth\",\"SettingType\":2,\"Version\":0,\"BoolValue\":false,\"IntValue\":0,\"FloatValue\":166.0,\"StringValue\":\"\",\"Protected\":false,\"FloatArrayValue\":[],\"IsSet\":false},{\"Name\":\"TargetHealth\",\"SettingType\":2,\"Version\":0,\"BoolValue\":false,\"IntValue\":0,\"FloatValue\":166.0,\"StringValue\":\"\",\"Protected\":false,\"FloatArrayValue\":[],\"IsSet\":false},{\"Name\":\"Hydration\",\"SettingType\":2,\"Version\":0,\"BoolValue\":false,\"IntValue\":0,\"FloatValue\":58.6756935,\"StringValue\":\"\",\"Protected\":false,\"FloatArrayValue\":[],\"IsSet\":false},{\"Name\":\"Fullness\",\"SettingType\":2,\"Version\":0,\"BoolValue\":false,\"IntValue\":0,\"FloatValue\":84.85214,\"StringValue\":\"\",\"Protected\":false,\"FloatArrayValue\":[],\"IsSet\":false},{\"Name\":\"Rest\",\"SettingType\":2,\"Version\":0,\"BoolValue\":false,\"IntValue\":0,\"FloatValue\":73.9429245,\"StringValue\":\"\",\"Protected\":false,\"FloatArrayValue\":[],\"IsSet\":false},{\"Name\":\"Stamina\",\"SettingType\":2,\"Version\":0,\"BoolValue\":false,\"IntValue\":0,\"FloatValue\":75.70657,\"StringValue\":\"\",\"Protected\":false,\"FloatArrayValue\":[],\"IsSet\":false},{\"Name\":\"HydrationBuff\",\"SettingType\":2,\"Version\":0,\"BoolValue\":false,\"IntValue\":0,\"FloatValue\":-0.396507651,\"StringValue\":\"\",\"Protected\":false,\"FloatArrayValue\":[],\"IsSet\":false},{\"Name\":\"FullnessBuff\",\"SettingType\":2,\"Version\":0,\"BoolValue\":false,\"IntValue\":0,\"FloatValue\":-98.54437,\"StringValue\":\"\",\"Protected\":false,\"FloatArrayValue\":[],\"IsSet\":false},{\"Name\":\"RestBuff\",\"SettingType\":2,\"Version\":0,\"BoolValue\":false,\"IntValue\":0,\"FloatValue\":-6.2584877E-06,\"StringValue\":\"\",\"Protected\":false,\"FloatArrayValue\":[],\"IsSet\":false},{\"Name\":\"player.position\",\"SettingType\":4,\"Version\":0,\"BoolValue\":false,\"IntValue\":0,\"FloatValue\":0.0,\"StringValue\":\"\",\"Protected\":false,\"FloatArrayValue\":[-877.7632,94.81525,796.617432],\"IsSet\":false},{\"Name\":\"player.rotation\",\"SettingType\":4,\"Version\":0,\"BoolValue\":false,\"IntValue\":0,\"FloatValue\":0.0,\"StringValue\":\"\",\"Protected\":false,\"FloatArrayValue\":[1.67638063E-08,0.441431284,0.0,-0.897295058],\"IsSet\":false},{\"Name\":\"player.areaMask\",\"SettingType\":1,\"Version\":0,\"BoolValue\":false,\"IntValue\":0,\"FloatValue\":0.0,\"StringValue\":\"\",\"Protected\":false,\"FloatArrayValue\":[],\"IsSet\":false},{\"Name\":\"crafted.00000428\",\"SettingType\":1,\"Version\":0,\"BoolValue\":false,\"IntValue\":3,\"FloatValue\":0.0,\"StringValue\":\"\",\"Protected\":false,\"FloatArrayValue\":[],\"IsSet\":false},{\"Name\":\"isNewItemInInventory_00000390\",\"SettingType\":0,\"Version\":0,\"BoolValue\":false,\"IntValue\":0,\"FloatValue\":0.0,\"StringValue\":\"\",\"Protected\":false,\"FloatArrayValue\":[],\"IsSet\":false},{\"Name\":\"isNewItemInInventory_00000502\",\"SettingType\":0,\"Version\":0,\"BoolValue\":false,\"IntValue\":0,\"FloatValue\":0.0,\"StringValue\":\"\",\"Protected\":false,\"FloatArrayValue\":[],\"IsSet\":false},{\"Name\":\"isNewItemInInventory_00000439\",\"SettingType\":0,\"Version\":0,\"BoolValue\":false,\"IntValue\":0,\"FloatValue\":0.0,\"StringValue\":\"\",\"Protected\":false,\"FloatArrayValue\":[],\"IsSet\":false},{\"Name\":\"seenFirstTimeEquip_00000380\",\"SettingType\":0,\"Version\":0,\"BoolValue\":true,\"IntValue\":0,\"FloatValue\":0.0,\"StringValue\":\"\",\"Protected\":false,\"FloatArrayValue\":[],\"IsSet\":false},{\"Name\":\"isNewCraftingRecipeTutorial_FlashlightRechargeRecipe\",\"SettingType\":0,\"Version\":0,\"BoolValue\":false,\"IntValue\":0,\"FloatValue\":0.0,\"StringValue\":\"\",\"Protected\":false,\"FloatArrayValue\":[],\"IsSet\":false},{\"Name\":\"isNewCraftingRecipeTutorial_LeafArmourRecipe\",\"SettingType\":0,\"Version\":0,\"BoolValue\":false,\"IntValue\":0,\"FloatValue\":0.0,\"StringValue\":\"\",\"Protected\":false,\"FloatArrayValue\":[],\"IsSet\":false},{\"Name\":\"isNewCraftingRecipeTutorial_MolotovRecipe\",\"SettingType\":0,\"Version\":0,\"BoolValue\":false,\"IntValue\":0,\"FloatValue\":0.0,\"StringValue\":\"\",\"Protected\":false,\"FloatArrayValue\":[],\"IsSet\":false},{\"Name\":\"isNewCraftingRecipeTutorial_TorchRecipe\",\"SettingType\":0,\"Version\":0,\"BoolValue\":false,\"IntValue\":0,\"FloatValue\":0.0,\"StringValue\":\"\",\"Protected\":false,\"FloatArrayValue\":[],\"IsSet\":false},{\"Name\":\"isNewItemInInventory_00000356\",\"SettingType\":0,\"Version\":0,\"BoolValue\":false,\"IntValue\":0,\"FloatValue\":0.0,\"StringValue\":\"\",\"Protected\":false,\"FloatArrayValue\":[],\"IsSet\":false},{\"Name\":\"isNewItemInInventory_00000506\",\"SettingType\":0,\"Version\":0,\"BoolValue\":false,\"IntValue\":0,\"FloatValue\":0.0,\"StringValue\":\"\",\"Protected\":false,\"FloatArrayValue\":[],\"IsSet\":false},{\"Name\":\"crafted.00000507\",\"SettingType\":1,\"Version\":0,\"BoolValue\":false,\"IntValue\":40,\"FloatValue\":0.0,\"StringValue\":\"\",\"Protected\":false,\"FloatArrayValue\":[],\"IsSet\":false},{\"Name\":\"isNewCraftingRecipe_CraftedArrowsRecipe\",\"SettingType\":0,\"Version\":0,\"BoolValue\":false,\"IntValue\":0,\"FloatValue\":0.0,\"StringValue\":\"\",\"Protected\":false,\"FloatArrayValue\":[],\"IsSet\":false},{\"Name\":\"isNewItemInInventory_00000441\",\"SettingType\":0,\"Version\":0,\"BoolValue\":false,\"IntValue\":0,\"FloatValue\":0.0,\"StringValue\":\"\",\"Protected\":false,\"FloatArrayValue\":[],\"IsSet\":false},{\"Name\":\"isNewItemInInventory_00000415\",\"SettingType\":0,\"Version\":0,\"BoolValue\":false,\"IntValue\":0,\"FloatValue\":0.0,\"StringValue\":\"\",\"Protected\":false,\"FloatArrayValue\":[],\"IsSet\":false},{\"Name\":\"seenFirstTimeEquip_00000356\",\"SettingType\":0,\"Version\":0,\"BoolValue\":true,\"IntValue\":0,\"FloatValue\":0.0,\"StringValue\":\"\",\"Protected\":false,\"FloatArrayValue\":[],\"IsSet\":false},{\"Name\":\"isNewItemInInventory_00000440\",\"SettingType\":0,\"Version\":0,\"BoolValue\":false,\"IntValue\":0,\"FloatValue\":0.0,\"StringValue\":\"\",\"Protected\":false,\"FloatArrayValue\":[],\"IsSet\":false},{\"Name\":\"seenFirstTimeEquip_00000440\",\"SettingType\":0,\"Version\":0,\"BoolValue\":true,\"IntValue\":0,\"FloatValue\":0.0,\"StringValue\":\"\",\"Protected\":false,\"FloatArrayValue\":[],\"IsSet\":false},{\"Name\":\"isNewCraftingRecipeTutorial_CraftedClubRecipe\",\"SettingType\":0,\"Version\":0,\"BoolValue\":false,\"IntValue\":0,\"FloatValue\":0.0,\"StringValue\":\"\",\"Protected\":false,\"FloatArrayValue\":[],\"IsSet\":false},{\"Name\":\"isNewItemInInventory_00000471\",\"SettingType\":0,\"Version\":0,\"BoolValue\":false,\"IntValue\":0,\"FloatValue\":0.0,\"StringValue\":\"\",\"Protected\":false,\"FloatArrayValue\":[],\"IsSet\":false},{\"Name\":\"isNewItemInInventory_00000355\",\"SettingType\":0,\"Version\":0,\"BoolValue\":false,\"IntValue\":0,\"FloatValue\":0.0,\"StringValue\":\"\",\"Protected\":false,\"FloatArrayValue\":[],\"IsSet\":false},{\"Name\":\"isNewCraftingRecipeTutorial_BoneArmourRecipe\",\"SettingType\":0,\"Version\":0,\"BoolValue\":false,\"IntValue\":0,\"FloatValue\":0.0,\"StringValue\":\"\",\"Protected\":false,\"FloatArrayValue\":[],\"IsSet\":false},{\"Name\":\"hasOwned_00000444\",\"SettingType\":0,\"Version\":0,\"BoolValue\":true,\"IntValue\":0,\"FloatValue\":0.0,\"StringValue\":\"\",\"Protected\":false,\"FloatArrayValue\":[],\"IsSet\":false},{\"Name\":\"seenFirstTimeEquip_00000444\",\"SettingType\":0,\"Version\":0,\"BoolValue\":true,\"IntValue\":0,\"FloatValue\":0.0,\"StringValue\":\"\",\"Protected\":false,\"FloatArrayValue\":[],\"IsSet\":false},{\"Name\":\"consumed.00000438\",\"SettingType\":1,\"Version\":0,\"BoolValue\":false,\"IntValue\":16,\"FloatValue\":0.0,\"StringValue\":\"\",\"Protected\":false,\"FloatArrayValue\":[],\"IsSet\":false},{\"Name\":\"isNewItemInInventory_00000405\",\"SettingType\":0,\"Version\":0,\"BoolValue\":false,\"IntValue\":0,\"FloatValue\":0.0,\"StringValue\":\"\",\"Protected\":false,\"FloatArrayValue\":[],\"IsSet\":false},{\"Name\":\"isNewItemInInventory_00000480\",\"SettingType\":0,\"Version\":0,\"BoolValue\":false,\"IntValue\":0,\"FloatValue\":0.0,\"StringValue\":\"\",\"Protected\":false,\"FloatArrayValue\":[],\"IsSet\":false},{\"Name\":\"isNewItemInInventory_00000481\",\"SettingType\":0,\"Version\":0,\"BoolValue\":false,\"IntValue\":0,\"FloatValue\":0.0,\"StringValue\":\"\",\"Protected\":false,\"FloatArrayValue\":[],\"IsSet\":false},{\"Name\":\"isNewItemInInventory_00000430\",\"SettingType\":0,\"Version\":0,\"BoolValue\":false,\"IntValue\":0,\"FloatValue\":0.0,\"StringValue\":\"\",\"Protected\":false,\"FloatArrayValue\":[],\"IsSet\":false},{\"Name\":\"isNewItemInInventory_00000414\",\"SettingType\":0,\"Version\":0,\"BoolValue\":false,\"IntValue\":0,\"FloatValue\":0.0,\"StringValue\":\"\",\"Protected\":false,\"FloatArrayValue\":[],\"IsSet\":false},{\"Name\":\"isNewItemInInventory_00000518\",\"SettingType\":0,\"Version\":0,\"BoolValue\":false,\"IntValue\":0,\"FloatValue\":0.0,\"StringValue\":\"\",\"Protected\":false,\"FloatArrayValue\":[],\"IsSet\":false},{\"Name\":\"isNewItemInInventory_00000444\",\"SettingType\":0,\"Version\":0,\"BoolValue\":false,\"IntValue\":0,\"FloatValue\":0.0,\"StringValue\":\"\",\"Protected\":false,\"FloatArrayValue\":[],\"IsSet\":false},{\"Name\":\"hasOwned_00000493\",\"SettingType\":0,\"Version\":0,\"BoolValue\":true,\"IntValue\":0,\"FloatValue\":0.0,\"StringValue\":\"\",\"Protected\":false,\"FloatArrayValue\":[],\"IsSet\":false},{\"Name\":\"isNewItemInInventory_00000376\",\"SettingType\":0,\"Version\":0,\"BoolValue\":false,\"IntValue\":0,\"FloatValue\":0.0,\"StringValue\":\"\",\"Protected\":false,\"FloatArrayValue\":[],\"IsSet\":false},{\"Name\":\"isNewItemInInventory_00000529\",\"SettingType\":0,\"Version\":0,\"BoolValue\":false,\"IntValue\":0,\"FloatValue\":0.0,\"StringValue\":\"\",\"Protected\":false,\"FloatArrayValue\":[],\"IsSet\":false},{\"Name\":\"isNewItemInInventory_00000469\",\"SettingType\":0,\"Version\":0,\"BoolValue\":false,\"IntValue\":0,\"FloatValue\":0.0,\"StringValue\":\"\",\"Protected\":false,\"FloatArrayValue\":[],\"IsSet\":false},{\"Name\":\"isNewItemInInventory_00000495\",\"SettingType\":0,\"Version\":0,\"BoolValue\":false,\"IntValue\":0,\"FloatValue\":0.0,\"StringValue\":\"\",\"Protected\":false,\"FloatArrayValue\":[],\"IsSet\":false},{\"Name\":\"isNewItemInInventory_00000493\",\"SettingType\":0,\"Version\":0,\"BoolValue\":false,\"IntValue\":0,\"FloatValue\":0.0,\"StringValue\":\"\",\"Protected\":false,\"FloatArrayValue\":[],\"IsSet\":false},{\"Name\":\"isNewItemInInventory_00000593\",\"SettingType\":0,\"Version\":0,\"BoolValue\":false,\"IntValue\":0,\"FloatValue\":0.0,\"StringValue\":\"\",\"Protected\":false,\"FloatArrayValue\":[],\"IsSet\":false},{\"Name\":\"isNewItemInInventory_00000436\",\"SettingType\":0,\"Version\":0,\"BoolValue\":false,\"IntValue\":0,\"FloatValue\":0.0,\"StringValue\":\"\",\"Protected\":false,\"FloatArrayValue\":[],\"IsSet\":false},{\"Name\":\"isNewItemInInventory_00000428\",\"SettingType\":0,\"Version\":0,\"BoolValue\":false,\"IntValue\":0,\"FloatValue\":0.0,\"StringValue\":\"\",\"Protected\":false,\"FloatArrayValue\":[],\"IsSet\":false},{\"Name\":\"seenFirstTimeEquip_00000518\",\"SettingType\":0,\"Version\":0,\"BoolValue\":true,\"IntValue\":0,\"FloatValue\":0.0,\"StringValue\":\"\",\"Protected\":false,\"FloatArrayValue\":[],\"IsSet\":false},{\"Name\":\"isNewItemInInventory_00000396\",\"SettingType\":0,\"Version\":0,\"BoolValue\":false,\"IntValue\":0,\"FloatValue\":0.0,\"StringValue\":\"\",\"Protected\":false,\"FloatArrayValue\":[],\"IsSet\":false},{\"Name\":\"isNewItemInInventory_00000362\",\"SettingType\":0,\"Version\":0,\"BoolValue\":false,\"IntValue\":0,\"FloatValue\":0.0,\"StringValue\":\"\",\"Protected\":false,\"FloatArrayValue\":[],\"IsSet\":false},{\"Name\":\"isNewItemInInventory_00000369\",\"SettingType\":0,\"Version\":0,\"BoolValue\":false,\"IntValue\":0,\"FloatValue\":0.0,\"StringValue\":\"\",\"Protected\":false,\"FloatArrayValue\":[],\"IsSet\":false},{\"Name\":\"isNewItemInInventory_00000363\",\"SettingType\":0,\"Version\":0,\"BoolValue\":false,\"IntValue\":0,\"FloatValue\":0.0,\"StringValue\":\"\",\"Protected\":false,\"FloatArrayValue\":[],\"IsSet\":false},{\"Name\":\"isNewItemInInventory_00000381\",\"SettingType\":0,\"Version\":0,\"BoolValue\":false,\"IntValue\":0,\"FloatValue\":0.0,\"StringValue\":\"\",\"Protected\":false,\"FloatArrayValue\":[],\"IsSet\":false},{\"Name\":\"isNewItemInInventory_00000434\",\"SettingType\":0,\"Version\":0,\"BoolValue\":false,\"IntValue\":0,\"FloatValue\":0.0,\"StringValue\":\"\",\"Protected\":false,\"FloatArrayValue\":[],\"IsSet\":false},{\"Name\":\"crafted.00000388\",\"SettingType\":1,\"Version\":0,\"BoolValue\":false,\"IntValue\":28,\"FloatValue\":0.0,\"StringValue\":\"\",\"Protected\":false,\"FloatArrayValue\":[],\"IsSet\":false},{\"Name\":\"isNewCraftingRecipe_MolotovRecipe\",\"SettingType\":0,\"Version\":0,\"BoolValue\":false,\"IntValue\":0,\"FloatValue\":0.0,\"StringValue\":\"\",\"Protected\":false,\"FloatArrayValue\":[],\"IsSet\":false},{\"Name\":\"isNewItemInInventory_00000388\",\"SettingType\":0,\"Version\":0,\"BoolValue\":false,\"IntValue\":0,\"FloatValue\":0.0,\"StringValue\":\"\",\"Protected\":false,\"FloatArrayValue\":[],\"IsSet\":false},{\"Name\":\"seenFirstTimeEquip_00000388\",\"SettingType\":0,\"Version\":0,\"BoolValue\":true,\"IntValue\":0,\"FloatValue\":0.0,\"StringValue\":\"\",\"Protected\":false,\"FloatArrayValue\":[],\"IsSet\":false},{\"Name\":\"isNewItemInInventory_00000413\",\"SettingType\":0,\"Version\":0,\"BoolValue\":false,\"IntValue\":0,\"FloatValue\":0.0,\"StringValue\":\"\",\"Protected\":false,\"FloatArrayValue\":[],\"IsSet\":false},{\"Name\":\"isNewItemInInventory_00000468\",\"SettingType\":0,\"Version\":0,\"BoolValue\":false,\"IntValue\":0,\"FloatValue\":0.0,\"StringValue\":\"\",\"Protected\":false,\"FloatArrayValue\":[],\"IsSet\":false},{\"Name\":\"isNewItemInInventory_00000417\",\"SettingType\":0,\"Version\":0,\"BoolValue\":false,\"IntValue\":0,\"FloatValue\":0.0,\"StringValue\":\"\",\"Protected\":false,\"FloatArrayValue\":[],\"IsSet\":false},{\"Name\":\"isNewItemInInventory_00000522\",\"SettingType\":0,\"Version\":0,\"BoolValue\":false,\"IntValue\":0,\"FloatValue\":0.0,\"StringValue\":\"\",\"Protected\":false,\"FloatArrayValue\":[],\"IsSet\":false},{\"Name\":\"seenFirstTimeEquip_00000522\",\"SettingType\":0,\"Version\":0,\"BoolValue\":true,\"IntValue\":0,\"FloatValue\":0.0,\"StringValue\":\"\",\"Protected\":false,\"FloatArrayValue\":[],\"IsSet\":false},{\"Name\":\"isNewItemInInventory_00000454\",\"SettingType\":0,\"Version\":0,\"BoolValue\":false,\"IntValue\":0,\"FloatValue\":0.0,\"StringValue\":\"\",\"Protected\":false,\"FloatArrayValue\":[],\"IsSet\":false},{\"Name\":\"isNewItemInInventory_00000364\",\"SettingType\":0,\"Version\":0,\"BoolValue\":false,\"IntValue\":0,\"FloatValue\":0.0,\"StringValue\":\"\",\"Protected\":false,\"FloatArrayValue\":[],\"IsSet\":false},{\"Name\":\"isNewItemInInventory_00000353\",\"SettingType\":0,\"Version\":0,\"BoolValue\":false,\"IntValue\":0,\"FloatValue\":0.0,\"StringValue\":\"\",\"Protected\":false,\"FloatArrayValue\":[],\"IsSet\":false},{\"Name\":\"crafted.00000355\",\"SettingType\":1,\"Version\":0,\"BoolValue\":false,\"IntValue\":6,\"FloatValue\":0.0,\"StringValue\":\"\",\"Protected\":false,\"FloatArrayValue\":[],\"IsSet\":false},{\"Name\":\"isNewCraftingRecipe_CompactPistolRailModRecipe\",\"SettingType\":0,\"Version\":0,\"BoolValue\":false,\"IntValue\":0,\"FloatValue\":0.0,\"StringValue\":\"\",\"Protected\":false,\"FloatArrayValue\":[],\"IsSet\":false},{\"Name\":\"isNewItemInInventory_00000618\",\"SettingType\":0,\"Version\":0,\"BoolValue\":false,\"IntValue\":0,\"FloatValue\":0.0,\"StringValue\":\"\",\"Protected\":false,\"FloatArrayValue\":[],\"IsSet\":false},{\"Name\":\"isNewCraftingRecipeTutorial_DeerHideArmourRecipe\",\"SettingType\":0,\"Version\":0,\"BoolValue\":false,\"IntValue\":0,\"FloatValue\":0.0,\"StringValue\":\"\",\"Protected\":false,\"FloatArrayValue\":[],\"IsSet\":false},{\"Name\":\"hasOwned_00000499\",\"SettingType\":0,\"Version\":0,\"BoolValue\":true,\"IntValue\":0,\"FloatValue\":0.0,\"StringValue\":\"\",\"Protected\":false,\"FloatArrayValue\":[],\"IsSet\":false},{\"Name\":\"consumed.00000421\",\"SettingType\":1,\"Version\":0,\"BoolValue\":false,\"IntValue\":6,\"FloatValue\":0.0,\"StringValue\":\"\",\"Protected\":false,\"FloatArrayValue\":[],\"IsSet\":false},{\"Name\":\"seenFirstTimeEquip_00000353\",\"SettingType\":0,\"Version\":0,\"BoolValue\":true,\"IntValue\":0,\"FloatValue\":0.0,\"StringValue\":\"\",\"Protected\":false,\"FloatArrayValue\":[],\"IsSet\":false},{\"Name\":\"isNewItemInInventory_00000496\",\"SettingType\":0,\"Version\":0,\"BoolValue\":false,\"IntValue\":0,\"FloatValue\":0.0,\"StringValue\":\"\",\"Protected\":false,\"FloatArrayValue\":[],\"IsSet\":false},{\"Name\":\"isNewItemInInventory_00000449\",\"SettingType\":0,\"Version\":0,\"BoolValue\":false,\"IntValue\":0,\"FloatValue\":0.0,\"StringValue\":\"\",\"Protected\":false,\"FloatArrayValue\":[],\"IsSet\":false},{\"Name\":\"isNewItemInInventory_00000485\",\"SettingType\":0,\"Version\":0,\"BoolValue\":false,\"IntValue\":0,\"FloatValue\":0.0,\"StringValue\":\"\",\"Protected\":false,\"FloatArrayValue\":[],\"IsSet\":false},{\"Name\":\"hasOwned_00000492\",\"SettingType\":0,\"Version\":0,\"BoolValue\":true,\"IntValue\":0,\"FloatValue\":0.0,\"StringValue\":\"\",\"Protected\":false,\"FloatArrayValue\":[],\"IsSet\":false},{\"Name\":\"isNewItemInInventory_00000499\",\"SettingType\":0,\"Version\":0,\"BoolValue\":false,\"IntValue\":0,\"FloatValue\":0.0,\"StringValue\":\"\",\"Protected\":false,\"FloatArrayValue\":[],\"IsSet\":false},{\"Name\":\"isNewItemInInventory_00000492\",\"SettingType\":0,\"Version\":0,\"BoolValue\":false,\"IntValue\":0,\"FloatValue\":0.0,\"StringValue\":\"\",\"Protected\":false,\"FloatArrayValue\":[],\"IsSet\":false},{\"Name\":\"hasOwned_00000495\",\"SettingType\":0,\"Version\":0,\"BoolValue\":true,\"IntValue\":0,\"FloatValue\":0.0,\"StringValue\":\"\",\"Protected\":false,\"FloatArrayValue\":[],\"IsSet\":false},{\"Name\":\"hasOwned_00000489\",\"SettingType\":0,\"Version\":0,\"BoolValue\":true,\"IntValue\":0,\"FloatValue\":0.0,\"StringValue\":\"\",\"Protected\":false,\"FloatArrayValue\":[],\"IsSet\":false},{\"Name\":\"hasOwned_00000501\",\"SettingType\":0,\"Version\":0,\"BoolValue\":true,\"IntValue\":0,\"FloatValue\":0.0,\"StringValue\":\"\",\"Protected\":false,\"FloatArrayValue\":[],\"IsSet\":false},{\"Name\":\"seenFirstTimeEquip_00000566\",\"SettingType\":0,\"Version\":0,\"BoolValue\":true,\"IntValue\":0,\"FloatValue\":0.0,\"StringValue\":\"\",\"Protected\":false,\"FloatArrayValue\":[],\"IsSet\":false},{\"Name\":\"isNewItemInInventory_00000421\",\"SettingType\":0,\"Version\":0,\"BoolValue\":false,\"IntValue\":0,\"FloatValue\":0.0,\"StringValue\":\"\",\"Protected\":false,\"FloatArrayValue\":[],\"IsSet\":false},{\"Name\":\"isNewItemInInventory_00000378\",\"SettingType\":0,\"Version\":0,\"BoolValue\":false,\"IntValue\":0,\"FloatValue\":0.0,\"StringValue\":\"\",\"Protected\":false,\"FloatArrayValue\":[],\"IsSet\":false},{\"Name\":\"isNewItemInInventory_00000375\",\"SettingType\":0,\"Version\":0,\"BoolValue\":false,\"IntValue\":0,\"FloatValue\":0.0,\"StringValue\":\"\",\"Protected\":false,\"FloatArrayValue\":[],\"IsSet\":false},{\"Name\":\"isNewCraftingRecipe_CompactPistolFlashlightModRecipe\",\"SettingType\":0,\"Version\":0,\"BoolValue\":false,\"IntValue\":0,\"FloatValue\":0.0,\"StringValue\":\"\",\"Protected\":false,\"FloatArrayValue\":[],\"IsSet\":false},{\"Name\":\"isNewCraftingRecipe_CompactPistolLaserSightModRecipe\",\"SettingType\":0,\"Version\":0,\"BoolValue\":false,\"IntValue\":0,\"FloatValue\":0.0,\"StringValue\":\"\",\"Protected\":false,\"FloatArrayValue\":[],\"IsSet\":false},{\"Name\":\"isNewItemInInventory_00000571\",\"SettingType\":0,\"Version\":0,\"BoolValue\":false,\"IntValue\":0,\"FloatValue\":0.0,\"StringValue\":\"\",\"Protected\":false,\"FloatArrayValue\":[],\"IsSet\":false},{\"Name\":\"isNewItemInInventory_00000569\",\"SettingType\":0,\"Version\":0,\"BoolValue\":false,\"IntValue\":0,\"FloatValue\":0.0,\"StringValue\":\"\",\"Protected\":false,\"FloatArrayValue\":[],\"IsSet\":false},{\"Name\":\"isNewItemInInventory_00000570\",\"SettingType\":0,\"Version\":0,\"BoolValue\":false,\"IntValue\":0,\"FloatValue\":0.0,\"StringValue\":\"\",\"Protected\":false,\"FloatArrayValue\":[],\"IsSet\":false},{\"Name\":\"isNewItemInInventory_00000431\",\"SettingType\":0,\"Version\":0,\"BoolValue\":false,\"IntValue\":0,\"FloatValue\":0.0,\"StringValue\":\"\",\"Protected\":false,\"FloatArrayValue\":[],\"IsSet\":false},{\"Name\":\"seenFirstTimeEquip_00000431\",\"SettingType\":0,\"Version\":0,\"BoolValue\":true,\"IntValue\":0,\"FloatValue\":0.0,\"StringValue\":\"\",\"Protected\":false,\"FloatArrayValue\":[],\"IsSet\":false},{\"Name\":\"isNewItemInInventory_00000365\",\"SettingType\":0,\"Version\":0,\"BoolValue\":false,\"IntValue\":0,\"FloatValue\":0.0,\"StringValue\":\"\",\"Protected\":false,\"FloatArrayValue\":[],\"IsSet\":false},{\"Name\":\"seenFirstTimeEquip_00000365\",\"SettingType\":0,\"Version\":0,\"BoolValue\":true,\"IntValue\":0,\"FloatValue\":0.0,\"StringValue\":\"\",\"Protected\":false,\"FloatArrayValue\":[],\"IsSet\":false},{\"Name\":\"seenFirstTimeEquip_00000568\",\"SettingType\":0,\"Version\":0,\"BoolValue\":true,\"IntValue\":0,\"FloatValue\":0.0,\"StringValue\":\"\",\"Protected\":false,\"FloatArrayValue\":[],\"IsSet\":false},{\"Name\":\"hasOwned_00000556\",\"SettingType\":0,\"Version\":0,\"BoolValue\":true,\"IntValue\":0,\"FloatValue\":0.0,\"StringValue\":\"\",\"Protected\":false,\"FloatArrayValue\":[],\"IsSet\":false},{\"Name\":\"isNewItemInInventory_00000425\",\"SettingType\":0,\"Version\":0,\"BoolValue\":false,\"IntValue\":0,\"FloatValue\":0.0,\"StringValue\":\"\",\"Protected\":false,\"FloatArrayValue\":[],\"IsSet\":false},{\"Name\":\"isNewItemInInventory_00000575\",\"SettingType\":0,\"Version\":0,\"BoolValue\":false,\"IntValue\":0,\"FloatValue\":0.0,\"StringValue\":\"\",\"Protected\":false,\"FloatArrayValue\":[],\"IsSet\":false},{\"Name\":\"isNewItemInInventory_00000423\",\"SettingType\":0,\"Version\":0,\"BoolValue\":false,\"IntValue\":0,\"FloatValue\":0.0,\"StringValue\":\"\",\"Protected\":false,\"FloatArrayValue\":[],\"IsSet\":false},{\"Name\":\"consumed.00000439\",\"SettingType\":1,\"Version\":0,\"BoolValue\":false,\"IntValue\":25,\"FloatValue\":0.0,\"StringValue\":\"\",\"Protected\":false,\"FloatArrayValue\":[],\"IsSet\":false},{\"Name\":\"isNewCraftingRecipeTutorial_EnergyMixPlusRecipe\",\"SettingType\":0,\"Version\":0,\"BoolValue\":false,\"IntValue\":0,\"FloatValue\":0.0,\"StringValue\":\"\",\"Protected\":false,\"FloatArrayValue\":[],\"IsSet\":false},{\"Name\":\"isNewCraftingRecipeTutorial_EnergyMixRecipe\",\"SettingType\":0,\"Version\":0,\"BoolValue\":false,\"IntValue\":0,\"FloatValue\":0.0,\"StringValue\":\"\",\"Protected\":false,\"FloatArrayValue\":[],\"IsSet\":false},{\"Name\":\"isNewItemInInventory_00000447\",\"SettingType\":0,\"Version\":0,\"BoolValue\":false,\"IntValue\":0,\"FloatValue\":0.0,\"StringValue\":\"\",\"Protected\":false,\"FloatArrayValue\":[],\"IsSet\":false},{\"Name\":\"crafted.00000523\",\"SettingType\":1,\"Version\":0,\"BoolValue\":false,\"IntValue\":13,\"FloatValue\":0.0,\"StringValue\":\"\",\"Protected\":false,\"FloatArrayValue\":[],\"IsSet\":false},{\"Name\":\"isNewCraftingRecipe_ZiplineRopeRecipe\",\"SettingType\":0,\"Version\":0,\"BoolValue\":false,\"IntValue\":0,\"FloatValue\":0.0,\"StringValue\":\"\",\"Protected\":false,\"FloatArrayValue\":[],\"IsSet\":false},{\"Name\":\"hasOwned_00000491\",\"SettingType\":0,\"Version\":0,\"BoolValue\":true,\"IntValue\":0,\"FloatValue\":0.0,\"StringValue\":\"\",\"Protected\":false,\"FloatArrayValue\":[],\"IsSet\":false},{\"Name\":\"seenFirstTimeEquip_00000391\",\"SettingType\":0,\"Version\":0,\"BoolValue\":true,\"IntValue\":0,\"FloatValue\":0.0,\"StringValue\":\"\",\"Protected\":false,\"FloatArrayValue\":[],\"IsSet\":false},{\"Name\":\"isNewItemInInventory_00000346\",\"SettingType\":0,\"Version\":0,\"BoolValue\":false,\"IntValue\":0,\"FloatValue\":0.0,\"StringValue\":\"\",\"Protected\":false,\"FloatArrayValue\":[],\"IsSet\":false},{\"Name\":\"isNewItemInInventory_00000358\",\"SettingType\":0,\"Version\":0,\"BoolValue\":false,\"IntValue\":0,\"FloatValue\":0.0,\"StringValue\":\"\",\"Protected\":false,\"FloatArrayValue\":[],\"IsSet\":false},{\"Name\":\"crafted.00000358\",\"SettingType\":1,\"Version\":0,\"BoolValue\":false,\"IntValue\":2,\"FloatValue\":0.0,\"StringValue\":\"\",\"Protected\":false,\"FloatArrayValue\":[],\"IsSet\":false},{\"Name\":\"isNewCraftingRecipe_ShotgunRailRecipe\",\"SettingType\":0,\"Version\":0,\"BoolValue\":false,\"IntValue\":0,\"FloatValue\":0.0,\"StringValue\":\"\",\"Protected\":false,\"FloatArrayValue\":[],\"IsSet\":false},{\"Name\":\"seenFirstTimeEquip_00000358\",\"SettingType\":0,\"Version\":0,\"BoolValue\":true,\"IntValue\":0,\"FloatValue\":0.0,\"StringValue\":\"\",\"Protected\":false,\"FloatArrayValue\":[],\"IsSet\":false},{\"Name\":\"crafted.00000417\",\"SettingType\":1,\"Version\":0,\"BoolValue\":false,\"IntValue\":6,\"FloatValue\":0.0,\"StringValue\":\"\",\"Protected\":false,\"FloatArrayValue\":[],\"IsSet\":false},{\"Name\":\"isNewCraftingRecipe_TimeBombRecipe\",\"SettingType\":0,\"Version\":0,\"BoolValue\":false,\"IntValue\":0,\"FloatValue\":0.0,\"StringValue\":\"\",\"Protected\":false,\"FloatArrayValue\":[],\"IsSet\":false},{\"Name\":\"isNewItemInInventory_00000453\",\"SettingType\":0,\"Version\":0,\"BoolValue\":false,\"IntValue\":0,\"FloatValue\":0.0,\"StringValue\":\"\",\"Protected\":false,\"FloatArrayValue\":[],\"IsSet\":false},{\"Name\":\"isNewItemInInventory_00000465\",\"SettingType\":0,\"Version\":0,\"BoolValue\":false,\"IntValue\":0,\"FloatValue\":0.0,\"StringValue\":\"\",\"Protected\":false,\"FloatArrayValue\":[],\"IsSet\":false},{\"Name\":\"isNewItemInInventory_00000462\",\"SettingType\":0,\"Version\":0,\"BoolValue\":false,\"IntValue\":0,\"FloatValue\":0.0,\"StringValue\":\"\",\"Protected\":false,\"FloatArrayValue\":[],\"IsSet\":false},{\"Name\":\"DoneRemoveStructureElementTutorial\",\"SettingType\":0,\"Version\":0,\"BoolValue\":true,\"IntValue\":0,\"FloatValue\":0.0,\"StringValue\":\"\",\"Protected\":false,\"FloatArrayValue\":[],\"IsSet\":false},{\"Name\":\"TutorialBookPageIndex\",\"SettingType\":1,\"Version\":0,\"BoolValue\":false,\"IntValue\":17,\"FloatValue\":0.0,\"StringValue\":\"\",\"Protected\":false,\"FloatArrayValue\":[],\"IsSet\":false},{\"Name\":\"SCREWBookLastUsed\",\"SettingType\":0,\"Version\":0,\"BoolValue\":true,\"IntValue\":0,\"FloatValue\":0.0,\"StringValue\":\"\",\"Protected\":false,\"FloatArrayValue\":[],\"IsSet\":false},{\"Name\":\"consumed.00000571\",\"SettingType\":1,\"Version\":0,\"BoolValue\":false,\"IntValue\":9,\"FloatValue\":0.0,\"StringValue\":\"\",\"Protected\":false,\"FloatArrayValue\":[],\"IsSet\":false},{\"Name\":\"consumed.00000570\",\"SettingType\":1,\"Version\":0,\"BoolValue\":false,\"IntValue\":11,\"FloatValue\":0.0,\"StringValue\":\"\",\"Protected\":false,\"FloatArrayValue\":[],\"IsSet\":false},{\"Name\":\"hasOwned_00000619\",\"SettingType\":0,\"Version\":0,\"BoolValue\":true,\"IntValue\":0,\"FloatValue\":0.0,\"StringValue\":\"\",\"Protected\":false,\"FloatArrayValue\":[],\"IsSet\":false},{\"Name\":\"consumed.00000445\",\"SettingType\":1,\"Version\":0,\"BoolValue\":false,\"IntValue\":77,\"FloatValue\":0.0,\"StringValue\":\"\",\"Protected\":false,\"FloatArrayValue\":[],\"IsSet\":false},{\"Name\":\"consumed.00000441\",\"SettingType\":1,\"Version\":0,\"BoolValue\":false,\"IntValue\":21,\"FloatValue\":0.0,\"StringValue\":\"\",\"Protected\":false,\"FloatArrayValue\":[],\"IsSet\":false},{\"Name\":\"BlueprintBookPageIndex\",\"SettingType\":1,\"Version\":0,\"BoolValue\":false,\"IntValue\":5,\"FloatValue\":0.0,\"StringValue\":\"\",\"Protected\":false,\"FloatArrayValue\":[],\"IsSet\":false},{\"Name\":\"isNewItemInInventory_00000508\",\"SettingType\":0,\"Version\":0,\"BoolValue\":false,\"IntValue\":0,\"FloatValue\":0.0,\"StringValue\":\"\",\"Protected\":false,\"FloatArrayValue\":[],\"IsSet\":false},{\"Name\":\"DoneBuildFireTutorial\",\"SettingType\":0,\"Version\":0,\"BoolValue\":true,\"IntValue\":0,\"FloatValue\":0.0,\"StringValue\":\"\",\"Protected\":false,\"FloatArrayValue\":[],\"IsSet\":false},{\"Name\":\"isNewItemInInventory_00000566\",\"SettingType\":0,\"Version\":0,\"BoolValue\":false,\"IntValue\":0,\"FloatValue\":0.0,\"StringValue\":\"\",\"Protected\":false,\"FloatArrayValue\":[],\"IsSet\":false},{\"Name\":\"isNewItemInInventory_00000568\",\"SettingType\":0,\"Version\":0,\"BoolValue\":false,\"IntValue\":0,\"FloatValue\":0.0,\"StringValue\":\"\",\"Protected\":false,\"FloatArrayValue\":[],\"IsSet\":false},{\"Name\":\"isNewItemInInventory_00000491\",\"SettingType\":0,\"Version\":0,\"BoolValue\":false,\"IntValue\":0,\"FloatValue\":0.0,\"StringValue\":\"\",\"Protected\":false,\"FloatArrayValue\":[],\"IsSet\":false},{\"Name\":\"isNewItemInInventory_00000466\",\"SettingType\":0,\"Version\":0,\"BoolValue\":false,\"IntValue\":0,\"FloatValue\":0.0,\"StringValue\":\"\",\"Protected\":false,\"FloatArrayValue\":[],\"IsSet\":false},{\"Name\":\"isNewItemInInventory_00000340\",\"SettingType\":0,\"Version\":0,\"BoolValue\":false,\"IntValue\":0,\"FloatValue\":0.0,\"StringValue\":\"\",\"Protected\":false,\"FloatArrayValue\":[],\"IsSet\":false},{\"Name\":\"seenFirstTimeEquip_00000340\",\"SettingType\":0,\"Version\":0,\"BoolValue\":true,\"IntValue\":0,\"FloatValue\":0.0,\"StringValue\":\"\",\"Protected\":false,\"FloatArrayValue\":[],\"IsSet\":false},{\"Name\":\"seenFirstTimeEquip_00000567\",\"SettingType\":0,\"Version\":0,\"BoolValue\":true,\"IntValue\":0,\"FloatValue\":0.0,\"StringValue\":\"\",\"Protected\":false,\"FloatArrayValue\":[],\"IsSet\":false},{\"Name\":\"isNewCraftingRecipeTutorial_ChainsawRechargeRecipe\",\"SettingType\":0,\"Version\":0,\"BoolValue\":false,\"IntValue\":0,\"FloatValue\":0.0,\"StringValue\":\"\",\"Protected\":false,\"FloatArrayValue\":[],\"IsSet\":false},{\"Name\":\"consumed.00000425\",\"SettingType\":1,\"Version\":0,\"BoolValue\":false,\"IntValue\":7,\"FloatValue\":0.0,\"StringValue\":\"\",\"Protected\":false,\"FloatArrayValue\":[],\"IsSet\":false},{\"Name\":\"isNewItemInInventory_00000360\",\"SettingType\":0,\"Version\":0,\"BoolValue\":false,\"IntValue\":0,\"FloatValue\":0.0,\"StringValue\":\"\",\"Protected\":false,\"FloatArrayValue\":[],\"IsSet\":false},{\"Name\":\"seenFirstTimeEquip_00000360\",\"SettingType\":0,\"Version\":0,\"BoolValue\":true,\"IntValue\":0,\"FloatValue\":0.0,\"StringValue\":\"\",\"Protected\":false,\"FloatArrayValue\":[],\"IsSet\":false},{\"Name\":\"crafted.00000553\",\"SettingType\":1,\"Version\":0,\"BoolValue\":false,\"IntValue\":38,\"FloatValue\":0.0,\"StringValue\":\"\",\"Protected\":false,\"FloatArrayValue\":[],\"IsSet\":false},{\"Name\":\"isNewCraftingRecipeTutorial_TechArmourRecipe\",\"SettingType\":0,\"Version\":0,\"BoolValue\":false,\"IntValue\":0,\"FloatValue\":0.0,\"StringValue\":\"\",\"Protected\":false,\"FloatArrayValue\":[],\"IsSet\":false},{\"Name\":\"isNewItemInInventory_00000374\",\"SettingType\":0,\"Version\":0,\"BoolValue\":false,\"IntValue\":0,\"FloatValue\":0.0,\"StringValue\":\"\",\"Protected\":false,\"FloatArrayValue\":[],\"IsSet\":false},{\"Name\":\"isNewItemInInventory_00000373\",\"SettingType\":0,\"Version\":0,\"BoolValue\":false,\"IntValue\":0,\"FloatValue\":0.0,\"StringValue\":\"\",\"Protected\":false,\"FloatArrayValue\":[],\"IsSet\":false},{\"Name\":\"isNewItemInInventory_00000553\",\"SettingType\":0,\"Version\":0,\"BoolValue\":false,\"IntValue\":0,\"FloatValue\":0.0,\"StringValue\":\"\",\"Protected\":false,\"FloatArrayValue\":[],\"IsSet\":false},{\"Name\":\"crafted.00000554\",\"SettingType\":1,\"Version\":0,\"BoolValue\":false,\"IntValue\":11,\"FloatValue\":0.0,\"StringValue\":\"\",\"Protected\":false,\"FloatArrayValue\":[],\"IsSet\":false},{\"Name\":\"isNewCraftingRecipe_TechArmourRecipe\",\"SettingType\":0,\"Version\":0,\"BoolValue\":false,\"IntValue\":0,\"FloatValue\":0.0,\"StringValue\":\"\",\"Protected\":false,\"FloatArrayValue\":[],\"IsSet\":false},{\"Name\":\"isNewCraftingRecipe_CompactPistolSilencerModRecipe\",\"SettingType\":0,\"Version\":0,\"BoolValue\":false,\"IntValue\":0,\"FloatValue\":0.0,\"StringValue\":\"\",\"Protected\":false,\"FloatArrayValue\":[],\"IsSet\":false},{\"Name\":\"isNewItemInInventory_00000394\",\"SettingType\":0,\"Version\":0,\"BoolValue\":false,\"IntValue\":0,\"FloatValue\":0.0,\"StringValue\":\"\",\"Protected\":false,\"FloatArrayValue\":[],\"IsSet\":false},{\"Name\":\"isNewItemInInventory_00000524\",\"SettingType\":0,\"Version\":0,\"BoolValue\":false,\"IntValue\":0,\"FloatValue\":0.0,\"StringValue\":\"\",\"Protected\":false,\"FloatArrayValue\":[],\"IsSet\":false},{\"Name\":\"isNewItemInInventory_00000367\",\"SettingType\":0,\"Version\":0,\"BoolValue\":false,\"IntValue\":0,\"FloatValue\":0.0,\"StringValue\":\"\",\"Protected\":false,\"FloatArrayValue\":[],\"IsSet\":false},{\"Name\":\"seenFirstTimeEquip_00000367\",\"SettingType\":0,\"Version\":0,\"BoolValue\":true,\"IntValue\":0,\"FloatValue\":0.0,\"StringValue\":\"\",\"Protected\":false,\"FloatArrayValue\":[],\"IsSet\":false},{\"Name\":\"hasOwned_00000572\",\"SettingType\":0,\"Version\":0,\"BoolValue\":true,\"IntValue\":0,\"FloatValue\":0.0,\"StringValue\":\"\",\"Protected\":false,\"FloatArrayValue\":[],\"IsSet\":false},{\"Name\":\"isNewItemInInventory_00000424\",\"SettingType\":0,\"Version\":0,\"BoolValue\":false,\"IntValue\":0,\"FloatValue\":0.0,\"StringValue\":\"\",\"Protected\":false,\"FloatArrayValue\":[],\"IsSet\":false},{\"Name\":\"isNewItemInInventory_00000467\",\"SettingType\":0,\"Version\":0,\"BoolValue\":false,\"IntValue\":0,\"FloatValue\":0.0,\"StringValue\":\"\",\"Protected\":false,\"FloatArrayValue\":[],\"IsSet\":false},{\"Name\":\"isNewItemInInventory_00000445\",\"SettingType\":0,\"Version\":0,\"BoolValue\":false,\"IntValue\":0,\"FloatValue\":0.0,\"StringValue\":\"\",\"Protected\":false,\"FloatArrayValue\":[],\"IsSet\":false},{\"Name\":\"crafted.00000415\",\"SettingType\":1,\"Version\":0,\"BoolValue\":false,\"IntValue\":14,\"FloatValue\":0.0,\"StringValue\":\"\",\"Protected\":false,\"FloatArrayValue\":[],\"IsSet\":false},{\"Name\":\"crafted.00000441\",\"SettingType\":1,\"Version\":0,\"BoolValue\":false,\"IntValue\":10,\"FloatValue\":0.0,\"StringValue\":\"\",\"Protected\":false,\"FloatArrayValue\":[],\"IsSet\":false},{\"Name\":\"crafted.00000419\",\"SettingType\":1,\"Version\":0,\"BoolValue\":false,\"IntValue\":43,\"FloatValue\":0.0,\"StringValue\":\"\",\"Protected\":false,\"FloatArrayValue\":[],\"IsSet\":false},{\"Name\":\"isNewCraftingRecipe_LootPouchRecipe\",\"SettingType\":0,\"Version\":0,\"BoolValue\":false,\"IntValue\":0,\"FloatValue\":0.0,\"StringValue\":\"\",\"Protected\":false,\"FloatArrayValue\":[],\"IsSet\":false},{\"Name\":\"isNewItemInInventory_00000523\",\"SettingType\":0,\"Version\":0,\"BoolValue\":false,\"IntValue\":0,\"FloatValue\":0.0,\"StringValue\":\"\",\"Protected\":false,\"FloatArrayValue\":[],\"IsSet\":false},{\"Name\":\"seenFirstTimeEquip_00000428\",\"SettingType\":0,\"Version\":0,\"BoolValue\":true,\"IntValue\":0,\"FloatValue\":0.0,\"StringValue\":\"\",\"Protected\":false,\"FloatArrayValue\":[],\"IsSet\":false},{\"Name\":\"isNewItemInInventory_00000435\",\"SettingType\":0,\"Version\":0,\"BoolValue\":false,\"IntValue\":0,\"FloatValue\":0.0,\"StringValue\":\"\",\"Protected\":false,\"FloatArrayValue\":[],\"IsSet\":false},{\"Name\":\"isNewItemInInventory_00000507\",\"SettingType\":0,\"Version\":0,\"BoolValue\":false,\"IntValue\":0,\"FloatValue\":0.0,\"StringValue\":\"\",\"Protected\":false,\"FloatArrayValue\":[],\"IsSet\":false},{\"Name\":\"isNewItemInInventory_00000368\",\"SettingType\":0,\"Version\":0,\"BoolValue\":false,\"IntValue\":0,\"FloatValue\":0.0,\"StringValue\":\"\",\"Protected\":false,\"FloatArrayValue\":[],\"IsSet\":false},{\"Name\":\"isNewItemInInventory_00000472\",\"SettingType\":0,\"Version\":0,\"BoolValue\":false,\"IntValue\":0,\"FloatValue\":0.0,\"StringValue\":\"\",\"Protected\":false,\"FloatArrayValue\":[],\"IsSet\":false},{\"Name\":\"isNewCraftingRecipeTutorial_CatFoodRecipe\",\"SettingType\":0,\"Version\":0,\"BoolValue\":false,\"IntValue\":0,\"FloatValue\":0.0,\"StringValue\":\"\",\"Protected\":false,\"FloatArrayValue\":[],\"IsSet\":false},{\"Name\":\"isNewItemInInventory_00000432\",\"SettingType\":0,\"Version\":0,\"BoolValue\":false,\"IntValue\":0,\"FloatValue\":0.0,\"StringValue\":\"\",\"Protected\":false,\"FloatArrayValue\":[],\"IsSet\":false},{\"Name\":\"crafted.00000464\",\"SettingType\":1,\"Version\":0,\"BoolValue\":false,\"IntValue\":4,\"FloatValue\":0.0,\"StringValue\":\"\",\"Protected\":false,\"FloatArrayValue\":[],\"IsSet\":false},{\"Name\":\"isNewCraftingRecipe_CatFoodRecipe\",\"SettingType\":0,\"Version\":0,\"BoolValue\":false,\"IntValue\":0,\"FloatValue\":0.0,\"StringValue\":\"\",\"Protected\":false,\"FloatArrayValue\":[],\"IsSet\":false},{\"Name\":\"consumed.00000464\",\"SettingType\":1,\"Version\":0,\"BoolValue\":false,\"IntValue\":4,\"FloatValue\":0.0,\"StringValue\":\"\",\"Protected\":false,\"FloatArrayValue\":[],\"IsSet\":false},{\"Name\":\"isNewItemInInventory_00000572\",\"SettingType\":0,\"Version\":0,\"BoolValue\":false,\"IntValue\":0,\"FloatValue\":0.0,\"StringValue\":\"\",\"Protected\":false,\"FloatArrayValue\":[],\"IsSet\":false},{\"Name\":\"HasBeenTiredBefore\",\"SettingType\":0,\"Version\":0,\"BoolValue\":true,\"IntValue\":0,\"FloatValue\":0.0,\"StringValue\":\"\",\"Protected\":false,\"FloatArrayValue\":[],\"IsSet\":false},{\"Name\":\"isNewItemInInventory_00000567\",\"SettingType\":0,\"Version\":0,\"BoolValue\":false,\"IntValue\":0,\"FloatValue\":0.0,\"StringValue\":\"\",\"Protected\":false,\"FloatArrayValue\":[],\"IsSet\":false},{\"Name\":\"consumed.00000480\",\"SettingType\":1,\"Version\":0,\"BoolValue\":false,\"IntValue\":2,\"FloatValue\":0.0,\"StringValue\":\"\",\"Protected\":false,\"FloatArrayValue\":[],\"IsSet\":false},{\"Name\":\"consumed.00000466\",\"SettingType\":1,\"Version\":0,\"BoolValue\":false,\"IntValue\":9,\"FloatValue\":0.0,\"StringValue\":\"\",\"Protected\":false,\"FloatArrayValue\":[],\"IsSet\":false},{\"Name\":\"isNewItemInInventory_00000595\",\"SettingType\":0,\"Version\":0,\"BoolValue\":false,\"IntValue\":0,\"FloatValue\":0.0,\"StringValue\":\"\",\"Protected\":false,\"FloatArrayValue\":[],\"IsSet\":false},{\"Name\":\"isNewItemInInventory_00000386\",\"SettingType\":0,\"Version\":0,\"BoolValue\":false,\"IntValue\":0,\"FloatValue\":0.0,\"StringValue\":\"\",\"Protected\":false,\"FloatArrayValue\":[],\"IsSet\":false},{\"Name\":\"seenFirstTimeEquip_00000386\",\"SettingType\":0,\"Version\":0,\"BoolValue\":true,\"IntValue\":0,\"FloatValue\":0.0,\"StringValue\":\"\",\"Protected\":false,\"FloatArrayValue\":[],\"IsSet\":false},{\"Name\":\"crafted.00000422\",\"SettingType\":1,\"Version\":0,\"BoolValue\":false,\"IntValue\":1,\"FloatValue\":0.0,\"StringValue\":\"\",\"Protected\":false,\"FloatArrayValue\":[],\"IsSet\":false},{\"Name\":\"isNewCraftingRecipe_CraftedAxeRecipe\",\"SettingType\":0,\"Version\":0,\"BoolValue\":false,\"IntValue\":0,\"FloatValue\":0.0,\"StringValue\":\"\",\"Protected\":false,\"FloatArrayValue\":[],\"IsSet\":false},{\"Name\":\"isNewItemInInventory_00000574\",\"SettingType\":0,\"Version\":0,\"BoolValue\":false,\"IntValue\":0,\"FloatValue\":0.0,\"StringValue\":\"\",\"Protected\":false,\"FloatArrayValue\":[],\"IsSet\":false},{\"Name\":\"isNewItemInInventory_00000422\",\"SettingType\":0,\"Version\":0,\"BoolValue\":false,\"IntValue\":0,\"FloatValue\":0.0,\"StringValue\":\"\",\"Protected\":false,\"FloatArrayValue\":[],\"IsSet\":false},{\"Name\":\"isNewItemInInventory_00000599\",\"SettingType\":0,\"Version\":0,\"BoolValue\":false,\"IntValue\":0,\"FloatValue\":0.0,\"StringValue\":\"\",\"Protected\":false,\"FloatArrayValue\":[],\"IsSet\":false},{\"Name\":\"isNewItemInInventory_00000397\",\"SettingType\":0,\"Version\":0,\"BoolValue\":false,\"IntValue\":0,\"FloatValue\":0.0,\"StringValue\":\"\",\"Protected\":false,\"FloatArrayValue\":[],\"IsSet\":false},{\"Name\":\"crafted.00000364\",\"SettingType\":1,\"Version\":0,\"BoolValue\":false,\"IntValue\":3,\"FloatValue\":0.0,\"StringValue\":\"\",\"Protected\":false,\"FloatArrayValue\":[],\"IsSet\":false},{\"Name\":\"crafted.00000466\",\"SettingType\":1,\"Version\":0,\"BoolValue\":false,\"IntValue\":15,\"FloatValue\":0.0,\"StringValue\":\"\",\"Protected\":false,\"FloatArrayValue\":[],\"IsSet\":false},{\"Name\":\"crafted.00000502\",\"SettingType\":1,\"Version\":0,\"BoolValue\":false,\"IntValue\":12,\"FloatValue\":0.0,\"StringValue\":\"\",\"Protected\":false,\"FloatArrayValue\":[],\"IsSet\":false},{\"Name\":\"crafted.00000446\",\"SettingType\":1,\"Version\":0,\"BoolValue\":false,\"IntValue\":2,\"FloatValue\":0.0,\"StringValue\":\"\",\"Protected\":false,\"FloatArrayValue\":[],\"IsSet\":false},{\"Name\":\"crafted.00000437\",\"SettingType\":1,\"Version\":0,\"BoolValue\":false,\"IntValue\":16,\"FloatValue\":0.0,\"StringValue\":\"\",\"Protected\":false,\"FloatArrayValue\":[],\"IsSet\":false},{\"Name\":\"crafted.00000418\",\"SettingType\":1,\"Version\":0,\"BoolValue\":false,\"IntValue\":26,\"FloatValue\":0.0,\"StringValue\":\"\",\"Protected\":false,\"FloatArrayValue\":[],\"IsSet\":false},{\"Name\":\"isNewItemInInventory_00000554\",\"SettingType\":0,\"Version\":0,\"BoolValue\":false,\"IntValue\":0,\"FloatValue\":0.0,\"StringValue\":\"\",\"Protected\":false,\"FloatArrayValue\":[],\"IsSet\":false},{\"Name\":\"crafted.00000519\",\"SettingType\":1,\"Version\":0,\"BoolValue\":false,\"IntValue\":24,\"FloatValue\":0.0,\"StringValue\":\"\",\"Protected\":false,\"FloatArrayValue\":[],\"IsSet\":false},{\"Name\":\"isNewCraftingRecipe_DeerHideArmourRecipe\",\"SettingType\":0,\"Version\":0,\"BoolValue\":false,\"IntValue\":0,\"FloatValue\":0.0,\"StringValue\":\"\",\"Protected\":false,\"FloatArrayValue\":[],\"IsSet\":false},{\"Name\":\"isNewItemInInventory_00000519\",\"SettingType\":0,\"Version\":0,\"BoolValue\":false,\"IntValue\":0,\"FloatValue\":0.0,\"StringValue\":\"\",\"Protected\":false,\"FloatArrayValue\":[],\"IsSet\":false},{\"Name\":\"consumed.00000436\",\"SettingType\":1,\"Version\":0,\"BoolValue\":false,\"IntValue\":60,\"FloatValue\":0.0,\"StringValue\":\"\",\"Protected\":false,\"FloatArrayValue\":[],\"IsSet\":false},{\"Name\":\"seenFirstTimeEquip_00000435\",\"SettingType\":0,\"Version\":0,\"BoolValue\":true,\"IntValue\":0,\"FloatValue\":0.0,\"StringValue\":\"\",\"Protected\":false,\"FloatArrayValue\":[],\"IsSet\":false},{\"Name\":\"seenFirstTimeEquip_00000405\",\"SettingType\":0,\"Version\":0,\"BoolValue\":true,\"IntValue\":0,\"FloatValue\":0.0,\"StringValue\":\"\",\"Protected\":false,\"FloatArrayValue\":[],\"IsSet\":false},{\"Name\":\"crafted.00000503\",\"SettingType\":1,\"Version\":0,\"BoolValue\":false,\"IntValue\":1,\"FloatValue\":0.0,\"StringValue\":\"\",\"Protected\":false,\"FloatArrayValue\":[],\"IsSet\":false},{\"Name\":\"isNewCraftingRecipe_TorchRecipe\",\"SettingType\":0,\"Version\":0,\"BoolValue\":false,\"IntValue\":0,\"FloatValue\":0.0,\"StringValue\":\"\",\"Protected\":false,\"FloatArrayValue\":[],\"IsSet\":false},{\"Name\":\"seenFirstTimeEquip_00000503\",\"SettingType\":0,\"Version\":0,\"BoolValue\":true,\"IntValue\":0,\"FloatValue\":0.0,\"StringValue\":\"\",\"Protected\":false,\"FloatArrayValue\":[],\"IsSet\":false},{\"Name\":\"TorchWasLit\",\"SettingType\":0,\"Version\":0,\"BoolValue\":false,\"IntValue\":0,\"FloatValue\":0.0,\"StringValue\":\"\",\"Protected\":false,\"FloatArrayValue\":[],\"IsSet\":false},{\"Name\":\"isNewItemInInventory_00000503\",\"SettingType\":0,\"Version\":0,\"BoolValue\":false,\"IntValue\":0,\"FloatValue\":0.0,\"StringValue\":\"\",\"Protected\":false,\"FloatArrayValue\":[],\"IsSet\":false},{\"Name\":\"crafted.00000410\",\"SettingType\":1,\"Version\":0,\"BoolValue\":false,\"IntValue\":5,\"FloatValue\":0.0,\"StringValue\":\"\",\"Protected\":false,\"FloatArrayValue\":[],\"IsSet\":false},{\"Name\":\"crafted.00000445\",\"SettingType\":1,\"Version\":0,\"BoolValue\":false,\"IntValue\":2,\"FloatValue\":0.0,\"StringValue\":\"\",\"Protected\":false,\"FloatArrayValue\":[],\"IsSet\":false},{\"Name\":\"crafted.00000439\",\"SettingType\":1,\"Version\":0,\"BoolValue\":false,\"IntValue\":5,\"FloatValue\":0.0,\"StringValue\":\"\",\"Protected\":false,\"FloatArrayValue\":[],\"IsSet\":false},{\"Name\":\"consumed.00000465\",\"SettingType\":1,\"Version\":0,\"BoolValue\":false,\"IntValue\":103,\"FloatValue\":0.0,\"StringValue\":\"\",\"Protected\":false,\"FloatArrayValue\":[],\"IsSet\":false},{\"Name\":\"isNewCraftingRecipeTutorial_HealthMixPlusRecipe\",\"SettingType\":0,\"Version\":0,\"BoolValue\":false,\"IntValue\":0,\"FloatValue\":0.0,\"StringValue\":\"\",\"Protected\":false,\"FloatArrayValue\":[],\"IsSet\":false},{\"Name\":\"isNewItemInInventory_00000594\",\"SettingType\":0,\"Version\":0,\"BoolValue\":false,\"IntValue\":0,\"FloatValue\":0.0,\"StringValue\":\"\",\"Protected\":false,\"FloatArrayValue\":[],\"IsSet\":false},{\"Name\":\"isNewItemInInventory_00000450\",\"SettingType\":0,\"Version\":0,\"BoolValue\":false,\"IntValue\":0,\"FloatValue\":0.0,\"StringValue\":\"\",\"Protected\":false,\"FloatArrayValue\":[],\"IsSet\":false},{\"Name\":\"isNewItemInInventory_00000598\",\"SettingType\":0,\"Version\":0,\"BoolValue\":false,\"IntValue\":0,\"FloatValue\":0.0,\"StringValue\":\"\",\"Protected\":false,\"FloatArrayValue\":[],\"IsSet\":false},{\"Name\":\"isNewItemInInventory_00000603\",\"SettingType\":0,\"Version\":0,\"BoolValue\":false,\"IntValue\":0,\"FloatValue\":0.0,\"StringValue\":\"\",\"Protected\":false,\"FloatArrayValue\":[],\"IsSet\":false},{\"Name\":\"isNewItemInInventory_00000605\",\"SettingType\":0,\"Version\":0,\"BoolValue\":false,\"IntValue\":0,\"FloatValue\":0.0,\"StringValue\":\"\",\"Protected\":false,\"FloatArrayValue\":[],\"IsSet\":false},{\"Name\":\"crafted.00000479\",\"SettingType\":1,\"Version\":0,\"BoolValue\":false,\"IntValue\":10,\"FloatValue\":0.0,\"StringValue\":\"\",\"Protected\":false,\"FloatArrayValue\":[],\"IsSet\":false},{\"Name\":\"crafted.00000496\",\"SettingType\":1,\"Version\":0,\"BoolValue\":false,\"IntValue\":10,\"FloatValue\":0.0,\"StringValue\":\"\",\"Protected\":false,\"FloatArrayValue\":[],\"IsSet\":false},{\"Name\":\"crafted.00000363\",\"SettingType\":1,\"Version\":0,\"BoolValue\":false,\"IntValue\":4,\"FloatValue\":0.0,\"StringValue\":\"\",\"Protected\":false,\"FloatArrayValue\":[],\"IsSet\":false},{\"Name\":\"isNewItemInInventory_00000602\",\"SettingType\":0,\"Version\":0,\"BoolValue\":false,\"IntValue\":0,\"FloatValue\":0.0,\"StringValue\":\"\",\"Protected\":false,\"FloatArrayValue\":[],\"IsSet\":false},{\"Name\":\"consumed.00000594\",\"SettingType\":1,\"Version\":0,\"BoolValue\":false,\"IntValue\":97,\"FloatValue\":0.0,\"StringValue\":\"\",\"Protected\":false,\"FloatArrayValue\":[],\"IsSet\":false},{\"Name\":\"isNewItemInInventory_00000482\",\"SettingType\":0,\"Version\":0,\"BoolValue\":false,\"IntValue\":0,\"FloatValue\":0.0,\"StringValue\":\"\",\"Protected\":false,\"FloatArrayValue\":[],\"IsSet\":false},{\"Name\":\"crafted.00000456\",\"SettingType\":1,\"Version\":0,\"BoolValue\":false,\"IntValue\":1,\"FloatValue\":0.0,\"StringValue\":\"\",\"Protected\":false,\"FloatArrayValue\":[],\"IsSet\":false},{\"Name\":\"isNewCraftingRecipe_HealthMixPlusRecipe\",\"SettingType\":0,\"Version\":0,\"BoolValue\":false,\"IntValue\":0,\"FloatValue\":0.0,\"StringValue\":\"\",\"Protected\":false,\"FloatArrayValue\":[],\"IsSet\":false},{\"Name\":\"consumed.00000595\",\"SettingType\":1,\"Version\":0,\"BoolValue\":false,\"IntValue\":13,\"FloatValue\":0.0,\"StringValue\":\"\",\"Protected\":false,\"FloatArrayValue\":[],\"IsSet\":false},{\"Name\":\"isNewItemInInventory_00000359\",\"SettingType\":0,\"Version\":0,\"BoolValue\":false,\"IntValue\":0,\"FloatValue\":0.0,\"StringValue\":\"\",\"Protected\":false,\"FloatArrayValue\":[],\"IsSet\":false},{\"Name\":\"seenFirstTimeEquip_00000359\",\"SettingType\":0,\"Version\":0,\"BoolValue\":true,\"IntValue\":0,\"FloatValue\":0.0,\"StringValue\":\"\",\"Protected\":false,\"FloatArrayValue\":[],\"IsSet\":false},{\"Name\":\"isNewItemInInventory_00000604\",\"SettingType\":0,\"Version\":0,\"BoolValue\":false,\"IntValue\":0,\"FloatValue\":0.0,\"StringValue\":\"\",\"Protected\":false,\"FloatArrayValue\":[],\"IsSet\":false},{\"Name\":\"consumed.00000447\",\"SettingType\":1,\"Version\":0,\"BoolValue\":false,\"IntValue\":59,\"FloatValue\":0.0,\"StringValue\":\"\",\"Protected\":false,\"FloatArrayValue\":[],\"IsSet\":false},{\"Name\":\"isNewCraftingRecipeTutorial_HealthMixRecipe\",\"SettingType\":0,\"Version\":0,\"BoolValue\":false,\"IntValue\":0,\"FloatValue\":0.0,\"StringValue\":\"\",\"Protected\":false,\"FloatArrayValue\":[],\"IsSet\":false},{\"Name\":\"isNewItemInInventory_00000452\",\"SettingType\":0,\"Version\":0,\"BoolValue\":false,\"IntValue\":0,\"FloatValue\":0.0,\"StringValue\":\"\",\"Protected\":false,\"FloatArrayValue\":[],\"IsSet\":false},{\"Name\":\"isNewItemInInventory_00000606\",\"SettingType\":0,\"Version\":0,\"BoolValue\":false,\"IntValue\":0,\"FloatValue\":0.0,\"StringValue\":\"\",\"Protected\":false,\"FloatArrayValue\":[],\"IsSet\":false},{\"Name\":\"isNewItemInInventory_00000597\",\"SettingType\":0,\"Version\":0,\"BoolValue\":false,\"IntValue\":0,\"FloatValue\":0.0,\"StringValue\":\"\",\"Protected\":false,\"FloatArrayValue\":[],\"IsSet\":false},{\"Name\":\"consumed.00000400\",\"SettingType\":1,\"Version\":0,\"BoolValue\":false,\"IntValue\":7,\"FloatValue\":0.0,\"StringValue\":\"\",\"Protected\":false,\"FloatArrayValue\":[],\"IsSet\":false},{\"Name\":\"isNewItemInInventory_00000399\",\"SettingType\":0,\"Version\":0,\"BoolValue\":false,\"IntValue\":0,\"FloatValue\":0.0,\"StringValue\":\"\",\"Protected\":false,\"FloatArrayValue\":[],\"IsSet\":false},{\"Name\":\"crafted.00000494\",\"SettingType\":1,\"Version\":0,\"BoolValue\":false,\"IntValue\":2,\"FloatValue\":0.0,\"StringValue\":\"\",\"Protected\":false,\"FloatArrayValue\":[],\"IsSet\":false},{\"Name\":\"isNewCraftingRecipe_BoneArmourRecipe\",\"SettingType\":0,\"Version\":0,\"BoolValue\":false,\"IntValue\":0,\"FloatValue\":0.0,\"StringValue\":\"\",\"Protected\":false,\"FloatArrayValue\":[],\"IsSet\":false},{\"Name\":\"isNewItemInInventory_00000456\",\"SettingType\":0,\"Version\":0,\"BoolValue\":false,\"IntValue\":0,\"FloatValue\":0.0,\"StringValue\":\"\",\"Protected\":false,\"FloatArrayValue\":[],\"IsSet\":false},{\"Name\":\"consumed.00000454\",\"SettingType\":1,\"Version\":0,\"BoolValue\":false,\"IntValue\":2,\"FloatValue\":0.0,\"StringValue\":\"\",\"Protected\":false,\"FloatArrayValue\":[],\"IsSet\":false},{\"Name\":\"isNewItemInInventory_00000494\",\"SettingType\":0,\"Version\":0,\"BoolValue\":false,\"IntValue\":0,\"FloatValue\":0.0,\"StringValue\":\"\",\"Protected\":false,\"FloatArrayValue\":[],\"IsSet\":false},{\"Name\":\"consumed.00000446\",\"SettingType\":1,\"Version\":0,\"BoolValue\":false,\"IntValue\":4,\"FloatValue\":0.0,\"StringValue\":\"\",\"Protected\":false,\"FloatArrayValue\":[],\"IsSet\":false},{\"Name\":\"crafted.00000447\",\"SettingType\":1,\"Version\":0,\"BoolValue\":false,\"IntValue\":3,\"FloatValue\":0.0,\"StringValue\":\"\",\"Protected\":false,\"FloatArrayValue\":[],\"IsSet\":false},{\"Name\":\"consumed.00000451\",\"SettingType\":1,\"Version\":0,\"BoolValue\":false,\"IntValue\":9,\"FloatValue\":0.0,\"StringValue\":\"\",\"Protected\":false,\"FloatArrayValue\":[],\"IsSet\":false},{\"Name\":\"crafted.00000448\",\"SettingType\":1,\"Version\":0,\"BoolValue\":false,\"IntValue\":2,\"FloatValue\":0.0,\"StringValue\":\"\",\"Protected\":false,\"FloatArrayValue\":[],\"IsSet\":false},{\"Name\":\"seenFirstTimeEquip_00000552\",\"SettingType\":0,\"Version\":0,\"BoolValue\":true,\"IntValue\":0,\"FloatValue\":0.0,\"StringValue\":\"\",\"Protected\":false,\"FloatArrayValue\":[],\"IsSet\":false},{\"Name\":\"seenFirstTimeEquip_00000394\",\"SettingType\":0,\"Version\":0,\"BoolValue\":true,\"IntValue\":0,\"FloatValue\":0.0,\"StringValue\":\"\",\"Protected\":false,\"FloatArrayValue\":[],\"IsSet\":false},{\"Name\":\"consumed.00000456\",\"SettingType\":1,\"Version\":0,\"BoolValue\":false,\"IntValue\":1,\"FloatValue\":0.0,\"StringValue\":\"\",\"Protected\":false,\"FloatArrayValue\":[],\"IsSet\":false},{\"Name\":\"seenFirstTimeEquip_00000480\",\"SettingType\":0,\"Version\":0,\"BoolValue\":true,\"IntValue\":0,\"FloatValue\":0.0,\"StringValue\":\"\",\"Protected\":false,\"FloatArrayValue\":[],\"IsSet\":false},{\"Name\":\"consumed.00000452\",\"SettingType\":1,\"Version\":0,\"BoolValue\":false,\"IntValue\":5,\"FloatValue\":0.0,\"StringValue\":\"\",\"Protected\":false,\"FloatArrayValue\":[],\"IsSet\":false},{\"Name\":\"consumed.00000462\",\"SettingType\":1,\"Version\":0,\"BoolValue\":false,\"IntValue\":1,\"FloatValue\":0.0,\"StringValue\":\"\",\"Protected\":false,\"FloatArrayValue\":[],\"IsSet\":false},{\"Name\":\"crafted.00000461\",\"SettingType\":1,\"Version\":0,\"BoolValue\":false,\"IntValue\":4,\"FloatValue\":0.0,\"StringValue\":\"\",\"Protected\":false,\"FloatArrayValue\":[],\"IsSet\":false},{\"Name\":\"isNewCraftingRecipe_EnergyMixRecipe\",\"SettingType\":0,\"Version\":0,\"BoolValue\":false,\"IntValue\":0,\"FloatValue\":0.0,\"StringValue\":\"\",\"Protected\":false,\"FloatArrayValue\":[],\"IsSet\":false},{\"Name\":\"consumed.00000461\",\"SettingType\":1,\"Version\":0,\"BoolValue\":false,\"IntValue\":3,\"FloatValue\":0.0,\"StringValue\":\"\",\"Protected\":false,\"FloatArrayValue\":[],\"IsSet\":false},{\"Name\":\"isNewItemInInventory_00000461\",\"SettingType\":0,\"Version\":0,\"BoolValue\":false,\"IntValue\":0,\"FloatValue\":0.0,\"StringValue\":\"\",\"Protected\":false,\"FloatArrayValue\":[],\"IsSet\":false},{\"Name\":\"isNewItemInInventory_00000596\",\"SettingType\":0,\"Version\":0,\"BoolValue\":false,\"IntValue\":0,\"FloatValue\":0.0,\"StringValue\":\"\",\"Protected\":false,\"FloatArrayValue\":[],\"IsSet\":false},{\"Name\":\"hasOwned_00000490\",\"SettingType\":0,\"Version\":0,\"BoolValue\":true,\"IntValue\":0,\"FloatValue\":0.0,\"StringValue\":\"\",\"Protected\":false,\"FloatArrayValue\":[],\"IsSet\":false},{\"Name\":\"isNewItemInInventory_00000490\",\"SettingType\":0,\"Version\":0,\"BoolValue\":false,\"IntValue\":0,\"FloatValue\":0.0,\"StringValue\":\"\",\"Protected\":false,\"FloatArrayValue\":[],\"IsSet\":false},{\"Name\":\"consumed.00000397\",\"SettingType\":1,\"Version\":0,\"BoolValue\":false,\"IntValue\":1,\"FloatValue\":0.0,\"StringValue\":\"\",\"Protected\":false,\"FloatArrayValue\":[],\"IsSet\":false},{\"Name\":\"isNewItemInInventory_00000448\",\"SettingType\":0,\"Version\":0,\"BoolValue\":false,\"IntValue\":0,\"FloatValue\":0.0,\"StringValue\":\"\",\"Protected\":false,\"FloatArrayValue\":[],\"IsSet\":false}]}"}}