{"Version":"0.0.0","Data":{"PlayerInventory":"{\"Version\":\"0.0.0\",\"QuickSelect\":{\"Version\":\"0.0.0\",\"Slots\":[{\"ItemId\":367,\"Age\":83.36077},{\"ItemId\":394,\"Age\":83.36077},{\"ItemId\":355,\"Age\":83.36077},{\"ItemId\":426,\"Age\":83.36077},{\"ItemId\":446,\"Age\":83.36077},{\"ItemId\":381,\"Age\":83.36077},{\"ItemId\":476,\"Age\":83.36077},{\"ItemId\":440,\"Age\":83.36077},{\"ItemId\":589,\"Age\":83.36077}]},\"EquippedItems\":[],\"ItemInstanceManagerData\":{\"Version\":\"0.0.0\",\"ItemBlocks\":[{\"ItemId\":402,\"TotalCount\":1,\"UniqueItems\":[{\"Modules\":[{\"ChannelWeights\":{\"x\":0.0,\"y\":0.0,\"z\":0.0,\"w\":0.0},\"Version\":\"0.0.0\",\"ModuleId\":0},{\"AmmoType\":-1,\"CurrentAmmo\":-1,\"WeaponModIds\":[],\"Version\":\"0.0.0\",\"ModuleId\":4}]}]},{\"ItemId\":380,\"TotalCount\":1,\"UniqueItems\":[{\"Modules\":[{\"ChannelWeights\":{\"x\":1.401298E-45,\"y\":1.401298E-45,\"z\":1.401298E-45,\"w\":1.401298E-45},\"Version\":\"0.0.0\",\"ModuleId\":0}]}]},{\"ItemId\":351,\"TotalCount\":1,\"UniqueItems\":[]},{\"ItemId\":552,\"TotalCount\":1,\"UniqueItems\":[]},{\"ItemId\":486,\"TotalCount\":1,\"UniqueItems\":[]},{\"ItemId\":381,\"TotalCount\":9,\"UniqueItems\":[]},{\"ItemId\":420,\"TotalCount\":10,\"UniqueItems\":[]},{\"ItemId\":419,\"TotalCount\":83,\"UniqueItems\":[]},{\"ItemId\":416,\"TotalCount\":8,\"UniqueItems\":[]},{\"ItemId\":476,\"TotalCount\":30,\"UniqueItems\":[]},{\"ItemId\":410,\"TotalCount\":40,\"UniqueItems\":[]},{\"ItemId\":440,\"TotalCount\":8,\"UniqueItems\":[]},{\"ItemId\":393,\"TotalCount\":10,\"UniqueItems\":[{\"Modules\":[{\"ChannelWeights\":{\"x\":0.0,\"y\":0.0,\"z\":0.0,\"w\":0.0},\"Version\":\"0.0.0\",\"ModuleId\":0}]},{\"Modules\":[{\"ChannelWeights\":{\"x\":0.0,\"y\":0.0,\"z\":0.0,\"w\":0.0},\"Version\":\"0.0.0\",\"ModuleId\":0}]},{\"Modules\":[{\"ChannelWeights\":{\"x\":0.0,\"y\":0.0,\"z\":0.0,\"w\":0.0},\"Version\":\"0.0.0\",\"ModuleId\":0}]},{\"Modules\":[{\"ChannelWeights\":{\"x\":0.0,\"y\":0.0,\"z\":0.0,\"w\":0.0},\"Version\":\"0.0.0\",\"ModuleId\":0}]},{\"Modules\":[{\"ChannelWeights\":{\"x\":0.0,\"y\":0.0,\"z\":0.0,\"w\":0.0},\"Version\":\"0.0.0\",\"ModuleId\":0}]},{\"Modules\":[{\"ChannelWeights\":{\"x\":0.0,\"y\":0.0,\"z\":0.0,\"w\":0.0},\"Version\":\"0.0.0\",\"ModuleId\":0}]},{\"Modules\":[{\"ChannelWeights\":{\"x\":0.0,\"y\":0.0,\"z\":0.0,\"w\":0.0},\"Version\":\"0.0.0\",\"ModuleId\":0}]},{\"Modules\":[{\"ChannelWeights\":{\"x\":0.0,\"y\":0.0,\"z\":0.0,\"w\":0.0},\"Version\":\"0.0.0\",\"ModuleId\":0}]},{\"Modules\":[{\"ChannelWeights\":{\"x\":0.0,\"y\":0.0,\"z\":0.0,\"w\":0.0},\"Version\":\"0.0.0\",\"ModuleId\":0}]},{\"Modules\":[{\"ChannelWeights\":{\"x\":0.0,\"y\":0.0,\"z\":0.0,\"w\":0.0},\"Version\":\"0.0.0\",\"ModuleId\":0}]}]},{\"ItemId\":527,\"TotalCount\":5,\"UniqueItems\":[]},{\"ItemId\":398,\"TotalCount\":4,\"UniqueItems\":[]},{\"ItemId\":392,\"TotalCount\":5,\"UniqueItems\":[{\"Modules\":[{\"ChannelWeights\":{\"x\":0.0,\"y\":0.0,\"z\":0.0,\"w\":0.0},\"Version\":\"0.0.0\",\"ModuleId\":0}]},{\"Modules\":[{\"ChannelWeights\":{\"x\":0.0,\"y\":0.0,\"z\":0.0,\"w\":0.0},\"Version\":\"0.0.0\",\"ModuleId\":0}]},{\"Modules\":[{\"ChannelWeights\":{\"x\":0.0,\"y\":0.0,\"z\":0.0,\"w\":0.0},\"Version\":\"0.0.0\",\"ModuleId\":0}]},{\"Modules\":[{\"ChannelWeights\":{\"x\":0.0,\"y\":0.0,\"z\":0.0,\"w\":0.0},\"Version\":\"0.0.0\",\"ModuleId\":0}]},{\"Modules\":[{\"ChannelWeights\":{\"x\":0.0,\"y\":0.0,\"z\":0.0,\"w\":0.0},\"Version\":\"0.0.0\",\"ModuleId\":0}]}]},{\"ItemId\":413,\"TotalCount\":1,\"UniqueItems\":[]},{\"ItemId\":589,\"TotalCount\":1,\"UniqueItems\":[]},{\"ItemId\":484,\"TotalCount\":1000,\"UniqueItems\":[]},{\"ItemId\":474,\"TotalCount\":1,\"UniqueItems\":[{\"Modules\":[{\"ChannelWeights\":{\"x\":0.0,\"y\":0.0,\"z\":0.0,\"w\":0.0},\"Version\":\"0.0.0\",\"ModuleId\":0},{\"AmmoType\":474,\"CurrentAmmo\":1,\"WeaponModIds\":[],\"Version\":\"0.0.0\",\"ModuleId\":4}]}]},{\"ItemId\":446,\"TotalCount\":20,\"UniqueItems\":[]},{\"ItemId\":400,\"TotalCount\":12,\"UniqueItems\":[]},{\"ItemId\":445,\"TotalCount\":20,\"UniqueItems\":[]},{\"ItemId\":418,\"TotalCount\":81,\"UniqueItems\":[]},{\"ItemId\":575,\"TotalCount\":1,\"UniqueItems\":[]},{\"ItemId\":426,\"TotalCount\":1,\"UniqueItems\":[{\"Modules\":[{\"RecipeId\":-1787871881,\"CurrentVolume\":750,\"Version\":\"0.0.0\",\"ModuleId\":7}]}]},{\"ItemId\":391,\"TotalCount\":1,\"UniqueItems\":[]},{\"ItemId\":618,\"TotalCount\":12,\"UniqueItems\":[]},{\"ItemId\":451,\"TotalCount\":19,\"UniqueItems\":[]},{\"ItemId\":447,\"TotalCount\":20,\"UniqueItems\":[]},{\"ItemId\":439,\"TotalCount\":8,\"UniqueItems\":[]},{\"ItemId\":506,\"TotalCount\":1,\"UniqueItems\":[]},{\"ItemId\":479,\"TotalCount\":62,\"UniqueItems\":[]},{\"ItemId\":529,\"TotalCount\":4,\"UniqueItems\":[{\"Modules\":[{\"IconIndex\":7,\"ShowBreadcrumbs\":false,\"Version\":\"0.0.0\",\"ModuleId\":2}]},{\"Modules\":[{\"IconIndex\":7,\"ShowBreadcrumbs\":false,\"Version\":\"0.0.0\",\"ModuleId\":2}]},{\"Modules\":[{\"IconIndex\":0,\"ShowBreadcrumbs\":true,\"Version\":\"0.0.0\",\"ModuleId\":2}]},{\"Modules\":[{\"IconIndex\":0,\"ShowBreadcrumbs\":false,\"Version\":\"0.0.0\",\"ModuleId\":2}]}]},{\"ItemId\":443,\"TotalCount\":1,\"UniqueItems\":[{\"Modules\":[{\"AmmoType\":507,\"CurrentAmmo\":1,\"WeaponModIds\":[],\"Version\":\"0.0.0\",\"ModuleId\":4}]}]},{\"ItemId\":502,\"TotalCount\":136,\"UniqueItems\":[]},{\"ItemId\":412,\"TotalCount\":1,\"UniqueItems\":[]},{\"ItemId\":390,\"TotalCount\":600,\"UniqueItems\":[]},{\"ItemId\":414,\"TotalCount\":5,\"UniqueItems\":[]},{\"ItemId\":415,\"TotalCount\":64,\"UniqueItems\":[]},{\"ItemId\":518,\"TotalCount\":3,\"UniqueItems\":[]},{\"ItemId\":599,\"TotalCount\":12,\"UniqueItems\":[]},{\"ItemId\":356,\"TotalCount\":1,\"UniqueItems\":[{\"Modules\":[{\"ChannelWeights\":{\"x\":1.401298E-45,\"y\":1.401298E-45,\"z\":1.401298E-45,\"w\":1.401298E-45},\"Version\":\"0.0.0\",\"ModuleId\":0}]}]},{\"ItemId\":507,\"TotalCount\":13,\"UniqueItems\":[]},{\"ItemId\":613,\"TotalCount\":1,\"UniqueItems\":[]},{\"ItemId\":469,\"TotalCount\":1,\"UniqueItems\":[]},{\"ItemId\":444,\"TotalCount\":1,\"UniqueItems\":[{\"Modules\":[{\"RecipeId\":-1,\"CurrentVolume\":596,\"Version\":\"0.0.0\",\"ModuleId\":7}]}]},{\"ItemId\":369,\"TotalCount\":9,\"UniqueItems\":[]},{\"ItemId\":353,\"TotalCount\":1,\"UniqueItems\":[{\"Modules\":[{\"AmmoType\":369,\"CurrentAmmo\":0,\"WeaponModIds\":[],\"Version\":\"0.0.0\",\"ModuleId\":4}]}]},{\"ItemId\":493,\"TotalCount\":1,\"UniqueItems\":[]},{\"ItemId\":454,\"TotalCount\":10,\"UniqueItems\":[]},{\"ItemId\":428,\"TotalCount\":1,\"UniqueItems\":[]},{\"ItemId\":396,\"TotalCount\":1,\"UniqueItems\":[{\"Modules\":[{\"RecipeId\":-1,\"CurrentVolume\":100,\"Version\":\"0.0.0\",\"ModuleId\":7},{\"ChannelWeights\":{\"x\":0.0,\"y\":0.0,\"z\":0.0,\"w\":0.0},\"Version\":\"0.0.0\",\"ModuleId\":0}]}]},{\"ItemId\":468,\"TotalCount\":1,\"UniqueItems\":[]},{\"ItemId\":417,\"TotalCount\":1,\"UniqueItems\":[]},{\"ItemId\":388,\"TotalCount\":4,\"UniqueItems\":[]},{\"ItemId\":521,\"TotalCount\":1,\"UniqueItems\":[]},{\"ItemId\":496,\"TotalCount\":1065,\"UniqueItems\":[]},{\"ItemId\":612,\"TotalCount\":1,\"UniqueItems\":[]},{\"ItemId\":522,\"TotalCount\":1,\"UniqueItems\":[{\"Modules\":[{\"AmmoType\":523,\"CurrentAmmo\":1,\"WeaponModIds\":[],\"Version\":\"0.0.0\",\"ModuleId\":4}]}]},{\"ItemId\":364,\"TotalCount\":616,\"UniqueItems\":[]},{\"ItemId\":523,\"TotalCount\":8,\"UniqueItems\":[]},{\"ItemId\":472,\"TotalCount\":10,\"UniqueItems\":[]},{\"ItemId\":453,\"TotalCount\":3,\"UniqueItems\":[]},{\"ItemId\":397,\"TotalCount\":4,\"UniqueItems\":[]},{\"ItemId\":449,\"TotalCount\":2,\"UniqueItems\":[]},{\"ItemId\":499,\"TotalCount\":1,\"UniqueItems\":[]},{\"ItemId\":485,\"TotalCount\":1,\"UniqueItems\":[{\"Modules\":[{\"ChannelWeights\":{\"x\":2.802597E-45,\"y\":2.802597E-45,\"z\":2.802597E-45,\"w\":2.802597E-45},\"Version\":\"0.0.0\",\"ModuleId\":0}]}]},{\"ItemId\":495,\"TotalCount\":1,\"UniqueItems\":[]},{\"ItemId\":423,\"TotalCount\":1,\"UniqueItems\":[]},{\"ItemId\":566,\"TotalCount\":1,\"UniqueItems\":[]},{\"ItemId\":421,\"TotalCount\":2,\"UniqueItems\":[]},{\"ItemId\":538,\"TotalCount\":1,\"UniqueItems\":[]},{\"ItemId\":467,\"TotalCount\":1,\"UniqueItems\":[]},{\"ItemId\":425,\"TotalCount\":3,\"UniqueItems\":[]},{\"ItemId\":542,\"TotalCount\":1,\"UniqueItems\":[]},{\"ItemId\":570,\"TotalCount\":1,\"UniqueItems\":[]},{\"ItemId\":569,\"TotalCount\":4,\"UniqueItems\":[]},{\"ItemId\":571,\"TotalCount\":2,\"UniqueItems\":[]},{\"ItemId\":365,\"TotalCount\":1,\"UniqueItems\":[{\"Modules\":[{\"AmmoType\":368,\"CurrentAmmo\":1,\"WeaponModIds\":[],\"Version\":\"0.0.0\",\"ModuleId\":4}]}]},{\"ItemId\":462,\"TotalCount\":2,\"UniqueItems\":[]},{\"ItemId\":568,\"TotalCount\":1,\"UniqueItems\":[]},{\"ItemId\":544,\"TotalCount\":1,\"UniqueItems\":[]},{\"ItemId\":465,\"TotalCount\":8,\"UniqueItems\":[]},{\"ItemId\":605,\"TotalCount\":12,\"UniqueItems\":[]},{\"ItemId\":379,\"TotalCount\":1,\"UniqueItems\":[{\"Modules\":[{\"ChannelWeights\":{\"x\":2.802597E-45,\"y\":2.802597E-45,\"z\":2.802597E-45,\"w\":2.802597E-45},\"Version\":\"0.0.0\",\"ModuleId\":0}]}]},{\"ItemId\":466,\"TotalCount\":2,\"UniqueItems\":[]},{\"ItemId\":373,\"TotalCount\":10,\"UniqueItems\":[]},{\"ItemId\":560,\"TotalCount\":5,\"UniqueItems\":[]},{\"ItemId\":546,\"TotalCount\":1,\"UniqueItems\":[]},{\"ItemId\":340,\"TotalCount\":1,\"UniqueItems\":[{\"Modules\":[{\"ChannelWeights\":{\"x\":0.0,\"y\":0.0,\"z\":0.0,\"w\":0.0},\"Version\":\"0.0.0\",\"ModuleId\":0}]}]},{\"ItemId\":567,\"TotalCount\":1,\"UniqueItems\":[]},{\"ItemId\":535,\"TotalCount\":1,\"UniqueItems\":[]},{\"ItemId\":543,\"TotalCount\":1,\"UniqueItems\":[]},{\"ItemId\":394,\"TotalCount\":1,\"UniqueItems\":[{\"Modules\":[{\"RecipeId\":-1,\"CurrentVolume\":98,\"Version\":\"0.0.0\",\"ModuleId\":7},{\"ChannelWeights\":{\"x\":2.802597E-44,\"y\":2.802597E-44,\"z\":2.802597E-44,\"w\":2.802597E-44},\"Version\":\"0.0.0\",\"ModuleId\":0}]}]},{\"ItemId\":594,\"TotalCount\":14,\"UniqueItems\":[]},{\"ItemId\":504,\"TotalCount\":5,\"UniqueItems\":[]},{\"ItemId\":553,\"TotalCount\":1,\"UniqueItems\":[]},{\"ItemId\":471,\"TotalCount\":1,\"UniqueItems\":[{\"Modules\":[{\"RecipeId\":-1,\"CurrentVolume\":23,\"Version\":\"0.0.0\",\"ModuleId\":7}]}]},{\"ItemId\":360,\"TotalCount\":1,\"UniqueItems\":[{\"Modules\":[{\"AmmoType\":373,\"CurrentAmmo\":1,\"WeaponModIds\":[],\"Version\":\"0.0.0\",\"ModuleId\":4}]}]},{\"ItemId\":368,\"TotalCount\":6,\"UniqueItems\":[]},{\"ItemId\":554,\"TotalCount\":8,\"UniqueItems\":[]},{\"ItemId\":547,\"TotalCount\":1,\"UniqueItems\":[]},{\"ItemId\":614,\"TotalCount\":1,\"UniqueItems\":[]},{\"ItemId\":524,\"TotalCount\":4,\"UniqueItems\":[]},{\"ItemId\":537,\"TotalCount\":1,\"UniqueItems\":[]},{\"ItemId\":617,\"TotalCount\":1,\"UniqueItems\":[]},{\"ItemId\":435,\"TotalCount\":1,\"UniqueItems\":[]},{\"ItemId\":424,\"TotalCount\":1,\"UniqueItems\":[]},{\"ItemId\":574,\"TotalCount\":1,\"UniqueItems\":[]},{\"ItemId\":540,\"TotalCount\":1,\"UniqueItems\":[]},{\"ItemId\":541,\"TotalCount\":1,\"UniqueItems\":[]},{\"ItemId\":539,\"TotalCount\":1,\"UniqueItems\":[]},{\"ItemId\":548,\"TotalCount\":1,\"UniqueItems\":[]},{\"ItemId\":386,\"TotalCount\":1,\"UniqueItems\":[{\"Modules\":[{\"AmmoType\":362,\"CurrentAmmo\":0,\"WeaponModIds\":[],\"Version\":\"0.0.0\",\"ModuleId\":4}]}]},{\"ItemId\":595,\"TotalCount\":17,\"UniqueItems\":[]},{\"ItemId\":598,\"TotalCount\":12,\"UniqueItems\":[]},{\"ItemId\":432,\"TotalCount\":1,\"UniqueItems\":[]},{\"ItemId\":422,\"TotalCount\":1,\"UniqueItems\":[{\"Modules\":[{\"ChannelWeights\":{\"x\":2.802597E-45,\"y\":2.802597E-45,\"z\":2.802597E-45,\"w\":2.802597E-45},\"Version\":\"0.0.0\",\"ModuleId\":0}]}]},{\"ItemId\":534,\"TotalCount\":1,\"UniqueItems\":[]},{\"ItemId\":367,\"TotalCount\":1,\"UniqueItems\":[{\"Modules\":[{\"ChannelWeights\":{\"x\":2.802597E-45,\"y\":2.802597E-45,\"z\":2.802597E-45,\"w\":2.802597E-45},\"Version\":\"0.0.0\",\"ModuleId\":0}]}]},{\"ItemId\":503,\"TotalCount\":1,\"UniqueItems\":[{\"Modules\":[{\"ChannelWeights\":{\"x\":2.802597E-45,\"y\":2.802597E-45,\"z\":2.802597E-45,\"w\":2.802597E-45},\"Version\":\"0.0.0\",\"ModuleId\":0}]}]},{\"ItemId\":604,\"TotalCount\":7,\"UniqueItems\":[]},{\"ItemId\":362,\"TotalCount\":237,\"UniqueItems\":[]},{\"ItemId\":358,\"TotalCount\":1,\"UniqueItems\":[{\"Modules\":[{\"AmmoType\":364,\"CurrentAmmo\":8,\"WeaponModIds\":[-1768658424],\"Version\":\"0.0.0\",\"ModuleId\":4}]}]},{\"ItemId\":603,\"TotalCount\":1,\"UniqueItems\":[]},{\"ItemId\":519,\"TotalCount\":1,\"UniqueItems\":[]},{\"ItemId\":438,\"TotalCount\":5,\"UniqueItems\":[]},{\"ItemId\":593,\"TotalCount\":8,\"UniqueItems\":[]},{\"ItemId\":434,\"TotalCount\":4,\"UniqueItems\":[]},{\"ItemId\":346,\"TotalCount\":1,\"UniqueItems\":[]},{\"ItemId\":359,\"TotalCount\":1,\"UniqueItems\":[{\"Modules\":[{\"ChannelWeights\":{\"x\":2.802597E-45,\"y\":2.802597E-45,\"z\":2.802597E-45,\"w\":2.802597E-45},\"Version\":\"0.0.0\",\"ModuleId\":0}]}]},{\"ItemId\":597,\"TotalCount\":1,\"UniqueItems\":[]},{\"ItemId\":450,\"TotalCount\":1,\"UniqueItems\":[]},{\"ItemId\":492,\"TotalCount\":1,\"UniqueItems\":[]},{\"ItemId\":452,\"TotalCount\":9,\"UniqueItems\":[]},{\"ItemId\":399,\"TotalCount\":1,\"UniqueItems\":[]},{\"ItemId\":494,\"TotalCount\":1,\"UniqueItems\":[]},{\"ItemId\":431,\"TotalCount\":1,\"UniqueItems\":[{\"Modules\":[{\"ChannelWeights\":{\"x\":5.605194E-45,\"y\":5.605194E-45,\"z\":5.605194E-45,\"w\":5.605194E-45},\"Version\":\"0.0.0\",\"ModuleId\":0}]}]},{\"ItemId\":606,\"TotalCount\":4,\"UniqueItems\":[]},{\"ItemId\":602,\"TotalCount\":12,\"UniqueItems\":[]},{\"ItemId\":448,\"TotalCount\":2,\"UniqueItems\":[]},{\"ItemId\":596,\"TotalCount\":2,\"UniqueItems\":[]},{\"ItemId\":355,\"TotalCount\":1,\"UniqueItems\":[{\"Modules\":[{\"ChannelWeights\":{\"x\":0.0,\"y\":0.0,\"z\":0.0,\"w\":0.0},\"Version\":\"0.0.0\",\"ModuleId\":0},{\"AmmoType\":362,\"CurrentAmmo\":12,\"WeaponModIds\":[608885360,791848980,63489846],\"Version\":\"0.0.0\",\"ModuleId\":4}]}]},{\"ItemId\":441,\"TotalCount\":7,\"UniqueItems\":[]},{\"ItemId\":461,\"TotalCount\":1,\"UniqueItems\":[]},{\"ItemId\":572,\"TotalCount\":1,\"UniqueItems\":[]},{\"ItemId\":437,\"TotalCount\":3,\"UniqueItems\":[]},{\"ItemId\":508,\"TotalCount\":2,\"UniqueItems\":[]},{\"ItemId\":480,\"TotalCount\":1,\"UniqueItems\":[{\"Modules\":[{\"SourceActorType\":23,\"Version\":\"0.0.0\",\"ModuleId\":1},{\"CurrentState\":3,\"TimeRemainingInState\":-197.594818,\"PauseDecay\":false,\"Version\":\"0.0.0\",\"ModuleId\":3},{\"ChannelWeights\":{\"x\":0.0,\"y\":0.0,\"z\":0.0,\"w\":0.0},\"Version\":\"0.0.0\",\"ModuleId\":0},{\"AmmoType\":480,\"CurrentAmmo\":1,\"WeaponModIds\":[],\"Version\":\"0.0.0\",\"ModuleId\":4}]}]},{\"ItemId\":490,\"TotalCount\":1,\"UniqueItems\":[]},{\"ItemId\":430,\"TotalCount\":1,\"UniqueItems\":[]},{\"ItemId\":433,\"TotalCount\":2,\"UniqueItems\":[{\"Modules\":[{\"CurrentState\":4,\"TimeRemainingInState\":172800.0,\"PauseDecay\":true,\"Version\":\"0.0.0\",\"ModuleId\":3}]},{\"Modules\":[{\"CurrentState\":4,\"TimeRemainingInState\":172800.0,\"PauseDecay\":true,\"Version\":\"0.0.0\",\"ModuleId\":3}]}]},{\"ItemId\":403,\"TotalCount\":10,\"UniqueItems\":[]},{\"ItemId\":459,\"TotalCount\":1,\"UniqueItems\":[]},{\"ItemId\":556,\"TotalCount\":1,\"UniqueItems\":[]},{\"ItemId\":436,\"TotalCount\":1,\"UniqueItems\":[{\"Modules\":[{\"CurrentState\":1,\"TimeRemainingInState\":79609.63,\"PauseDecay\":false,\"Version\":\"0.0.0\",\"ModuleId\":3}]}]}]}}"}}