{"Version":"0.0.0","Data":{"ScrewStructureInstances":"{\"_structures\":[{\"Id\":55,\"Pos\":{\"x\":463.871,\"y\":566.551636,\"z\":241.310547},\"Rot\":{\"x\":0.277984232,\"y\":-0.2540108,\"z\":0.0764825642,\"w\":0.923230052},\"Storages\":[]},{\"Id\":37,\"Pos\":{\"x\":-922.62085,\"y\":88.22159,\"z\":799.9965},\"Rot\":{\"x\":0.0,\"y\":0.06119576,\"z\":0.0,\"w\":0.9981258},\"Storages\":[{\"Version\":\"0.0.0\",\"ItemBlocks\":[{\"ItemId\":78,\"TotalCount\":1,\"UniqueItems\":[{\"Modules\":[{\"VariantNumber\":0,\"Version\":\"0.0.0\",\"ModuleId\":6}]}]}]}]},{\"Id\":29,\"Pos\":{\"x\":-922.963135,\"y\":88.22159,\"z\":796.1228},\"Rot\":{\"x\":0.0,\"y\":-0.9967625,\"z\":0.0,\"w\":0.08040248},\"Storages\":[{\"Version\":\"0.0.0\",\"ItemBlocks\":[{\"ItemId\":392,\"TotalCount\":13,\"UniqueItems\":[{\"Modules\":[{\"ChannelWeights\":{\"x\":0.0,\"y\":0.0,\"z\":0.0,\"w\":0.0},\"Version\":\"0.0.0\",\"ModuleId\":0}]},{\"Modules\":[{\"ChannelWeights\":{\"x\":0.0,\"y\":0.0,\"z\":0.0,\"w\":0.0},\"Version\":\"0.0.0\",\"ModuleId\":0}]},{\"Modules\":[{\"ChannelWeights\":{\"x\":0.0,\"y\":0.0,\"z\":0.0,\"w\":0.0},\"Version\":\"0.0.0\",\"ModuleId\":0}]},{\"Modules\":[{\"ChannelWeights\":{\"x\":0.0,\"y\":0.0,\"z\":0.0,\"w\":0.0},\"Version\":\"0.0.0\",\"ModuleId\":0}]},{\"Modules\":[{\"ChannelWeights\":{\"x\":0.0,\"y\":0.0,\"z\":0.0,\"w\":0.0},\"Version\":\"0.0.0\",\"ModuleId\":0}]},{\"Modules\":[{\"ChannelWeights\":{\"x\":0.0,\"y\":0.0,\"z\":0.0,\"w\":0.0},\"Version\":\"0.0.0\",\"ModuleId\":0}]},{\"Modules\":[{\"ChannelWeights\":{\"x\":0.0,\"y\":0.0,\"z\":0.0,\"w\":0.0},\"Version\":\"0.0.0\",\"ModuleId\":0}]},{\"Modules\":[{\"ChannelWeights\":{\"x\":0.0,\"y\":0.0,\"z\":0.0,\"w\":0.0},\"Version\":\"0.0.0\",\"ModuleId\":0}]},{\"Modules\":[{\"ChannelWeights\":{\"x\":0.0,\"y\":0.0,\"z\":0.0,\"w\":0.0},\"Version\":\"0.0.0\",\"ModuleId\":0}]},{\"Modules\":[{\"ChannelWeights\":{\"x\":0.0,\"y\":0.0,\"z\":0.0,\"w\":0.0},\"Version\":\"0.0.0\",\"ModuleId\":0}]},{\"Modules\":[{\"ChannelWeights\":{\"x\":0.0,\"y\":0.0,\"z\":0.0,\"w\":0.0},\"Version\":\"0.0.0\",\"ModuleId\":0}]},{\"Modules\":[{\"ChannelWeights\":{\"x\":0.0,\"y\":0.0,\"z\":0.0,\"w\":0.0},\"Version\":\"0.0.0\",\"ModuleId\":0}]},{\"Modules\":[{\"ChannelWeights\":{\"x\":0.0,\"y\":0.0,\"z\":0.0,\"w\":0.0},\"Version\":\"0.0.0\",\"ModuleId\":0}]}]}]}]},{\"Id\":29,\"Pos\":{\"x\":-923.9558,\"y\":88.22159,\"z\":796.0917},\"Rot\":{\"x\":0.0,\"y\":-0.9967625,\"z\":0.0,\"w\":0.08040248},\"Storages\":[{\"Version\":\"0.0.0\",\"ItemBlocks\":[{\"ItemId\":392,\"TotalCount\":2,\"UniqueItems\":[{\"Modules\":[{\"ChannelWeights\":{\"x\":0.0,\"y\":0.0,\"z\":0.0,\"w\":0.0},\"Version\":\"0.0.0\",\"ModuleId\":0}]},{\"Modules\":[{\"ChannelWeights\":{\"x\":0.0,\"y\":0.0,\"z\":0.0,\"w\":0.0},\"Version\":\"0.0.0\",\"ModuleId\":0}]}]}]}]},{\"Id\":29,\"Pos\":{\"x\":-924.85675,\"y\":88.22159,\"z\":796.0991},\"Rot\":{\"x\":0.0,\"y\":-0.9967625,\"z\":0.0,\"w\":0.08040248},\"Storages\":[{\"Version\":\"0.0.0\",\"ItemBlocks\":[{\"ItemId\":392,\"TotalCount\":52,\"UniqueItems\":[{\"Modules\":[{\"ChannelWeights\":{\"x\":0.0,\"y\":0.0,\"z\":0.0,\"w\":0.0},\"Version\":\"0.0.0\",\"ModuleId\":0}]},{\"Modules\":[{\"ChannelWeights\":{\"x\":0.0,\"y\":0.0,\"z\":0.0,\"w\":0.0},\"Version\":\"0.0.0\",\"ModuleId\":0}]},{\"Modules\":[{\"ChannelWeights\":{\"x\":0.0,\"y\":0.0,\"z\":0.0,\"w\":0.0},\"Version\":\"0.0.0\",\"ModuleId\":0}]},{\"Modules\":[{\"ChannelWeights\":{\"x\":0.0,\"y\":0.0,\"z\":0.0,\"w\":0.0},\"Version\":\"0.0.0\",\"ModuleId\":0}]},{\"Modules\":[{\"ChannelWeights\":{\"x\":0.0,\"y\":0.0,\"z\":0.0,\"w\":0.0},\"Version\":\"0.0.0\",\"ModuleId\":0}]},{\"Modules\":[{\"ChannelWeights\":{\"x\":0.0,\"y\":0.0,\"z\":0.0,\"w\":0.0},\"Version\":\"0.0.0\",\"ModuleId\":0}]},{\"Modules\":[{\"ChannelWeights\":{\"x\":0.0,\"y\":0.0,\"z\":0.0,\"w\":0.0},\"Version\":\"0.0.0\",\"ModuleId\":0}]},{\"Modules\":[{\"ChannelWeights\":{\"x\":0.0,\"y\":0.0,\"z\":0.0,\"w\":0.0},\"Version\":\"0.0.0\",\"ModuleId\":0}]},{\"Modules\":[{\"ChannelWeights\":{\"x\":0.0,\"y\":0.0,\"z\":0.0,\"w\":0.0},\"Version\":\"0.0.0\",\"ModuleId\":0}]},{\"Modules\":[{\"ChannelWeights\":{\"x\":0.0,\"y\":0.0,\"z\":0.0,\"w\":0.0},\"Version\":\"0.0.0\",\"ModuleId\":0}]},{\"Modules\":[{\"ChannelWeights\":{\"x\":0.0,\"y\":0.0,\"z\":0.0,\"w\":0.0},\"Version\":\"0.0.0\",\"ModuleId\":0}]},{\"Modules\":[{\"ChannelWeights\":{\"x\":0.0,\"y\":0.0,\"z\":0.0,\"w\":0.0},\"Version\":\"0.0.0\",\"ModuleId\":0}]},{\"Modules\":[{\"ChannelWeights\":{\"x\":0.0,\"y\":0.0,\"z\":0.0,\"w\":0.0},\"Version\":\"0.0.0\",\"ModuleId\":0}]},{\"Modules\":[{\"ChannelWeights\":{\"x\":0.0,\"y\":0.0,\"z\":0.0,\"w\":0.0},\"Version\":\"0.0.0\",\"ModuleId\":0}]},{\"Modules\":[{\"ChannelWeights\":{\"x\":0.0,\"y\":0.0,\"z\":0.0,\"w\":0.0},\"Version\":\"0.0.0\",\"ModuleId\":0}]},{\"Modules\":[{\"ChannelWeights\":{\"x\":0.0,\"y\":0.0,\"z\":0.0,\"w\":0.0},\"Version\":\"0.0.0\",\"ModuleId\":0}]},{\"Modules\":[{\"ChannelWeights\":{\"x\":0.0,\"y\":0.0,\"z\":0.0,\"w\":0.0},\"Version\":\"0.0.0\",\"ModuleId\":0}]},{\"Modules\":[{\"ChannelWeights\":{\"x\":0.0,\"y\":0.0,\"z\":0.0,\"w\":0.0},\"Version\":\"0.0.0\",\"ModuleId\":0}]},{\"Modules\":[{\"ChannelWeights\":{\"x\":0.0,\"y\":0.0,\"z\":0.0,\"w\":0.0},\"Version\":\"0.0.0\",\"ModuleId\":0}]},{\"Modules\":[{\"ChannelWeights\":{\"x\":0.0,\"y\":0.0,\"z\":0.0,\"w\":0.0},\"Version\":\"0.0.0\",\"ModuleId\":0}]},{\"Modules\":[{\"ChannelWeights\":{\"x\":0.0,\"y\":0.0,\"z\":0.0,\"w\":0.0},\"Version\":\"0.0.0\",\"ModuleId\":0}]},{\"Modules\":[{\"ChannelWeights\":{\"x\":0.0,\"y\":0.0,\"z\":0.0,\"w\":0.0},\"Version\":\"0.0.0\",\"ModuleId\":0}]},{\"Modules\":[{\"ChannelWeights\":{\"x\":0.0,\"y\":0.0,\"z\":0.0,\"w\":0.0},\"Version\":\"0.0.0\",\"ModuleId\":0}]},{\"Modules\":[{\"ChannelWeights\":{\"x\":0.0,\"y\":0.0,\"z\":0.0,\"w\":0.0},\"Version\":\"0.0.0\",\"ModuleId\":0}]},{\"Modules\":[{\"ChannelWeights\":{\"x\":0.0,\"y\":0.0,\"z\":0.0,\"w\":0.0},\"Version\":\"0.0.0\",\"ModuleId\":0}]},{\"Modules\":[{\"ChannelWeights\":{\"x\":0.0,\"y\":0.0,\"z\":0.0,\"w\":0.0},\"Version\":\"0.0.0\",\"ModuleId\":0}]},{\"Modules\":[{\"ChannelWeights\":{\"x\":0.0,\"y\":0.0,\"z\":0.0,\"w\":0.0},\"Version\":\"0.0.0\",\"ModuleId\":0}]},{\"Modules\":[{\"ChannelWeights\":{\"x\":0.0,\"y\":0.0,\"z\":0.0,\"w\":0.0},\"Version\":\"0.0.0\",\"ModuleId\":0}]},{\"Modules\":[{\"ChannelWeights\":{\"x\":0.0,\"y\":0.0,\"z\":0.0,\"w\":0.0},\"Version\":\"0.0.0\",\"ModuleId\":0}]},{\"Modules\":[{\"ChannelWeights\":{\"x\":0.0,\"y\":0.0,\"z\":0.0,\"w\":0.0},\"Version\":\"0.0.0\",\"ModuleId\":0}]},{\"Modules\":[{\"ChannelWeights\":{\"x\":0.0,\"y\":0.0,\"z\":0.0,\"w\":0.0},\"Version\":\"0.0.0\",\"ModuleId\":0}]},{\"Modules\":[{\"ChannelWeights\":{\"x\":0.0,\"y\":0.0,\"z\":0.0,\"w\":0.0},\"Version\":\"0.0.0\",\"ModuleId\":0}]},{\"Modules\":[{\"ChannelWeights\":{\"x\":0.0,\"y\":0.0,\"z\":0.0,\"w\":0.0},\"Version\":\"0.0.0\",\"ModuleId\":0}]},{\"Modules\":[{\"ChannelWeights\":{\"x\":0.0,\"y\":0.0,\"z\":0.0,\"w\":0.0},\"Version\":\"0.0.0\",\"ModuleId\":0}]},{\"Modules\":[{\"ChannelWeights\":{\"x\":0.0,\"y\":0.0,\"z\":0.0,\"w\":0.0},\"Version\":\"0.0.0\",\"ModuleId\":0}]},{\"Modules\":[{\"ChannelWeights\":{\"x\":0.0,\"y\":0.0,\"z\":0.0,\"w\":0.0},\"Version\":\"0.0.0\",\"ModuleId\":0}]},{\"Modules\":[{\"ChannelWeights\":{\"x\":0.0,\"y\":0.0,\"z\":0.0,\"w\":0.0},\"Version\":\"0.0.0\",\"ModuleId\":0}]},{\"Modules\":[{\"ChannelWeights\":{\"x\":0.0,\"y\":0.0,\"z\":0.0,\"w\":0.0},\"Version\":\"0.0.0\",\"ModuleId\":0}]},{\"Modules\":[{\"ChannelWeights\":{\"x\":0.0,\"y\":0.0,\"z\":0.0,\"w\":0.0},\"Version\":\"0.0.0\",\"ModuleId\":0}]},{\"Modules\":[{\"ChannelWeights\":{\"x\":0.0,\"y\":0.0,\"z\":0.0,\"w\":0.0},\"Version\":\"0.0.0\",\"ModuleId\":0}]},{\"Modules\":[{\"ChannelWeights\":{\"x\":0.0,\"y\":0.0,\"z\":0.0,\"w\":0.0},\"Version\":\"0.0.0\",\"ModuleId\":0}]},{\"Modules\":[{\"ChannelWeights\":{\"x\":0.0,\"y\":0.0,\"z\":0.0,\"w\":0.0},\"Version\":\"0.0.0\",\"ModuleId\":0}]},{\"Modules\":[{\"ChannelWeights\":{\"x\":0.0,\"y\":0.0,\"z\":0.0,\"w\":0.0},\"Version\":\"0.0.0\",\"ModuleId\":0}]},{\"Modules\":[{\"ChannelWeights\":{\"x\":0.0,\"y\":0.0,\"z\":0.0,\"w\":0.0},\"Version\":\"0.0.0\",\"ModuleId\":0}]},{\"Modules\":[{\"ChannelWeights\":{\"x\":0.0,\"y\":0.0,\"z\":0.0,\"w\":0.0},\"Version\":\"0.0.0\",\"ModuleId\":0}]},{\"Modules\":[{\"ChannelWeights\":{\"x\":0.0,\"y\":0.0,\"z\":0.0,\"w\":0.0},\"Version\":\"0.0.0\",\"ModuleId\":0}]},{\"Modules\":[{\"ChannelWeights\":{\"x\":0.0,\"y\":0.0,\"z\":0.0,\"w\":0.0},\"Version\":\"0.0.0\",\"ModuleId\":0}]},{\"Modules\":[{\"ChannelWeights\":{\"x\":0.0,\"y\":0.0,\"z\":0.0,\"w\":0.0},\"Version\":\"0.0.0\",\"ModuleId\":0}]},{\"Modules\":[{\"ChannelWeights\":{\"x\":0.0,\"y\":0.0,\"z\":0.0,\"w\":0.0},\"Version\":\"0.0.0\",\"ModuleId\":0}]},{\"Modules\":[{\"ChannelWeights\":{\"x\":0.0,\"y\":0.0,\"z\":0.0,\"w\":0.0},\"Version\":\"0.0.0\",\"ModuleId\":0}]},{\"Modules\":[{\"ChannelWeights\":{\"x\":0.0,\"y\":0.0,\"z\":0.0,\"w\":0.0},\"Version\":\"0.0.0\",\"ModuleId\":0}]},{\"Modules\":[{\"ChannelWeights\":{\"x\":0.0,\"y\":0.0,\"z\":0.0,\"w\":0.0},\"Version\":\"0.0.0\",\"ModuleId\":0}]}]}]}]},{\"Id\":32,\"Pos\":{\"x\":-925.5435,\"y\":88.22159,\"z\":790.9569},\"Rot\":{\"x\":0.0,\"y\":-0.171257079,\"z\":0.0,\"w\":-0.9852264},\"Storages\":[{\"Version\":\"0.0.0\",\"ItemBlocks\":[{\"ItemId\":405,\"TotalCount\":5,\"UniqueItems\":[{\"Modules\":[{\"ChannelWeights\":{\"x\":0.0,\"y\":0.0,\"z\":0.0,\"w\":0.0},\"Version\":\"0.0.0\",\"ModuleId\":0}]},{\"Modules\":[{\"ChannelWeights\":{\"x\":0.0,\"y\":0.0,\"z\":0.0,\"w\":0.0},\"Version\":\"0.0.0\",\"ModuleId\":0}]},{\"Modules\":[{\"ChannelWeights\":{\"x\":0.0,\"y\":0.0,\"z\":0.0,\"w\":0.0},\"Version\":\"0.0.0\",\"ModuleId\":0}]},{\"Modules\":[{\"ChannelWeights\":{\"x\":0.0,\"y\":0.0,\"z\":0.0,\"w\":0.0},\"Version\":\"0.0.0\",\"ModuleId\":0}]},{\"Modules\":[{\"ChannelWeights\":{\"x\":0.0,\"y\":0.0,\"z\":0.0,\"w\":0.0},\"Version\":\"0.0.0\",\"ModuleId\":0}]}]}]}]},{\"Id\":24,\"Pos\":{\"x\":-979.9755,\"y\":93.27611,\"z\":803.2784},\"Rot\":{\"x\":0.0,\"y\":-0.377428979,\"z\":0.0,\"w\":-0.926038563},\"Storages\":[]},{\"Id\":54,\"Pos\":{\"x\":-979.9755,\"y\":93.27611,\"z\":803.2784},\"Rot\":{\"x\":0.0,\"y\":-0.377428979,\"z\":0.0,\"w\":-0.926038563},\"Storages\":[]},{\"Id\":54,\"Pos\":{\"x\":-979.9755,\"y\":93.27611,\"z\":803.2784},\"Rot\":{\"x\":0.0,\"y\":-0.377428979,\"z\":0.0,\"w\":-0.926038563},\"Storages\":[]},{\"Id\":54,\"Pos\":{\"x\":-979.9755,\"y\":93.27611,\"z\":803.2784},\"Rot\":{\"x\":0.0,\"y\":-0.377428979,\"z\":0.0,\"w\":-0.926038563},\"Storages\":[]},{\"Id\":54,\"Pos\":{\"x\":-979.9755,\"y\":93.27611,\"z\":803.2784},\"Rot\":{\"x\":0.0,\"y\":-0.377428979,\"z\":0.0,\"w\":-0.926038563},\"Storages\":[]},{\"Id\":54,\"Pos\":{\"x\":-979.9755,\"y\":93.27611,\"z\":803.2784},\"Rot\":{\"x\":0.0,\"y\":-0.377428979,\"z\":0.0,\"w\":-0.926038563},\"Storages\":[]},{\"Id\":54,\"Pos\":{\"x\":-979.9755,\"y\":93.27611,\"z\":803.2784},\"Rot\":{\"x\":0.0,\"y\":-0.377428979,\"z\":0.0,\"w\":-0.926038563},\"Storages\":[]},{\"Id\":54,\"Pos\":{\"x\":-979.9755,\"y\":93.27611,\"z\":803.2784},\"Rot\":{\"x\":0.0,\"y\":-0.377428979,\"z\":0.0,\"w\":-0.926038563},\"Storages\":[]},{\"Id\":54,\"Pos\":{\"x\":-979.9755,\"y\":93.27611,\"z\":803.2784},\"Rot\":{\"x\":0.0,\"y\":-0.377428979,\"z\":0.0,\"w\":-0.926038563},\"Storages\":[]},{\"Id\":54,\"Pos\":{\"x\":-979.9755,\"y\":93.27611,\"z\":803.2784},\"Rot\":{\"x\":0.0,\"y\":-0.377428979,\"z\":0.0,\"w\":-0.926038563},\"Storages\":[]},{\"Id\":54,\"Pos\":{\"x\":-979.9755,\"y\":93.27611,\"z\":803.2784},\"Rot\":{\"x\":0.0,\"y\":-0.377428979,\"z\":0.0,\"w\":-0.926038563},\"Storages\":[]},{\"Id\":54,\"Pos\":{\"x\":-979.9755,\"y\":93.27611,\"z\":803.2784},\"Rot\":{\"x\":0.0,\"y\":-0.377428979,\"z\":0.0,\"w\":-0.926038563},\"Storages\":[]},{\"Id\":54,\"Pos\":{\"x\":-979.9755,\"y\":93.27611,\"z\":803.2784},\"Rot\":{\"x\":0.0,\"y\":-0.377428979,\"z\":0.0,\"w\":-0.926038563},\"Storages\":[]},{\"Id\":54,\"Pos\":{\"x\":-979.9755,\"y\":93.27611,\"z\":803.2784},\"Rot\":{\"x\":0.0,\"y\":-0.377428979,\"z\":0.0,\"w\":-0.926038563},\"Storages\":[]},{\"Id\":54,\"Pos\":{\"x\":-979.9755,\"y\":93.27611,\"z\":803.2784},\"Rot\":{\"x\":0.0,\"y\":-0.377428979,\"z\":0.0,\"w\":-0.926038563},\"Storages\":[]},{\"Id\":54,\"Pos\":{\"x\":-979.9755,\"y\":93.27611,\"z\":803.2784},\"Rot\":{\"x\":0.0,\"y\":-0.377428979,\"z\":0.0,\"w\":-0.926038563},\"Storages\":[]},{\"Id\":54,\"Pos\":{\"x\":-979.9755,\"y\":93.27611,\"z\":803.2784},\"Rot\":{\"x\":0.0,\"y\":-0.377428979,\"z\":0.0,\"w\":-0.926038563},\"Storages\":[]},{\"Id\":54,\"Pos\":{\"x\":-979.9755,\"y\":93.27611,\"z\":803.2784},\"Rot\":{\"x\":0.0,\"y\":-0.377428979,\"z\":0.0,\"w\":-0.926038563},\"Storages\":[]},{\"Id\":54,\"Pos\":{\"x\":-979.9755,\"y\":93.27611,\"z\":803.2784},\"Rot\":{\"x\":0.0,\"y\":-0.377428979,\"z\":0.0,\"w\":-0.926038563},\"Storages\":[]},{\"Id\":54,\"Pos\":{\"x\":-979.9755,\"y\":93.27611,\"z\":803.2784},\"Rot\":{\"x\":0.0,\"y\":-0.377428979,\"z\":0.0,\"w\":-0.926038563},\"Storages\":[]},{\"Id\":54,\"Pos\":{\"x\":-979.9755,\"y\":93.27611,\"z\":803.2784},\"Rot\":{\"x\":0.0,\"y\":-0.377428979,\"z\":0.0,\"w\":-0.926038563},\"Storages\":[]},{\"Id\":54,\"Pos\":{\"x\":-979.9755,\"y\":93.27611,\"z\":803.2784},\"Rot\":{\"x\":0.0,\"y\":-0.377428979,\"z\":0.0,\"w\":-0.926038563},\"Storages\":[]},{\"Id\":54,\"Pos\":{\"x\":-979.9755,\"y\":93.27611,\"z\":803.2784},\"Rot\":{\"x\":0.0,\"y\":-0.377428979,\"z\":0.0,\"w\":-0.926038563},\"Storages\":[]},{\"Id\":54,\"Pos\":{\"x\":-979.9755,\"y\":93.27611,\"z\":803.2784},\"Rot\":{\"x\":0.0,\"y\":-0.377428979,\"z\":0.0,\"w\":-0.926038563},\"Storages\":[]},{\"Id\":54,\"Pos\":{\"x\":-979.9755,\"y\":93.27611,\"z\":803.2784},\"Rot\":{\"x\":0.0,\"y\":-0.377428979,\"z\":0.0,\"w\":-0.926038563},\"Storages\":[]},{\"Id\":54,\"Pos\":{\"x\":-979.9755,\"y\":93.27611,\"z\":803.2784},\"Rot\":{\"x\":0.0,\"y\":-0.377428979,\"z\":0.0,\"w\":-0.926038563},\"Storages\":[]},{\"Id\":54,\"Pos\":{\"x\":-979.9755,\"y\":93.27611,\"z\":803.2784},\"Rot\":{\"x\":0.0,\"y\":-0.377428979,\"z\":0.0,\"w\":-0.926038563},\"Storages\":[]},{\"Id\":54,\"Pos\":{\"x\":-979.9755,\"y\":93.27611,\"z\":803.2784},\"Rot\":{\"x\":0.0,\"y\":-0.377428979,\"z\":0.0,\"w\":-0.926038563},\"Storages\":[]},{\"Id\":54,\"Pos\":{\"x\":-979.9755,\"y\":93.27611,\"z\":803.2784},\"Rot\":{\"x\":0.0,\"y\":-0.377428979,\"z\":0.0,\"w\":-0.926038563},\"Storages\":[]},{\"Id\":54,\"Pos\":{\"x\":-979.9755,\"y\":93.27611,\"z\":803.2784},\"Rot\":{\"x\":0.0,\"y\":-0.377428979,\"z\":0.0,\"w\":-0.926038563},\"Storages\":[]},{\"Id\":54,\"Pos\":{\"x\":-979.9755,\"y\":93.27611,\"z\":803.2784},\"Rot\":{\"x\":0.0,\"y\":-0.377428979,\"z\":0.0,\"w\":-0.926038563},\"Storages\":[]},{\"Id\":37,\"Pos\":{\"x\":-978.1214,\"y\":89.72132,\"z\":815.9474},\"Rot\":{\"x\":0.0,\"y\":-0.682355046,\"z\":0.0,\"w\":0.7310209},\"Storages\":[{\"Version\":\"0.0.0\",\"ItemBlocks\":[{\"ItemId\":78,\"TotalCount\":6,\"UniqueItems\":[{\"Modules\":[{\"VariantNumber\":0,\"Version\":\"0.0.0\",\"ModuleId\":6}]},{\"Modules\":[{\"VariantNumber\":0,\"Version\":\"0.0.0\",\"ModuleId\":6}]},{\"Modules\":[{\"VariantNumber\":0,\"Version\":\"0.0.0\",\"ModuleId\":6}]},{\"Modules\":[{\"VariantNumber\":0,\"Version\":\"0.0.0\",\"ModuleId\":6}]},{\"Modules\":[{\"VariantNumber\":0,\"Version\":\"0.0.0\",\"ModuleId\":6}]},{\"Modules\":[{\"VariantNumber\":0,\"Version\":\"0.0.0\",\"ModuleId\":6}]}]}]}]},{\"Id\":31,\"Pos\":{\"x\":-978.155334,\"y\":89.72132,\"z\":817.9627},\"Rot\":{\"x\":0.0,\"y\":-0.999506354,\"z\":0.0,\"w\":0.03141752},\"Storages\":[{\"Version\":\"0.0.0\",\"ItemBlocks\":[{\"ItemId\":393,\"TotalCount\":17,\"UniqueItems\":[{\"Modules\":[{\"ChannelWeights\":{\"x\":0.0,\"y\":0.0,\"z\":0.0,\"w\":0.0},\"Version\":\"0.0.0\",\"ModuleId\":0}]},{\"Modules\":[{\"ChannelWeights\":{\"x\":0.0,\"y\":0.0,\"z\":0.0,\"w\":0.0},\"Version\":\"0.0.0\",\"ModuleId\":0}]},{\"Modules\":[{\"ChannelWeights\":{\"x\":0.0,\"y\":0.0,\"z\":0.0,\"w\":0.0},\"Version\":\"0.0.0\",\"ModuleId\":0}]},{\"Modules\":[{\"ChannelWeights\":{\"x\":0.0,\"y\":0.0,\"z\":0.0,\"w\":0.0},\"Version\":\"0.0.0\",\"ModuleId\":0}]},{\"Modules\":[{\"ChannelWeights\":{\"x\":0.0,\"y\":0.0,\"z\":0.0,\"w\":0.0},\"Version\":\"0.0.0\",\"ModuleId\":0}]},{\"Modules\":[{\"ChannelWeights\":{\"x\":0.0,\"y\":0.0,\"z\":0.0,\"w\":0.0},\"Version\":\"0.0.0\",\"ModuleId\":0}]},{\"Modules\":[{\"ChannelWeights\":{\"x\":0.0,\"y\":0.0,\"z\":0.0,\"w\":0.0},\"Version\":\"0.0.0\",\"ModuleId\":0}]},{\"Modules\":[{\"ChannelWeights\":{\"x\":0.0,\"y\":0.0,\"z\":0.0,\"w\":0.0},\"Version\":\"0.0.0\",\"ModuleId\":0}]},{\"Modules\":[{\"ChannelWeights\":{\"x\":0.0,\"y\":0.0,\"z\":0.0,\"w\":0.0},\"Version\":\"0.0.0\",\"ModuleId\":0}]},{\"Modules\":[{\"ChannelWeights\":{\"x\":0.0,\"y\":0.0,\"z\":0.0,\"w\":0.0},\"Version\":\"0.0.0\",\"ModuleId\":0}]},{\"Modules\":[{\"ChannelWeights\":{\"x\":0.0,\"y\":0.0,\"z\":0.0,\"w\":0.0},\"Version\":\"0.0.0\",\"ModuleId\":0}]},{\"Modules\":[{\"ChannelWeights\":{\"x\":0.0,\"y\":0.0,\"z\":0.0,\"w\":0.0},\"Version\":\"0.0.0\",\"ModuleId\":0}]},{\"Modules\":[{\"ChannelWeights\":{\"x\":0.0,\"y\":0.0,\"z\":0.0,\"w\":0.0},\"Version\":\"0.0.0\",\"ModuleId\":0}]},{\"Modules\":[{\"ChannelWeights\":{\"x\":0.0,\"y\":0.0,\"z\":0.0,\"w\":0.0},\"Version\":\"0.0.0\",\"ModuleId\":0}]},{\"Modules\":[{\"ChannelWeights\":{\"x\":0.0,\"y\":0.0,\"z\":0.0,\"w\":0.0},\"Version\":\"0.0.0\",\"ModuleId\":0}]},{\"Modules\":[{\"ChannelWeights\":{\"x\":0.0,\"y\":0.0,\"z\":0.0,\"w\":0.0},\"Version\":\"0.0.0\",\"ModuleId\":0}]},{\"Modules\":[{\"ChannelWeights\":{\"x\":0.0,\"y\":0.0,\"z\":0.0,\"w\":0.0},\"Version\":\"0.0.0\",\"ModuleId\":0}]}]}]}]},{\"Id\":52,\"Pos\":{\"x\":-985.5269,\"y\":89.72132,\"z\":805.5839},\"Rot\":{\"x\":0.0,\"y\":-0.999753535,\"z\":0.0,\"w\":0.0222015772},\"Storages\":[]},{\"Id\":52,\"Pos\":{\"x\":-985.6565,\"y\":89.72132,\"z\":803.0286},\"Rot\":{\"x\":0.0,\"y\":-0.999753535,\"z\":0.0,\"w\":0.0222015772},\"Storages\":[]},{\"Id\":49,\"Pos\":{\"x\":-988.3918,\"y\":89.72132,\"z\":803.476},\"Rot\":{\"x\":0.0,\"y\":-0.722296953,\"z\":0.0,\"w\":-0.6915831},\"Storages\":[{\"Version\":\"0.0.0\",\"ItemBlocks\":[{\"ItemId\":364,\"TotalCount\":21,\"UniqueItems\":[]}]},{\"Version\":\"0.0.0\",\"ItemBlocks\":[{\"ItemId\":363,\"TotalCount\":8,\"UniqueItems\":[]}]},{\"Version\":\"0.0.0\",\"ItemBlocks\":[{\"ItemId\":362,\"TotalCount\":8,\"UniqueItems\":[]}]},{\"Version\":\"0.0.0\",\"ItemBlocks\":[]},{\"Version\":\"0.0.0\",\"ItemBlocks\":[]},{\"Version\":\"0.0.0\",\"ItemBlocks\":[]},{\"Version\":\"0.0.0\",\"ItemBlocks\":[]},{\"Version\":\"0.0.0\",\"ItemBlocks\":[]},{\"Version\":\"0.0.0\",\"ItemBlocks\":[]},{\"Version\":\"0.0.0\",\"ItemBlocks\":[]},{\"Version\":\"0.0.0\",\"ItemBlocks\":[]},{\"Version\":\"0.0.0\",\"ItemBlocks\":[{\"ItemId\":369,\"TotalCount\":1,\"UniqueItems\":[]}]},{\"Version\":\"0.0.0\",\"ItemBlocks\":[{\"ItemId\":368,\"TotalCount\":3,\"UniqueItems\":[]}]}]},{\"Id\":49,\"Pos\":{\"x\":-988.237061,\"y\":89.72132,\"z\":806.963257},\"Rot\":{\"x\":0.0,\"y\":-0.722296953,\"z\":0.0,\"w\":-0.6915831},\"Storages\":[{\"Version\":\"0.0.0\",\"ItemBlocks\":[{\"ItemId\":439,\"TotalCount\":7,\"UniqueItems\":[]}]},{\"Version\":\"0.0.0\",\"ItemBlocks\":[{\"ItemId\":441,\"TotalCount\":5,\"UniqueItems\":[]}]},{\"Version\":\"0.0.0\",\"ItemBlocks\":[{\"ItemId\":466,\"TotalCount\":5,\"UniqueItems\":[]}]},{\"Version\":\"0.0.0\",\"ItemBlocks\":[{\"ItemId\":571,\"TotalCount\":7,\"UniqueItems\":[]}]},{\"Version\":\"0.0.0\",\"ItemBlocks\":[{\"ItemId\":434,\"TotalCount\":6,\"UniqueItems\":[]}]},{\"Version\":\"0.0.0\",\"ItemBlocks\":[{\"ItemId\":425,\"TotalCount\":3,\"UniqueItems\":[]}]},{\"Version\":\"0.0.0\",\"ItemBlocks\":[{\"ItemId\":438,\"TotalCount\":3,\"UniqueItems\":[]}]},{\"Version\":\"0.0.0\",\"ItemBlocks\":[{\"ItemId\":421,\"TotalCount\":4,\"UniqueItems\":[]}]},{\"Version\":\"0.0.0\",\"ItemBlocks\":[]},{\"Version\":\"0.0.0\",\"ItemBlocks\":[]},{\"Version\":\"0.0.0\",\"ItemBlocks\":[]},{\"Version\":\"0.0.0\",\"ItemBlocks\":[]}]},{\"Id\":48,\"Pos\":{\"x\":-981.3173,\"y\":89.72132,\"z\":803.821838},\"Rot\":{\"x\":0.0,\"y\":-0.730593264,\"z\":0.0,\"w\":-0.6828129},\"Storages\":[]},{\"Id\":48,\"Pos\":{\"x\":-983.3556,\"y\":89.72132,\"z\":803.9621},\"Rot\":{\"x\":0.0,\"y\":-0.730593264,\"z\":0.0,\"w\":-0.6828129},\"Storages\":[]},{\"Id\":48,\"Pos\":{\"x\":-981.2636,\"y\":89.72132,\"z\":804.936035},\"Rot\":{\"x\":0.0,\"y\":-0.730593264,\"z\":0.0,\"w\":-0.6828129},\"Storages\":[]},{\"Id\":48,\"Pos\":{\"x\":-983.2978,\"y\":89.72132,\"z\":805.0566},\"Rot\":{\"x\":0.0,\"y\":-0.730593264,\"z\":0.0,\"w\":-0.6828129},\"Storages\":[]},{\"Id\":52,\"Pos\":{\"x\":-981.8956,\"y\":89.72132,\"z\":806.8597},\"Rot\":{\"x\":0.0,\"y\":-0.730593264,\"z\":0.0,\"w\":-0.6828129},\"Storages\":[]},{\"Id\":32,\"Pos\":{\"x\":-924.4538,\"y\":88.22159,\"z\":791.0445},\"Rot\":{\"x\":0.0,\"y\":0.0103036417,\"z\":0.0,\"w\":-0.999946952},\"Storages\":[{\"Version\":\"0.0.0\",\"ItemBlocks\":[]}]},{\"Id\":49,\"Pos\":{\"x\":-923.671143,\"y\":88.22159,\"z\":797.922241},\"Rot\":{\"x\":0.0,\"y\":0.6878933,\"z\":0.0,\"w\":-0.725811839},\"Storages\":[{\"Version\":\"0.0.0\",\"ItemBlocks\":[]},{\"Version\":\"0.0.0\",\"ItemBlocks\":[]},{\"Version\":\"0.0.0\",\"ItemBlocks\":[]},{\"Version\":\"0.0.0\",\"ItemBlocks\":[]},{\"Version\":\"0.0.0\",\"ItemBlocks\":[]},{\"Version\":\"0.0.0\",\"ItemBlocks\":[]},{\"Version\":\"0.0.0\",\"ItemBlocks\":[]},{\"Version\":\"0.0.0\",\"ItemBlocks\":[]},{\"Version\":\"0.0.0\",\"ItemBlocks\":[]},{\"Version\":\"0.0.0\",\"ItemBlocks\":[]},{\"Version\":\"0.0.0\",\"ItemBlocks\":[]},{\"Version\":\"0.0.0\",\"ItemBlocks\":[]}]},{\"Id\":32,\"Pos\":{\"x\":-925.4913,\"y\":88.22159,\"z\":791.959351},\"Rot\":{\"x\":0.0,\"y\":0.999845445,\"z\":0.0,\"w\":-0.0175819751},\"Storages\":[{\"Version\":\"0.0.0\",\"ItemBlocks\":[{\"ItemId\":405,\"TotalCount\":12,\"UniqueItems\":[{\"Modules\":[{\"ChannelWeights\":{\"x\":0.0,\"y\":0.0,\"z\":0.0,\"w\":0.0},\"Version\":\"0.0.0\",\"ModuleId\":0}]},{\"Modules\":[{\"ChannelWeights\":{\"x\":0.0,\"y\":0.0,\"z\":0.0,\"w\":0.0},\"Version\":\"0.0.0\",\"ModuleId\":0}]},{\"Modules\":[{\"ChannelWeights\":{\"x\":0.0,\"y\":0.0,\"z\":0.0,\"w\":0.0},\"Version\":\"0.0.0\",\"ModuleId\":0}]},{\"Modules\":[{\"ChannelWeights\":{\"x\":0.0,\"y\":0.0,\"z\":0.0,\"w\":0.0},\"Version\":\"0.0.0\",\"ModuleId\":0}]},{\"Modules\":[{\"ChannelWeights\":{\"x\":0.0,\"y\":0.0,\"z\":0.0,\"w\":0.0},\"Version\":\"0.0.0\",\"ModuleId\":0}]},{\"Modules\":[{\"ChannelWeights\":{\"x\":0.0,\"y\":0.0,\"z\":0.0,\"w\":0.0},\"Version\":\"0.0.0\",\"ModuleId\":0}]},{\"Modules\":[{\"ChannelWeights\":{\"x\":0.0,\"y\":0.0,\"z\":0.0,\"w\":0.0},\"Version\":\"0.0.0\",\"ModuleId\":0}]},{\"Modules\":[{\"ChannelWeights\":{\"x\":0.0,\"y\":0.0,\"z\":0.0,\"w\":0.0},\"Version\":\"0.0.0\",\"ModuleId\":0}]},{\"Modules\":[{\"ChannelWeights\":{\"x\":0.0,\"y\":0.0,\"z\":0.0,\"w\":0.0},\"Version\":\"0.0.0\",\"ModuleId\":0}]},{\"Modules\":[{\"ChannelWeights\":{\"x\":0.0,\"y\":0.0,\"z\":0.0,\"w\":0.0},\"Version\":\"0.0.0\",\"ModuleId\":0}]},{\"Modules\":[{\"ChannelWeights\":{\"x\":0.0,\"y\":0.0,\"z\":0.0,\"w\":0.0},\"Version\":\"0.0.0\",\"ModuleId\":0}]},{\"Modules\":[{\"ChannelWeights\":{\"x\":0.0,\"y\":0.0,\"z\":0.0,\"w\":0.0},\"Version\":\"0.0.0\",\"ModuleId\":0}]}]}]}]},{\"Id\":32,\"Pos\":{\"x\":-924.549133,\"y\":88.22159,\"z\":791.9039},\"Rot\":{\"x\":0.0,\"y\":0.0,\"z\":0.0,\"w\":1.0},\"Storages\":[{\"Version\":\"0.0.0\",\"ItemBlocks\":[]}]},{\"Id\":54,\"Pos\":{\"x\":-980.252258,\"y\":93.27611,\"z\":796.456665},\"Rot\":{\"x\":0.0,\"y\":-0.0104386425,\"z\":0.0,\"w\":-0.9999455},\"Storages\":[]},{\"Id\":53,\"Pos\":{\"x\":-984.647156,\"y\":92.02793,\"z\":799.292542},\"Rot\":{\"x\":-1.35420279E-07,\"y\":0.025718756,\"z\":3.4839942E-09,\"w\":0.999669254},\"Storages\":[]},{\"Id\":54,\"Pos\":{\"x\":-982.517944,\"y\":93.27611,\"z\":796.5929},\"Rot\":{\"x\":0.0,\"y\":-0.0104386425,\"z\":0.0,\"w\":-0.9999455},\"Storages\":[]},{\"Id\":54,\"Pos\":{\"x\":-984.769653,\"y\":93.27611,\"z\":796.713562},\"Rot\":{\"x\":0.0,\"y\":-0.0104386425,\"z\":0.0,\"w\":-0.9999455},\"Storages\":[]},{\"Id\":54,\"Pos\":{\"x\":-987.0262,\"y\":93.27611,\"z\":796.8121},\"Rot\":{\"x\":0.0,\"y\":-0.0104386425,\"z\":0.0,\"w\":-0.9999455},\"Storages\":[]},{\"Id\":53,\"Pos\":{\"x\":-970.7769,\"y\":91.6328659,\"z\":798.2909},\"Rot\":{\"x\":0.08326804,\"y\":0.7576889,\"z\":-0.0986225456,\"w\":0.6397246},\"Storages\":[]},{\"Id\":53,\"Pos\":{\"x\":-970.542,\"y\":91.6727,\"z\":802.779236},\"Rot\":{\"x\":0.0388914123,\"y\":0.7614702,\"z\":-0.045885507,\"w\":0.6454031},\"Storages\":[]},{\"Id\":53,\"Pos\":{\"x\":-970.4205,\"y\":91.68158,\"z\":804.990234},\"Rot\":{\"x\":0.027710665,\"y\":0.768817365,\"z\":-0.03339283,\"w\":0.637994468},\"Storages\":[]},{\"Id\":53,\"Pos\":{\"x\":-970.194641,\"y\":91.6522141,\"z\":809.4616},\"Rot\":{\"x\":0.06582093,\"y\":0.71174705,\"z\":-0.0673005059,\"w\":0.69609946},\"Storages\":[]},{\"Id\":53,\"Pos\":{\"x\":-970.309,\"y\":91.67093,\"z\":807.2986},\"Rot\":{\"x\":0.04101407,\"y\":0.7607343,\"z\":-0.04830123,\"w\":0.645962954},\"Storages\":[]},{\"Id\":24,\"Pos\":{\"x\":-983.8858,\"y\":93.54589,\"z\":813.7027},\"Rot\":{\"x\":0.0,\"y\":0.157044962,\"z\":0.0,\"w\":-0.987591445},\"Storages\":[]},{\"Id\":54,\"Pos\":{\"x\":-983.8858,\"y\":93.54589,\"z\":813.7027},\"Rot\":{\"x\":0.0,\"y\":0.157044962,\"z\":0.0,\"w\":-0.987591445},\"Storages\":[]},{\"Id\":54,\"Pos\":{\"x\":-983.8858,\"y\":93.54589,\"z\":813.7027},\"Rot\":{\"x\":0.0,\"y\":0.157044962,\"z\":0.0,\"w\":-0.987591445},\"Storages\":[]},{\"Id\":54,\"Pos\":{\"x\":-983.8858,\"y\":93.54589,\"z\":813.7027},\"Rot\":{\"x\":0.0,\"y\":0.157044962,\"z\":0.0,\"w\":-0.987591445},\"Storages\":[]},{\"Id\":54,\"Pos\":{\"x\":-983.8858,\"y\":93.54589,\"z\":813.7027},\"Rot\":{\"x\":0.0,\"y\":0.157044962,\"z\":0.0,\"w\":-0.987591445},\"Storages\":[]},{\"Id\":54,\"Pos\":{\"x\":-983.8858,\"y\":93.54589,\"z\":813.7027},\"Rot\":{\"x\":0.0,\"y\":0.157044962,\"z\":0.0,\"w\":-0.987591445},\"Storages\":[]},{\"Id\":54,\"Pos\":{\"x\":-983.8858,\"y\":93.54589,\"z\":813.7027},\"Rot\":{\"x\":0.0,\"y\":0.157044962,\"z\":0.0,\"w\":-0.987591445},\"Storages\":[]},{\"Id\":54,\"Pos\":{\"x\":-983.8858,\"y\":93.54589,\"z\":813.7027},\"Rot\":{\"x\":0.0,\"y\":0.157044962,\"z\":0.0,\"w\":-0.987591445},\"Storages\":[]},{\"Id\":54,\"Pos\":{\"x\":-983.8858,\"y\":93.54589,\"z\":813.7027},\"Rot\":{\"x\":0.0,\"y\":0.157044962,\"z\":0.0,\"w\":-0.987591445},\"Storages\":[]},{\"Id\":54,\"Pos\":{\"x\":-983.8858,\"y\":93.54589,\"z\":813.7027},\"Rot\":{\"x\":0.0,\"y\":0.157044962,\"z\":0.0,\"w\":-0.987591445},\"Storages\":[]},{\"Id\":54,\"Pos\":{\"x\":-983.8858,\"y\":93.54589,\"z\":813.7027},\"Rot\":{\"x\":0.0,\"y\":0.157044962,\"z\":0.0,\"w\":-0.987591445},\"Storages\":[]},{\"Id\":54,\"Pos\":{\"x\":-983.8858,\"y\":93.54589,\"z\":813.7027},\"Rot\":{\"x\":0.0,\"y\":0.157044962,\"z\":0.0,\"w\":-0.987591445},\"Storages\":[]},{\"Id\":54,\"Pos\":{\"x\":-983.8858,\"y\":93.54589,\"z\":813.7027},\"Rot\":{\"x\":0.0,\"y\":0.157044962,\"z\":0.0,\"w\":-0.987591445},\"Storages\":[]},{\"Id\":54,\"Pos\":{\"x\":-983.8858,\"y\":93.54589,\"z\":813.7027},\"Rot\":{\"x\":0.0,\"y\":0.157044962,\"z\":0.0,\"w\":-0.987591445},\"Storages\":[]},{\"Id\":54,\"Pos\":{\"x\":-983.8858,\"y\":93.54589,\"z\":813.7027},\"Rot\":{\"x\":0.0,\"y\":0.157044962,\"z\":0.0,\"w\":-0.987591445},\"Storages\":[]},{\"Id\":54,\"Pos\":{\"x\":-983.8858,\"y\":93.54589,\"z\":813.7027},\"Rot\":{\"x\":0.0,\"y\":0.157044962,\"z\":0.0,\"w\":-0.987591445},\"Storages\":[]},{\"Id\":54,\"Pos\":{\"x\":-983.8858,\"y\":93.54589,\"z\":813.7027},\"Rot\":{\"x\":0.0,\"y\":0.157044962,\"z\":0.0,\"w\":-0.987591445},\"Storages\":[]},{\"Id\":54,\"Pos\":{\"x\":-983.8858,\"y\":93.54589,\"z\":813.7027},\"Rot\":{\"x\":0.0,\"y\":0.157044962,\"z\":0.0,\"w\":-0.987591445},\"Storages\":[]},{\"Id\":54,\"Pos\":{\"x\":-983.8858,\"y\":93.54589,\"z\":813.7027},\"Rot\":{\"x\":0.0,\"y\":0.157044962,\"z\":0.0,\"w\":-0.987591445},\"Storages\":[]},{\"Id\":54,\"Pos\":{\"x\":-983.8858,\"y\":93.54589,\"z\":813.7027},\"Rot\":{\"x\":0.0,\"y\":0.157044962,\"z\":0.0,\"w\":-0.987591445},\"Storages\":[]},{\"Id\":54,\"Pos\":{\"x\":-983.8858,\"y\":93.54589,\"z\":813.7027},\"Rot\":{\"x\":0.0,\"y\":0.157044962,\"z\":0.0,\"w\":-0.987591445},\"Storages\":[]},{\"Id\":54,\"Pos\":{\"x\":-983.8858,\"y\":93.54589,\"z\":813.7027},\"Rot\":{\"x\":0.0,\"y\":0.157044962,\"z\":0.0,\"w\":-0.987591445},\"Storages\":[]},{\"Id\":54,\"Pos\":{\"x\":-983.8858,\"y\":93.54589,\"z\":813.7027},\"Rot\":{\"x\":0.0,\"y\":0.157044962,\"z\":0.0,\"w\":-0.987591445},\"Storages\":[]},{\"Id\":54,\"Pos\":{\"x\":-983.8858,\"y\":93.54589,\"z\":813.7027},\"Rot\":{\"x\":0.0,\"y\":0.157044962,\"z\":0.0,\"w\":-0.987591445},\"Storages\":[]},{\"Id\":54,\"Pos\":{\"x\":-983.8858,\"y\":93.54589,\"z\":813.7027},\"Rot\":{\"x\":0.0,\"y\":0.157044962,\"z\":0.0,\"w\":-0.987591445},\"Storages\":[]},{\"Id\":54,\"Pos\":{\"x\":-983.8858,\"y\":93.54589,\"z\":813.7027},\"Rot\":{\"x\":0.0,\"y\":0.157044962,\"z\":0.0,\"w\":-0.987591445},\"Storages\":[]},{\"Id\":54,\"Pos\":{\"x\":-983.8858,\"y\":93.54589,\"z\":813.7027},\"Rot\":{\"x\":0.0,\"y\":0.157044962,\"z\":0.0,\"w\":-0.987591445},\"Storages\":[]},{\"Id\":36,\"Pos\":{\"x\":-988.38916,\"y\":89.72132,\"z\":801.416565},\"Rot\":{\"x\":0.0,\"y\":0.7016382,\"z\":0.0,\"w\":0.712533355},\"Storages\":[]},{\"Id\":49,\"Pos\":{\"x\":-982.262634,\"y\":89.72132,\"z\":808.472534},\"Rot\":{\"x\":0.0,\"y\":0.03850228,\"z\":0.0,\"w\":0.9992585},\"Storages\":[{\"Version\":\"0.0.0\",\"ItemBlocks\":[{\"ItemId\":441,\"TotalCount\":5,\"UniqueItems\":[]}]},{\"Version\":\"0.0.0\",\"ItemBlocks\":[{\"ItemId\":441,\"TotalCount\":4,\"UniqueItems\":[]}]},{\"Version\":\"0.0.0\",\"ItemBlocks\":[{\"ItemId\":439,\"TotalCount\":6,\"UniqueItems\":[]}]},{\"Version\":\"0.0.0\",\"ItemBlocks\":[{\"ItemId\":400,\"TotalCount\":9,\"UniqueItems\":[]}]},{\"Version\":\"0.0.0\",\"ItemBlocks\":[{\"ItemId\":434,\"TotalCount\":6,\"UniqueItems\":[]}]},{\"Version\":\"0.0.0\",\"ItemBlocks\":[{\"ItemId\":425,\"TotalCount\":3,\"UniqueItems\":[]}]},{\"Version\":\"0.0.0\",\"ItemBlocks\":[{\"ItemId\":438,\"TotalCount\":5,\"UniqueItems\":[]}]},{\"Version\":\"0.0.0\",\"ItemBlocks\":[{\"ItemId\":421,\"TotalCount\":2,\"UniqueItems\":[]}]},{\"Version\":\"0.0.0\",\"ItemBlocks\":[{\"ItemId\":433,\"TotalCount\":7,\"UniqueItems\":[{\"Modules\":[{\"CurrentState\":4,\"TimeRemainingInState\":172800.0,\"PauseDecay\":true,\"Version\":\"0.0.0\",\"ModuleId\":3}]},{\"Modules\":[{\"CurrentState\":4,\"TimeRemainingInState\":172800.0,\"PauseDecay\":true,\"Version\":\"0.0.0\",\"ModuleId\":3}]},{\"Modules\":[{\"CurrentState\":4,\"TimeRemainingInState\":172800.0,\"PauseDecay\":true,\"Version\":\"0.0.0\",\"ModuleId\":3}]},{\"Modules\":[{\"CurrentState\":4,\"TimeRemainingInState\":172800.0,\"PauseDecay\":true,\"Version\":\"0.0.0\",\"ModuleId\":3}]},{\"Modules\":[{\"CurrentState\":4,\"TimeRemainingInState\":172800.0,\"PauseDecay\":true,\"Version\":\"0.0.0\",\"ModuleId\":3}]},{\"Modules\":[{\"CurrentState\":4,\"TimeRemainingInState\":172800.0,\"PauseDecay\":true,\"Version\":\"0.0.0\",\"ModuleId\":3}]},{\"Modules\":[{\"CurrentState\":4,\"TimeRemainingInState\":172800.0,\"PauseDecay\":true,\"Version\":\"0.0.0\",\"ModuleId\":3}]}]}]},{\"Version\":\"0.0.0\",\"ItemBlocks\":[{\"ItemId\":436,\"TotalCount\":3,\"UniqueItems\":[{\"Modules\":[{\"CurrentState\":4,\"TimeRemainingInState\":172800.0,\"PauseDecay\":true,\"Version\":\"0.0.0\",\"ModuleId\":3}]},{\"Modules\":[{\"CurrentState\":4,\"TimeRemainingInState\":172800.0,\"PauseDecay\":true,\"Version\":\"0.0.0\",\"ModuleId\":3}]},{\"Modules\":[{\"CurrentState\":4,\"TimeRemainingInState\":172800.0,\"PauseDecay\":true,\"Version\":\"0.0.0\",\"ModuleId\":3}]}]}]},{\"Version\":\"0.0.0\",\"ItemBlocks\":[{\"ItemId\":436,\"TotalCount\":2,\"UniqueItems\":[{\"Modules\":[{\"CurrentState\":4,\"TimeRemainingInState\":172800.0,\"PauseDecay\":true,\"Version\":\"0.0.0\",\"ModuleId\":3}]},{\"Modules\":[{\"CurrentState\":4,\"TimeRemainingInState\":172800.0,\"PauseDecay\":true,\"Version\":\"0.0.0\",\"ModuleId\":3}]}]}]},{\"Version\":\"0.0.0\",\"ItemBlocks\":[{\"ItemId\":433,\"TotalCount\":1,\"UniqueItems\":[{\"Modules\":[{\"CurrentState\":4,\"TimeRemainingInState\":172800.0,\"PauseDecay\":true,\"Version\":\"0.0.0\",\"ModuleId\":3}]}]}]}]},{\"Id\":49,\"Pos\":{\"x\":-983.991638,\"y\":89.72132,\"z\":808.5526},\"Rot\":{\"x\":0.0,\"y\":0.03850228,\"z\":0.0,\"w\":0.9992585},\"Storages\":[{\"Version\":\"0.0.0\",\"ItemBlocks\":[{\"ItemId\":440,\"TotalCount\":10,\"UniqueItems\":[]}]},{\"Version\":\"0.0.0\",\"ItemBlocks\":[{\"ItemId\":523,\"TotalCount\":4,\"UniqueItems\":[]}]},{\"Version\":\"0.0.0\",\"ItemBlocks\":[]},{\"Version\":\"0.0.0\",\"ItemBlocks\":[]},{\"Version\":\"0.0.0\",\"ItemBlocks\":[{\"ItemId\":381,\"TotalCount\":5,\"UniqueItems\":[]}]},{\"Version\":\"0.0.0\",\"ItemBlocks\":[{\"ItemId\":381,\"TotalCount\":5,\"UniqueItems\":[]}]},{\"Version\":\"0.0.0\",\"ItemBlocks\":[{\"ItemId\":417,\"TotalCount\":2,\"UniqueItems\":[]}]},{\"Version\":\"0.0.0\",\"ItemBlocks\":[{\"ItemId\":388,\"TotalCount\":5,\"UniqueItems\":[]}]},{\"Version\":\"0.0.0\",\"ItemBlocks\":[{\"ItemId\":437,\"TotalCount\":3,\"UniqueItems\":[]}]},{\"Version\":\"0.0.0\",\"ItemBlocks\":[]},{\"Version\":\"0.0.0\",\"ItemBlocks\":[]},{\"Version\":\"0.0.0\",\"ItemBlocks\":[]}]},{\"Id\":49,\"Pos\":{\"x\":-987.382263,\"y\":89.72132,\"z\":808.7428},\"Rot\":{\"x\":0.0,\"y\":0.03850228,\"z\":0.0,\"w\":0.9992585},\"Storages\":[{\"Version\":\"0.0.0\",\"ItemBlocks\":[{\"ItemId\":508,\"TotalCount\":3,\"UniqueItems\":[]}]},{\"Version\":\"0.0.0\",\"ItemBlocks\":[]},{\"Version\":\"0.0.0\",\"ItemBlocks\":[]},{\"Version\":\"0.0.0\",\"ItemBlocks\":[]},{\"Version\":\"0.0.0\",\"ItemBlocks\":[{\"ItemId\":518,\"TotalCount\":2,\"UniqueItems\":[]}]},{\"Version\":\"0.0.0\",\"ItemBlocks\":[]},{\"Version\":\"0.0.0\",\"ItemBlocks\":[]},{\"Version\":\"0.0.0\",\"ItemBlocks\":[{\"ItemId\":504,\"TotalCount\":3,\"UniqueItems\":[]}]},{\"Version\":\"0.0.0\",\"ItemBlocks\":[]},{\"Version\":\"0.0.0\",\"ItemBlocks\":[]},{\"Version\":\"0.0.0\",\"ItemBlocks\":[]},{\"Version\":\"0.0.0\",\"ItemBlocks\":[]}]},{\"Id\":22,\"Pos\":{\"x\":-988.4745,\"y\":89.72132,\"z\":797.9087},\"Rot\":{\"x\":0.0,\"y\":-0.999569356,\"z\":0.0,\"w\":0.0293449517},\"Storages\":[]},{\"Id\":52,\"Pos\":{\"x\":-984.4342,\"y\":89.72132,\"z\":807.0449},\"Rot\":{\"x\":0.0,\"y\":-0.689874649,\"z\":0.0,\"w\":0.723928869},\"Storages\":[]},{\"Id\":20,\"Pos\":{\"x\":-987.24054,\"y\":89.72132,\"z\":795.2297},\"Rot\":{\"x\":0.0,\"y\":-0.626201,\"z\":0.0,\"w\":-0.7796617},\"Storages\":[]},{\"Id\":54,\"Pos\":{\"x\":-984.553833,\"y\":93.27612,\"z\":823.727661},\"Rot\":{\"x\":0.0,\"y\":-0.035421025,\"z\":0.0,\"w\":-0.9993725},\"Storages\":[]},{\"Id\":54,\"Pos\":{\"x\":-987.9548,\"y\":93.27611,\"z\":821.751},\"Rot\":{\"x\":0.0,\"y\":0.692774832,\"z\":0.0,\"w\":-0.721154034},\"Storages\":[]},{\"Id\":54,\"Pos\":{\"x\":-979.369141,\"y\":93.27612,\"z\":813.8977},\"Rot\":{\"x\":0.0,\"y\":0.9998898,\"z\":0.0,\"w\":-0.0148471976},\"Storages\":[]},{\"Id\":53,\"Pos\":{\"x\":-980.3866,\"y\":96.0433044,\"z\":800.9634},\"Rot\":{\"x\":0.0,\"y\":-0.6886875,\"z\":0.0,\"w\":0.7250583},\"Storages\":[]},{\"Id\":53,\"Pos\":{\"x\":-980.154236,\"y\":96.07375,\"z\":805.4719},\"Rot\":{\"x\":-1.96440368E-07,\"y\":-0.688686967,\"z\":-1.86586149E-07,\"w\":0.725058854},\"Storages\":[]},{\"Id\":53,\"Pos\":{\"x\":-979.9231,\"y\":96.0544,\"z\":809.9908},\"Rot\":{\"x\":0.0,\"y\":-0.688696742,\"z\":0.0,\"w\":0.725049555},\"Storages\":[]},{\"Id\":55,\"Pos\":{\"x\":-1012.43127,\"y\":95.8916,\"z\":822.815063},\"Rot\":{\"x\":-0.00552142132,\"y\":0.8393181,\"z\":0.008525921,\"w\":0.5435458},\"Storages\":[]},{\"Id\":54,\"Pos\":{\"x\":-978.135559,\"y\":97.5959,\"z\":817.7733},\"Rot\":{\"x\":0.0,\"y\":-0.6886875,\"z\":0.0,\"w\":0.7250583},\"Storages\":[]},{\"Id\":24,\"Pos\":{\"x\":-983.99,\"y\":97.5958939,\"z\":818.1759},\"Rot\":{\"x\":0.0,\"y\":-0.5779529,\"z\":0.0,\"w\":0.816070139},\"Storages\":[]},{\"Id\":54,\"Pos\":{\"x\":-983.99,\"y\":97.5958939,\"z\":818.1759},\"Rot\":{\"x\":0.0,\"y\":-0.5779529,\"z\":0.0,\"w\":0.816070139},\"Storages\":[]},{\"Id\":54,\"Pos\":{\"x\":-983.99,\"y\":97.5958939,\"z\":818.1759},\"Rot\":{\"x\":0.0,\"y\":-0.5779529,\"z\":0.0,\"w\":0.816070139},\"Storages\":[]},{\"Id\":54,\"Pos\":{\"x\":-983.99,\"y\":97.5958939,\"z\":818.1759},\"Rot\":{\"x\":0.0,\"y\":-0.5779529,\"z\":0.0,\"w\":0.816070139},\"Storages\":[]},{\"Id\":54,\"Pos\":{\"x\":-983.99,\"y\":97.5958939,\"z\":818.1759},\"Rot\":{\"x\":0.0,\"y\":-0.5779529,\"z\":0.0,\"w\":0.816070139},\"Storages\":[]},{\"Id\":54,\"Pos\":{\"x\":-983.99,\"y\":97.5958939,\"z\":818.1759},\"Rot\":{\"x\":0.0,\"y\":-0.5779529,\"z\":0.0,\"w\":0.816070139},\"Storages\":[]},{\"Id\":54,\"Pos\":{\"x\":-983.99,\"y\":97.5958939,\"z\":818.1759},\"Rot\":{\"x\":0.0,\"y\":-0.5779529,\"z\":0.0,\"w\":0.816070139},\"Storages\":[]},{\"Id\":54,\"Pos\":{\"x\":-983.99,\"y\":97.5958939,\"z\":818.1759},\"Rot\":{\"x\":0.0,\"y\":-0.5779529,\"z\":0.0,\"w\":0.816070139},\"Storages\":[]},{\"Id\":54,\"Pos\":{\"x\":-983.99,\"y\":97.5958939,\"z\":818.1759},\"Rot\":{\"x\":0.0,\"y\":-0.5779529,\"z\":0.0,\"w\":0.816070139},\"Storages\":[]},{\"Id\":54,\"Pos\":{\"x\":-983.99,\"y\":97.5958939,\"z\":818.1759},\"Rot\":{\"x\":0.0,\"y\":-0.5779529,\"z\":0.0,\"w\":0.816070139},\"Storages\":[]},{\"Id\":54,\"Pos\":{\"x\":-983.99,\"y\":97.5958939,\"z\":818.1759},\"Rot\":{\"x\":0.0,\"y\":-0.5779529,\"z\":0.0,\"w\":0.816070139},\"Storages\":[]},{\"Id\":54,\"Pos\":{\"x\":-983.99,\"y\":97.5958939,\"z\":818.1759},\"Rot\":{\"x\":0.0,\"y\":-0.5779529,\"z\":0.0,\"w\":0.816070139},\"Storages\":[]},{\"Id\":54,\"Pos\":{\"x\":-983.99,\"y\":97.5958939,\"z\":818.1759},\"Rot\":{\"x\":0.0,\"y\":-0.5779529,\"z\":0.0,\"w\":0.816070139},\"Storages\":[]},{\"Id\":54,\"Pos\":{\"x\":-983.99,\"y\":97.5958939,\"z\":818.1759},\"Rot\":{\"x\":0.0,\"y\":-0.5779529,\"z\":0.0,\"w\":0.816070139},\"Storages\":[]},{\"Id\":54,\"Pos\":{\"x\":-983.99,\"y\":97.5958939,\"z\":818.1759},\"Rot\":{\"x\":0.0,\"y\":-0.5779529,\"z\":0.0,\"w\":0.816070139},\"Storages\":[]},{\"Id\":54,\"Pos\":{\"x\":-983.99,\"y\":97.5958939,\"z\":818.1759},\"Rot\":{\"x\":0.0,\"y\":-0.5779529,\"z\":0.0,\"w\":0.816070139},\"Storages\":[]},{\"Id\":54,\"Pos\":{\"x\":-983.99,\"y\":97.5958939,\"z\":818.1759},\"Rot\":{\"x\":0.0,\"y\":-0.5779529,\"z\":0.0,\"w\":0.816070139},\"Storages\":[]},{\"Id\":54,\"Pos\":{\"x\":-983.99,\"y\":97.5958939,\"z\":818.1759},\"Rot\":{\"x\":0.0,\"y\":-0.5779529,\"z\":0.0,\"w\":0.816070139},\"Storages\":[]},{\"Id\":54,\"Pos\":{\"x\":-983.99,\"y\":97.5958939,\"z\":818.1759},\"Rot\":{\"x\":0.0,\"y\":-0.5779529,\"z\":0.0,\"w\":0.816070139},\"Storages\":[]},{\"Id\":54,\"Pos\":{\"x\":-983.99,\"y\":97.5958939,\"z\":818.1759},\"Rot\":{\"x\":0.0,\"y\":-0.5779529,\"z\":0.0,\"w\":0.816070139},\"Storages\":[]},{\"Id\":54,\"Pos\":{\"x\":-983.99,\"y\":97.5958939,\"z\":818.1759},\"Rot\":{\"x\":0.0,\"y\":-0.5779529,\"z\":0.0,\"w\":0.816070139},\"Storages\":[]},{\"Id\":54,\"Pos\":{\"x\":-983.99,\"y\":97.5958939,\"z\":818.1759},\"Rot\":{\"x\":0.0,\"y\":-0.5779529,\"z\":0.0,\"w\":0.816070139},\"Storages\":[]},{\"Id\":0,\"Pos\":{\"x\":-976.527649,\"y\":92.09863,\"z\":811.28064},\"Rot\":{\"x\":0.0,\"y\":0.725058854,\"z\":0.0,\"w\":0.688686967},\"Storages\":[{\"Version\":\"0.0.0\",\"ItemBlocks\":[{\"ItemId\":479,\"TotalCount\":5,\"UniqueItems\":[]}]}]},{\"Id\":51,\"Pos\":{\"x\":-976.261,\"y\":91.25194,\"z\":809.3909},\"Rot\":{\"x\":0.0007630697,\"y\":0.9992289,\"z\":0.0296981484,\"w\":-0.02567437},\"Storages\":[{\"Version\":\"0.0.0\",\"ItemBlocks\":[{\"ItemId\":504,\"TotalCount\":1,\"UniqueItems\":[]}]},{\"Version\":\"0.0.0\",\"ItemBlocks\":[{\"ItemId\":469,\"TotalCount\":1,\"UniqueItems\":[]}]},{\"Version\":\"0.0.0\",\"ItemBlocks\":[{\"ItemId\":508,\"TotalCount\":2,\"UniqueItems\":[]}]},{\"Version\":\"0.0.0\",\"ItemBlocks\":[]}]},{\"Id\":23,\"Pos\":{\"x\":-977.9498,\"y\":94.38622,\"z\":812.7536},\"Rot\":{\"x\":0.0,\"y\":-0.68868643,\"z\":0.0,\"w\":0.72505933},\"Storages\":[]},{\"Id\":22,\"Pos\":{\"x\":-971.2501,\"y\":93.7713242,\"z\":810.619934},\"Rot\":{\"x\":0.0,\"y\":-0.9996424,\"z\":0.0,\"w\":0.0267414916},\"Storages\":[]},{\"Id\":53,\"Pos\":{\"x\":-977.6815,\"y\":96.53339,\"z\":809.8983},\"Rot\":{\"x\":0.0,\"y\":-0.6886839,\"z\":0.0,\"w\":0.7250617},\"Storages\":[]},{\"Id\":53,\"Pos\":{\"x\":-979.563538,\"y\":96.00982,\"z\":803.1912},\"Rot\":{\"x\":0.0,\"y\":0.7250583,\"z\":0.0,\"w\":0.688687444},\"Storages\":[]},{\"Id\":53,\"Pos\":{\"x\":-979.6826,\"y\":96.0285339,\"z\":800.927246},\"Rot\":{\"x\":0.0,\"y\":0.7250681,\"z\":0.0,\"w\":0.6886772},\"Storages\":[]},{\"Id\":49,\"Pos\":{\"x\":-978.6634,\"y\":93.7713242,\"z\":806.016846},\"Rot\":{\"x\":0.0,\"y\":-0.04390345,\"z\":0.0,\"w\":-0.9990358},\"Storages\":[{\"Version\":\"0.0.0\",\"ItemBlocks\":[]},{\"Version\":\"0.0.0\",\"ItemBlocks\":[]},{\"Version\":\"0.0.0\",\"ItemBlocks\":[]},{\"Version\":\"0.0.0\",\"ItemBlocks\":[]},{\"Version\":\"0.0.0\",\"ItemBlocks\":[{\"ItemId\":434,\"TotalCount\":4,\"UniqueItems\":[]}]},{\"Version\":\"0.0.0\",\"ItemBlocks\":[{\"ItemId\":439,\"TotalCount\":5,\"UniqueItems\":[]}]},{\"Version\":\"0.0.0\",\"ItemBlocks\":[{\"ItemId\":414,\"TotalCount\":4,\"UniqueItems\":[]}]},{\"Version\":\"0.0.0\",\"ItemBlocks\":[{\"ItemId\":466,\"TotalCount\":3,\"UniqueItems\":[]}]},{\"Version\":\"0.0.0\",\"ItemBlocks\":[]},{\"Version\":\"0.0.0\",\"ItemBlocks\":[]},{\"Version\":\"0.0.0\",\"ItemBlocks\":[]},{\"Version\":\"0.0.0\",\"ItemBlocks\":[]}]},{\"Id\":49,\"Pos\":{\"x\":-976.983643,\"y\":93.7713242,\"z\":805.8888},\"Rot\":{\"x\":0.0,\"y\":-0.04390345,\"z\":0.0,\"w\":-0.9990358},\"Storages\":[{\"Version\":\"0.0.0\",\"ItemBlocks\":[]},{\"Version\":\"0.0.0\",\"ItemBlocks\":[]},{\"Version\":\"0.0.0\",\"ItemBlocks\":[]},{\"Version\":\"0.0.0\",\"ItemBlocks\":[]},{\"Version\":\"0.0.0\",\"ItemBlocks\":[{\"ItemId\":433,\"TotalCount\":7,\"UniqueItems\":[{\"Modules\":[{\"CurrentState\":4,\"TimeRemainingInState\":172800.0,\"PauseDecay\":true,\"Version\":\"0.0.0\",\"ModuleId\":3}]},{\"Modules\":[{\"CurrentState\":4,\"TimeRemainingInState\":172800.0,\"PauseDecay\":true,\"Version\":\"0.0.0\",\"ModuleId\":3}]},{\"Modules\":[{\"CurrentState\":4,\"TimeRemainingInState\":172800.0,\"PauseDecay\":true,\"Version\":\"0.0.0\",\"ModuleId\":3}]},{\"Modules\":[{\"CurrentState\":4,\"TimeRemainingInState\":172800.0,\"PauseDecay\":true,\"Version\":\"0.0.0\",\"ModuleId\":3}]},{\"Modules\":[{\"CurrentState\":4,\"TimeRemainingInState\":172800.0,\"PauseDecay\":true,\"Version\":\"0.0.0\",\"ModuleId\":3}]},{\"Modules\":[{\"CurrentState\":4,\"TimeRemainingInState\":172800.0,\"PauseDecay\":true,\"Version\":\"0.0.0\",\"ModuleId\":3}]},{\"Modules\":[{\"CurrentState\":4,\"TimeRemainingInState\":172800.0,\"PauseDecay\":true,\"Version\":\"0.0.0\",\"ModuleId\":3}]}]}]},{\"Version\":\"0.0.0\",\"ItemBlocks\":[{\"ItemId\":436,\"TotalCount\":2,\"UniqueItems\":[{\"Modules\":[{\"CurrentState\":4,\"TimeRemainingInState\":172800.0,\"PauseDecay\":true,\"Version\":\"0.0.0\",\"ModuleId\":3}]},{\"Modules\":[{\"CurrentState\":4,\"TimeRemainingInState\":172800.0,\"PauseDecay\":true,\"Version\":\"0.0.0\",\"ModuleId\":3}]}]}]},{\"Version\":\"0.0.0\",\"ItemBlocks\":[{\"ItemId\":433,\"TotalCount\":6,\"UniqueItems\":[{\"Modules\":[{\"CurrentState\":4,\"TimeRemainingInState\":172800.0,\"PauseDecay\":true,\"Version\":\"0.0.0\",\"ModuleId\":3}]},{\"Modules\":[{\"CurrentState\":4,\"TimeRemainingInState\":172800.0,\"PauseDecay\":true,\"Version\":\"0.0.0\",\"ModuleId\":3}]},{\"Modules\":[{\"CurrentState\":4,\"TimeRemainingInState\":172800.0,\"PauseDecay\":true,\"Version\":\"0.0.0\",\"ModuleId\":3}]},{\"Modules\":[{\"CurrentState\":4,\"TimeRemainingInState\":172800.0,\"PauseDecay\":true,\"Version\":\"0.0.0\",\"ModuleId\":3}]},{\"Modules\":[{\"CurrentState\":4,\"TimeRemainingInState\":172800.0,\"PauseDecay\":true,\"Version\":\"0.0.0\",\"ModuleId\":3}]},{\"Modules\":[{\"CurrentState\":4,\"TimeRemainingInState\":172800.0,\"PauseDecay\":true,\"Version\":\"0.0.0\",\"ModuleId\":3}]}]}]},{\"Version\":\"0.0.0\",\"ItemBlocks\":[]},{\"Version\":\"0.0.0\",\"ItemBlocks\":[]},{\"Version\":\"0.0.0\",\"ItemBlocks\":[]},{\"Version\":\"0.0.0\",\"ItemBlocks\":[]},{\"Version\":\"0.0.0\",\"ItemBlocks\":[]}]},{\"Id\":48,\"Pos\":{\"x\":-972.0191,\"y\":93.7713242,\"z\":805.922241},\"Rot\":{\"x\":0.0,\"y\":-0.716687739,\"z\":0.0,\"w\":-0.6973942},\"Storages\":[]},{\"Id\":51,\"Pos\":{\"x\":-970.9391,\"y\":96.25076,\"z\":810.5215},\"Rot\":{\"x\":0.0,\"y\":-0.688686967,\"z\":0.0,\"w\":0.725058854},\"Storages\":[{\"Version\":\"0.0.0\",\"ItemBlocks\":[{\"ItemId\":364,\"TotalCount\":3,\"UniqueItems\":[]}]},{\"Version\":\"0.0.0\",\"ItemBlocks\":[{\"ItemId\":416,\"TotalCount\":1,\"UniqueItems\":[]}]},{\"Version\":\"0.0.0\",\"ItemBlocks\":[{\"ItemId\":496,\"TotalCount\":2,\"UniqueItems\":[]}]},{\"Version\":\"0.0.0\",\"ItemBlocks\":[]}]},{\"Id\":22,\"Pos\":{\"x\":-971.963,\"y\":93.7713242,\"z\":804.334656},\"Rot\":{\"x\":0.0,\"y\":0.71568197,\"z\":0.0,\"w\":0.6984263},\"Storages\":[]},{\"Id\":25,\"Pos\":{\"x\":-971.5515,\"y\":93.7713242,\"z\":807.8919},\"Rot\":{\"x\":0.0,\"y\":-0.94067955,\"z\":0.0,\"w\":0.339296281},\"Storages\":[]},{\"Id\":32,\"Pos\":{\"x\":-979.171448,\"y\":89.72133,\"z\":817.951965},\"Rot\":{\"x\":0.0,\"y\":0.695787,\"z\":0.0,\"w\":-0.7182482},\"Storages\":[{\"Version\":\"0.0.0\",\"ItemBlocks\":[]}]},{\"Id\":29,\"Pos\":{\"x\":-980.1665,\"y\":89.72133,\"z\":818.347351},\"Rot\":{\"x\":0.0,\"y\":0.9995777,\"z\":0.0,\"w\":-0.0290594231},\"Storages\":[{\"Version\":\"0.0.0\",\"ItemBlocks\":[{\"ItemId\":392,\"TotalCount\":66,\"UniqueItems\":[{\"Modules\":[{\"ChannelWeights\":{\"x\":0.0,\"y\":0.0,\"z\":0.0,\"w\":0.0},\"Version\":\"0.0.0\",\"ModuleId\":0}]},{\"Modules\":[{\"ChannelWeights\":{\"x\":0.0,\"y\":0.0,\"z\":0.0,\"w\":0.0},\"Version\":\"0.0.0\",\"ModuleId\":0}]},{\"Modules\":[{\"ChannelWeights\":{\"x\":0.0,\"y\":0.0,\"z\":0.0,\"w\":0.0},\"Version\":\"0.0.0\",\"ModuleId\":0}]},{\"Modules\":[{\"ChannelWeights\":{\"x\":0.0,\"y\":0.0,\"z\":0.0,\"w\":0.0},\"Version\":\"0.0.0\",\"ModuleId\":0}]},{\"Modules\":[{\"ChannelWeights\":{\"x\":0.0,\"y\":0.0,\"z\":0.0,\"w\":0.0},\"Version\":\"0.0.0\",\"ModuleId\":0}]},{\"Modules\":[{\"ChannelWeights\":{\"x\":0.0,\"y\":0.0,\"z\":0.0,\"w\":0.0},\"Version\":\"0.0.0\",\"ModuleId\":0}]},{\"Modules\":[{\"ChannelWeights\":{\"x\":0.0,\"y\":0.0,\"z\":0.0,\"w\":0.0},\"Version\":\"0.0.0\",\"ModuleId\":0}]},{\"Modules\":[{\"ChannelWeights\":{\"x\":0.0,\"y\":0.0,\"z\":0.0,\"w\":0.0},\"Version\":\"0.0.0\",\"ModuleId\":0}]},{\"Modules\":[{\"ChannelWeights\":{\"x\":0.0,\"y\":0.0,\"z\":0.0,\"w\":0.0},\"Version\":\"0.0.0\",\"ModuleId\":0}]},{\"Modules\":[{\"ChannelWeights\":{\"x\":0.0,\"y\":0.0,\"z\":0.0,\"w\":0.0},\"Version\":\"0.0.0\",\"ModuleId\":0}]},{\"Modules\":[{\"ChannelWeights\":{\"x\":0.0,\"y\":0.0,\"z\":0.0,\"w\":0.0},\"Version\":\"0.0.0\",\"ModuleId\":0}]},{\"Modules\":[{\"ChannelWeights\":{\"x\":0.0,\"y\":0.0,\"z\":0.0,\"w\":0.0},\"Version\":\"0.0.0\",\"ModuleId\":0}]},{\"Modules\":[{\"ChannelWeights\":{\"x\":0.0,\"y\":0.0,\"z\":0.0,\"w\":0.0},\"Version\":\"0.0.0\",\"ModuleId\":0}]},{\"Modules\":[{\"ChannelWeights\":{\"x\":0.0,\"y\":0.0,\"z\":0.0,\"w\":0.0},\"Version\":\"0.0.0\",\"ModuleId\":0}]},{\"Modules\":[{\"ChannelWeights\":{\"x\":0.0,\"y\":0.0,\"z\":0.0,\"w\":0.0},\"Version\":\"0.0.0\",\"ModuleId\":0}]},{\"Modules\":[{\"ChannelWeights\":{\"x\":0.0,\"y\":0.0,\"z\":0.0,\"w\":0.0},\"Version\":\"0.0.0\",\"ModuleId\":0}]},{\"Modules\":[{\"ChannelWeights\":{\"x\":0.0,\"y\":0.0,\"z\":0.0,\"w\":0.0},\"Version\":\"0.0.0\",\"ModuleId\":0}]},{\"Modules\":[{\"ChannelWeights\":{\"x\":0.0,\"y\":0.0,\"z\":0.0,\"w\":0.0},\"Version\":\"0.0.0\",\"ModuleId\":0}]},{\"Modules\":[{\"ChannelWeights\":{\"x\":0.0,\"y\":0.0,\"z\":0.0,\"w\":0.0},\"Version\":\"0.0.0\",\"ModuleId\":0}]},{\"Modules\":[{\"ChannelWeights\":{\"x\":0.0,\"y\":0.0,\"z\":0.0,\"w\":0.0},\"Version\":\"0.0.0\",\"ModuleId\":0}]},{\"Modules\":[{\"ChannelWeights\":{\"x\":0.0,\"y\":0.0,\"z\":0.0,\"w\":0.0},\"Version\":\"0.0.0\",\"ModuleId\":0}]},{\"Modules\":[{\"ChannelWeights\":{\"x\":0.0,\"y\":0.0,\"z\":0.0,\"w\":0.0},\"Version\":\"0.0.0\",\"ModuleId\":0}]},{\"Modules\":[{\"ChannelWeights\":{\"x\":0.0,\"y\":0.0,\"z\":0.0,\"w\":0.0},\"Version\":\"0.0.0\",\"ModuleId\":0}]},{\"Modules\":[{\"ChannelWeights\":{\"x\":0.0,\"y\":0.0,\"z\":0.0,\"w\":0.0},\"Version\":\"0.0.0\",\"ModuleId\":0}]},{\"Modules\":[{\"ChannelWeights\":{\"x\":0.0,\"y\":0.0,\"z\":0.0,\"w\":0.0},\"Version\":\"0.0.0\",\"ModuleId\":0}]},{\"Modules\":[{\"ChannelWeights\":{\"x\":0.0,\"y\":0.0,\"z\":0.0,\"w\":0.0},\"Version\":\"0.0.0\",\"ModuleId\":0}]},{\"Modules\":[{\"ChannelWeights\":{\"x\":0.0,\"y\":0.0,\"z\":0.0,\"w\":0.0},\"Version\":\"0.0.0\",\"ModuleId\":0}]},{\"Modules\":[{\"ChannelWeights\":{\"x\":0.0,\"y\":0.0,\"z\":0.0,\"w\":0.0},\"Version\":\"0.0.0\",\"ModuleId\":0}]},{\"Modules\":[{\"ChannelWeights\":{\"x\":0.0,\"y\":0.0,\"z\":0.0,\"w\":0.0},\"Version\":\"0.0.0\",\"ModuleId\":0}]},{\"Modules\":[{\"ChannelWeights\":{\"x\":0.0,\"y\":0.0,\"z\":0.0,\"w\":0.0},\"Version\":\"0.0.0\",\"ModuleId\":0}]},{\"Modules\":[{\"ChannelWeights\":{\"x\":0.0,\"y\":0.0,\"z\":0.0,\"w\":0.0},\"Version\":\"0.0.0\",\"ModuleId\":0}]},{\"Modules\":[{\"ChannelWeights\":{\"x\":0.0,\"y\":0.0,\"z\":0.0,\"w\":0.0},\"Version\":\"0.0.0\",\"ModuleId\":0}]},{\"Modules\":[{\"ChannelWeights\":{\"x\":0.0,\"y\":0.0,\"z\":0.0,\"w\":0.0},\"Version\":\"0.0.0\",\"ModuleId\":0}]},{\"Modules\":[{\"ChannelWeights\":{\"x\":0.0,\"y\":0.0,\"z\":0.0,\"w\":0.0},\"Version\":\"0.0.0\",\"ModuleId\":0}]},{\"Modules\":[{\"ChannelWeights\":{\"x\":0.0,\"y\":0.0,\"z\":0.0,\"w\":0.0},\"Version\":\"0.0.0\",\"ModuleId\":0}]},{\"Modules\":[{\"ChannelWeights\":{\"x\":0.0,\"y\":0.0,\"z\":0.0,\"w\":0.0},\"Version\":\"0.0.0\",\"ModuleId\":0}]},{\"Modules\":[{\"ChannelWeights\":{\"x\":0.0,\"y\":0.0,\"z\":0.0,\"w\":0.0},\"Version\":\"0.0.0\",\"ModuleId\":0}]},{\"Modules\":[{\"ChannelWeights\":{\"x\":0.0,\"y\":0.0,\"z\":0.0,\"w\":0.0},\"Version\":\"0.0.0\",\"ModuleId\":0}]},{\"Modules\":[{\"ChannelWeights\":{\"x\":0.0,\"y\":0.0,\"z\":0.0,\"w\":0.0},\"Version\":\"0.0.0\",\"ModuleId\":0}]},{\"Modules\":[{\"ChannelWeights\":{\"x\":0.0,\"y\":0.0,\"z\":0.0,\"w\":0.0},\"Version\":\"0.0.0\",\"ModuleId\":0}]},{\"Modules\":[{\"ChannelWeights\":{\"x\":0.0,\"y\":0.0,\"z\":0.0,\"w\":0.0},\"Version\":\"0.0.0\",\"ModuleId\":0}]},{\"Modules\":[{\"ChannelWeights\":{\"x\":0.0,\"y\":0.0,\"z\":0.0,\"w\":0.0},\"Version\":\"0.0.0\",\"ModuleId\":0}]},{\"Modules\":[{\"ChannelWeights\":{\"x\":0.0,\"y\":0.0,\"z\":0.0,\"w\":0.0},\"Version\":\"0.0.0\",\"ModuleId\":0}]},{\"Modules\":[{\"ChannelWeights\":{\"x\":0.0,\"y\":0.0,\"z\":0.0,\"w\":0.0},\"Version\":\"0.0.0\",\"ModuleId\":0}]},{\"Modules\":[{\"ChannelWeights\":{\"x\":0.0,\"y\":0.0,\"z\":0.0,\"w\":0.0},\"Version\":\"0.0.0\",\"ModuleId\":0}]},{\"Modules\":[{\"ChannelWeights\":{\"x\":0.0,\"y\":0.0,\"z\":0.0,\"w\":0.0},\"Version\":\"0.0.0\",\"ModuleId\":0}]},{\"Modules\":[{\"ChannelWeights\":{\"x\":0.0,\"y\":0.0,\"z\":0.0,\"w\":0.0},\"Version\":\"0.0.0\",\"ModuleId\":0}]},{\"Modules\":[{\"ChannelWeights\":{\"x\":0.0,\"y\":0.0,\"z\":0.0,\"w\":0.0},\"Version\":\"0.0.0\",\"ModuleId\":0}]},{\"Modules\":[{\"ChannelWeights\":{\"x\":0.0,\"y\":0.0,\"z\":0.0,\"w\":0.0},\"Version\":\"0.0.0\",\"ModuleId\":0}]},{\"Modules\":[{\"ChannelWeights\":{\"x\":0.0,\"y\":0.0,\"z\":0.0,\"w\":0.0},\"Version\":\"0.0.0\",\"ModuleId\":0}]},{\"Modules\":[{\"ChannelWeights\":{\"x\":0.0,\"y\":0.0,\"z\":0.0,\"w\":0.0},\"Version\":\"0.0.0\",\"ModuleId\":0}]},{\"Modules\":[{\"ChannelWeights\":{\"x\":0.0,\"y\":0.0,\"z\":0.0,\"w\":0.0},\"Version\":\"0.0.0\",\"ModuleId\":0}]},{\"Modules\":[{\"ChannelWeights\":{\"x\":0.0,\"y\":0.0,\"z\":0.0,\"w\":0.0},\"Version\":\"0.0.0\",\"ModuleId\":0}]},{\"Modules\":[{\"ChannelWeights\":{\"x\":0.0,\"y\":0.0,\"z\":0.0,\"w\":0.0},\"Version\":\"0.0.0\",\"ModuleId\":0}]},{\"Modules\":[{\"ChannelWeights\":{\"x\":0.0,\"y\":0.0,\"z\":0.0,\"w\":0.0},\"Version\":\"0.0.0\",\"ModuleId\":0}]},{\"Modules\":[{\"ChannelWeights\":{\"x\":0.0,\"y\":0.0,\"z\":0.0,\"w\":0.0},\"Version\":\"0.0.0\",\"ModuleId\":0}]},{\"Modules\":[{\"ChannelWeights\":{\"x\":0.0,\"y\":0.0,\"z\":0.0,\"w\":0.0},\"Version\":\"0.0.0\",\"ModuleId\":0}]},{\"Modules\":[{\"ChannelWeights\":{\"x\":0.0,\"y\":0.0,\"z\":0.0,\"w\":0.0},\"Version\":\"0.0.0\",\"ModuleId\":0}]},{\"Modules\":[{\"ChannelWeights\":{\"x\":0.0,\"y\":0.0,\"z\":0.0,\"w\":0.0},\"Version\":\"0.0.0\",\"ModuleId\":0}]},{\"Modules\":[{\"ChannelWeights\":{\"x\":0.0,\"y\":0.0,\"z\":0.0,\"w\":0.0},\"Version\":\"0.0.0\",\"ModuleId\":0}]},{\"Modules\":[{\"ChannelWeights\":{\"x\":0.0,\"y\":0.0,\"z\":0.0,\"w\":0.0},\"Version\":\"0.0.0\",\"ModuleId\":0}]},{\"Modules\":[{\"ChannelWeights\":{\"x\":0.0,\"y\":0.0,\"z\":0.0,\"w\":0.0},\"Version\":\"0.0.0\",\"ModuleId\":0}]},{\"Modules\":[{\"ChannelWeights\":{\"x\":0.0,\"y\":0.0,\"z\":0.0,\"w\":0.0},\"Version\":\"0.0.0\",\"ModuleId\":0}]},{\"Modules\":[{\"ChannelWeights\":{\"x\":0.0,\"y\":0.0,\"z\":0.0,\"w\":0.0},\"Version\":\"0.0.0\",\"ModuleId\":0}]},{\"Modules\":[{\"ChannelWeights\":{\"x\":0.0,\"y\":0.0,\"z\":0.0,\"w\":0.0},\"Version\":\"0.0.0\",\"ModuleId\":0}]},{\"Modules\":[{\"ChannelWeights\":{\"x\":0.0,\"y\":0.0,\"z\":0.0,\"w\":0.0},\"Version\":\"0.0.0\",\"ModuleId\":0}]}]}]}]},{\"Id\":27,\"Pos\":{\"x\":-980.212158,\"y\":89.72132,\"z\":819.9506},\"Rot\":{\"x\":0.0,\"y\":0.00539950328,\"z\":0.0,\"w\":0.999985456},\"Storages\":[{\"Version\":\"0.0.0\",\"ItemBlocks\":[{\"ItemId\":433,\"TotalCount\":4,\"UniqueItems\":[{\"Modules\":[{\"CurrentState\":4,\"TimeRemainingInState\":172800.0,\"PauseDecay\":true,\"Version\":\"0.0.0\",\"ModuleId\":3}]},{\"Modules\":[{\"CurrentState\":4,\"TimeRemainingInState\":172800.0,\"PauseDecay\":true,\"Version\":\"0.0.0\",\"ModuleId\":3}]},{\"Modules\":[{\"CurrentState\":1,\"TimeRemainingInState\":34451.9648,\"PauseDecay\":true,\"Version\":\"0.0.0\",\"ModuleId\":3}]},{\"Modules\":[{\"CurrentState\":1,\"TimeRemainingInState\":34440.08,\"PauseDecay\":true,\"Version\":\"0.0.0\",\"ModuleId\":3}]}]}]}]},{\"Id\":27,\"Pos\":{\"x\":-978.1445,\"y\":89.72132,\"z\":819.860535},\"Rot\":{\"x\":0.0,\"y\":0.00539950328,\"z\":0.0,\"w\":0.999985456},\"Storages\":[{\"Version\":\"0.0.0\",\"ItemBlocks\":[{\"ItemId\":433,\"TotalCount\":5,\"UniqueItems\":[{\"Modules\":[{\"CurrentState\":4,\"TimeRemainingInState\":172800.0,\"PauseDecay\":true,\"Version\":\"0.0.0\",\"ModuleId\":3}]},{\"Modules\":[{\"CurrentState\":1,\"TimeRemainingInState\":18667.9141,\"PauseDecay\":true,\"Version\":\"0.0.0\",\"ModuleId\":3}]},{\"Modules\":[{\"CurrentState\":1,\"TimeRemainingInState\":18654.4414,\"PauseDecay\":true,\"Version\":\"0.0.0\",\"ModuleId\":3}]},{\"Modules\":[{\"CurrentState\":1,\"TimeRemainingInState\":34561.6523,\"PauseDecay\":true,\"Version\":\"0.0.0\",\"ModuleId\":3}]},{\"Modules\":[{\"CurrentState\":1,\"TimeRemainingInState\":18620.0488,\"PauseDecay\":true,\"Version\":\"0.0.0\",\"ModuleId\":3}]}]}]}]},{\"Id\":40,\"Pos\":{\"x\":-987.5653,\"y\":89.72132,\"z\":811.346},\"Rot\":{\"x\":0.0,\"y\":-3.46819652E-05,\"z\":0.0,\"w\":1.0},\"Storages\":[]},{\"Id\":40,\"Pos\":{\"x\":-987.4945,\"y\":89.72132,\"z\":812.2009},\"Rot\":{\"x\":0.0,\"y\":-3.46819652E-05,\"z\":0.0,\"w\":1.0},\"Storages\":[]},{\"Id\":40,\"Pos\":{\"x\":-987.471252,\"y\":89.72132,\"z\":813.0619},\"Rot\":{\"x\":0.0,\"y\":-3.46819652E-05,\"z\":0.0,\"w\":1.0},\"Storages\":[]},{\"Id\":40,\"Pos\":{\"x\":-987.439,\"y\":89.72132,\"z\":813.9494},\"Rot\":{\"x\":0.0,\"y\":-3.46819652E-05,\"z\":0.0,\"w\":1.0},\"Storages\":[]},{\"Id\":40,\"Pos\":{\"x\":-987.305664,\"y\":89.72132,\"z\":816.148254},\"Rot\":{\"x\":0.0,\"y\":-3.46819652E-05,\"z\":0.0,\"w\":1.0},\"Storages\":[]},{\"Id\":40,\"Pos\":{\"x\":-987.1708,\"y\":89.72132,\"z\":817.847656},\"Rot\":{\"x\":0.0,\"y\":-3.46819652E-05,\"z\":0.0,\"w\":1.0},\"Storages\":[]},{\"Id\":40,\"Pos\":{\"x\":-987.2537,\"y\":89.72132,\"z\":816.9879},\"Rot\":{\"x\":0.0,\"y\":-3.46819652E-05,\"z\":0.0,\"w\":1.0},\"Storages\":[]},{\"Id\":40,\"Pos\":{\"x\":-987.0278,\"y\":89.72132,\"z\":818.684631},\"Rot\":{\"x\":0.0,\"y\":-3.46819652E-05,\"z\":0.0,\"w\":1.0},\"Storages\":[]},{\"Id\":53,\"Pos\":{\"x\":-970.2484,\"y\":90.9738159,\"z\":814.3932},\"Rot\":{\"x\":0.0,\"y\":0.0257232022,\"z\":0.0,\"w\":0.999669135},\"Storages\":[]},{\"Id\":53,\"Pos\":{\"x\":-968.040955,\"y\":91.10959,\"z\":814.2627},\"Rot\":{\"x\":-2.979246E-08,\"y\":0.0257230848,\"z\":7.66607666E-10,\"w\":0.999669135},\"Storages\":[]},{\"Id\":54,\"Pos\":{\"x\":-971.806152,\"y\":93.27611,\"z\":809.692749},\"Rot\":{\"x\":0.0,\"y\":0.0257232022,\"z\":0.0,\"w\":0.999669135},\"Storages\":[]},{\"Id\":54,\"Pos\":{\"x\":-973.6428,\"y\":93.2761154,\"z\":809.7741},\"Rot\":{\"x\":0.0,\"y\":0.0257232022,\"z\":0.0,\"w\":0.999669135},\"Storages\":[]},{\"Id\":54,\"Pos\":{\"x\":-979.140564,\"y\":93.27611,\"z\":807.703857},\"Rot\":{\"x\":0.0,\"y\":-0.757098258,\"z\":0.0,\"w\":-0.65330106},\"Storages\":[]},{\"Id\":53,\"Pos\":{\"x\":-981.455,\"y\":92.19177,\"z\":817.2429},\"Rot\":{\"x\":0.0,\"y\":0.0257194154,\"z\":0.0,\"w\":0.9996692},\"Storages\":[]},{\"Id\":53,\"Pos\":{\"x\":-988.0118,\"y\":92.0198059,\"z\":814.971863},\"Rot\":{\"x\":0.0,\"y\":0.7250583,\"z\":0.0,\"w\":0.688687444},\"Storages\":[]},{\"Id\":53,\"Pos\":{\"x\":-988.7648,\"y\":92.57142,\"z\":800.3431},\"Rot\":{\"x\":0.06761245,\"y\":0.7215383,\"z\":-0.07117954,\"w\":0.685379148},\"Storages\":[]},{\"Id\":53,\"Pos\":{\"x\":-988.426331,\"y\":92.556366,\"z\":807.028564},\"Rot\":{\"x\":0.0926575,\"y\":0.718461,\"z\":-0.09754945,\"w\":0.68243134},\"Storages\":[]},{\"Id\":53,\"Pos\":{\"x\":-979.5624,\"y\":96.68112,\"z\":816.7722},\"Rot\":{\"x\":0.0,\"y\":-0.688683867,\"z\":0.0,\"w\":0.7250618},\"Storages\":[]},{\"Id\":53,\"Pos\":{\"x\":-985.644348,\"y\":96.93004,\"z\":823.529541},\"Rot\":{\"x\":0.0,\"y\":0.999669135,\"z\":0.0,\"w\":-0.0257233251},\"Storages\":[]},{\"Id\":53,\"Pos\":{\"x\":-978.8876,\"y\":96.95489,\"z\":823.1745},\"Rot\":{\"x\":0.0,\"y\":0.999669135,\"z\":0.0,\"w\":-0.0257230382},\"Storages\":[]},{\"Id\":54,\"Pos\":{\"x\":-981.302063,\"y\":97.32611,\"z\":798.7526},\"Rot\":{\"x\":0.0,\"y\":0.999206,\"z\":0.0,\"w\":-0.0398411043},\"Storages\":[]},{\"Id\":49,\"Pos\":{\"x\":-979.337341,\"y\":93.7713242,\"z\":804.38},\"Rot\":{\"x\":0.0,\"y\":-0.6845231,\"z\":0.0,\"w\":0.7289912},\"Storages\":[{\"Version\":\"0.0.0\",\"ItemBlocks\":[{\"ItemId\":430,\"TotalCount\":1,\"UniqueItems\":[]}]},{\"Version\":\"0.0.0\",\"ItemBlocks\":[{\"ItemId\":430,\"TotalCount\":1,\"UniqueItems\":[]}]},{\"Version\":\"0.0.0\",\"ItemBlocks\":[{\"ItemId\":430,\"TotalCount\":1,\"UniqueItems\":[]}]},{\"Version\":\"0.0.0\",\"ItemBlocks\":[{\"ItemId\":430,\"TotalCount\":1,\"UniqueItems\":[]}]},{\"Version\":\"0.0.0\",\"ItemBlocks\":[{\"ItemId\":430,\"TotalCount\":1,\"UniqueItems\":[]}]},{\"Version\":\"0.0.0\",\"ItemBlocks\":[{\"ItemId\":430,\"TotalCount\":1,\"UniqueItems\":[]}]},{\"Version\":\"0.0.0\",\"ItemBlocks\":[{\"ItemId\":430,\"TotalCount\":1,\"UniqueItems\":[]}]},{\"Version\":\"0.0.0\",\"ItemBlocks\":[{\"ItemId\":430,\"TotalCount\":1,\"UniqueItems\":[]}]},{\"Version\":\"0.0.0\",\"ItemBlocks\":[{\"ItemId\":430,\"TotalCount\":1,\"UniqueItems\":[]}]},{\"Version\":\"0.0.0\",\"ItemBlocks\":[{\"ItemId\":430,\"TotalCount\":1,\"UniqueItems\":[]}]},{\"Version\":\"0.0.0\",\"ItemBlocks\":[{\"ItemId\":430,\"TotalCount\":1,\"UniqueItems\":[]}]},{\"Version\":\"0.0.0\",\"ItemBlocks\":[]}]},{\"Id\":54,\"Pos\":{\"x\":-986.7074,\"y\":97.32611,\"z\":803.655334},\"Rot\":{\"x\":0.0,\"y\":-0.663711,\"z\":0.0,\"w\":0.7479891},\"Storages\":[]},{\"Id\":53,\"Pos\":{\"x\":-977.0787,\"y\":92.72677,\"z\":821.1951},\"Rot\":{\"x\":0.0,\"y\":-0.6886839,\"z\":0.0,\"w\":0.7250617},\"Storages\":[]},{\"Id\":53,\"Pos\":{\"x\":-986.4727,\"y\":92.38971,\"z\":808.4435},\"Rot\":{\"x\":0.0,\"y\":0.0257231463,\"z\":0.0,\"w\":0.999669135},\"Storages\":[]},{\"Id\":49,\"Pos\":{\"x\":-988.2629,\"y\":89.72132,\"z\":805.220947},\"Rot\":{\"x\":0.0,\"y\":-0.6845231,\"z\":0.0,\"w\":0.7289912},\"Storages\":[{\"Version\":\"0.0.0\",\"ItemBlocks\":[{\"ItemId\":440,\"TotalCount\":2,\"UniqueItems\":[]}]},{\"Version\":\"0.0.0\",\"ItemBlocks\":[{\"ItemId\":523,\"TotalCount\":1,\"UniqueItems\":[]}]},{\"Version\":\"0.0.0\",\"ItemBlocks\":[{\"ItemId\":527,\"TotalCount\":1,\"UniqueItems\":[]}]},{\"Version\":\"0.0.0\",\"ItemBlocks\":[{\"ItemId\":403,\"TotalCount\":2,\"UniqueItems\":[]}]},{\"Version\":\"0.0.0\",\"ItemBlocks\":[{\"ItemId\":381,\"TotalCount\":5,\"UniqueItems\":[]}]},{\"Version\":\"0.0.0\",\"ItemBlocks\":[{\"ItemId\":381,\"TotalCount\":4,\"UniqueItems\":[]}]},{\"Version\":\"0.0.0\",\"ItemBlocks\":[{\"ItemId\":417,\"TotalCount\":2,\"UniqueItems\":[]}]},{\"Version\":\"0.0.0\",\"ItemBlocks\":[{\"ItemId\":388,\"TotalCount\":5,\"UniqueItems\":[]}]},{\"Version\":\"0.0.0\",\"ItemBlocks\":[{\"ItemId\":437,\"TotalCount\":1,\"UniqueItems\":[]}]},{\"Version\":\"0.0.0\",\"ItemBlocks\":[]},{\"Version\":\"0.0.0\",\"ItemBlocks\":[]},{\"Version\":\"0.0.0\",\"ItemBlocks\":[]}]},{\"Id\":27,\"Pos\":{\"x\":-880.5703,\"y\":95.12162,\"z\":773.5742},\"Rot\":{\"x\":-0.0251594931,\"y\":-0.758357,\"z\":0.006316333,\"w\":-0.6513232},\"Storages\":[{\"Version\":\"0.0.0\",\"ItemBlocks\":[{\"ItemId\":433,\"TotalCount\":3,\"UniqueItems\":[{\"Modules\":[{\"CurrentState\":4,\"TimeRemainingInState\":172800.0,\"PauseDecay\":true,\"Version\":\"0.0.0\",\"ModuleId\":3}]},{\"Modules\":[{\"CurrentState\":4,\"TimeRemainingInState\":172800.0,\"PauseDecay\":true,\"Version\":\"0.0.0\",\"ModuleId\":3}]},{\"Modules\":[{\"CurrentState\":4,\"TimeRemainingInState\":172800.0,\"PauseDecay\":true,\"Version\":\"0.0.0\",\"ModuleId\":3}]}]}]}]},{\"Id\":55,\"Pos\":{\"x\":-881.9923,\"y\":100.552765,\"z\":790.6234},\"Rot\":{\"x\":0.320971131,\"y\":0.486002117,\"z\":-0.197850183,\"w\":0.7884382},\"Storages\":[]},{\"Id\":27,\"Pos\":{\"x\":-879.928345,\"y\":95.08593,\"z\":775.760132},\"Rot\":{\"x\":-0.004027552,\"y\":-0.580471933,\"z\":-0.0256244838,\"w\":0.813867033},\"Storages\":[{\"Version\":\"0.0.0\",\"ItemBlocks\":[]}]},{\"Id\":49,\"Pos\":{\"x\":-774.013733,\"y\":103.758408,\"z\":571.5721},\"Rot\":{\"x\":0.0122912927,\"y\":0.0,\"z\":0.0103970291,\"w\":0.9998704},\"Storages\":[{\"Version\":\"0.0.0\",\"ItemBlocks\":[]},{\"Version\":\"0.0.0\",\"ItemBlocks\":[]},{\"Version\":\"0.0.0\",\"ItemBlocks\":[]},{\"Version\":\"0.0.0\",\"ItemBlocks\":[]},{\"Version\":\"0.0.0\",\"ItemBlocks\":[]},{\"Version\":\"0.0.0\",\"ItemBlocks\":[]},{\"Version\":\"0.0.0\",\"ItemBlocks\":[]},{\"Version\":\"0.0.0\",\"ItemBlocks\":[{\"ItemId\":390,\"TotalCount\":2,\"UniqueItems\":[]}]},{\"Version\":\"0.0.0\",\"ItemBlocks\":[]},{\"Version\":\"0.0.0\",\"ItemBlocks\":[{\"ItemId\":390,\"TotalCount\":2,\"UniqueItems\":[]}]},{\"Version\":\"0.0.0\",\"ItemBlocks\":[{\"ItemId\":476,\"TotalCount\":1,\"UniqueItems\":[]}]},{\"Version\":\"0.0.0\",\"ItemBlocks\":[]}]},{\"Id\":54,\"Pos\":{\"x\":-986.5703,\"y\":101.365746,\"z\":803.576},\"Rot\":{\"x\":0.0,\"y\":-0.6694898,\"z\":0.0,\"w\":0.7428212},\"Storages\":[]},{\"Id\":53,\"Pos\":{\"x\":-983.3271,\"y\":102.746658,\"z\":818.095032},\"Rot\":{\"x\":0.231773585,\"y\":0.682772,\"z\":-0.244020909,\"w\":0.64850384},\"Storages\":[]},{\"Id\":53,\"Pos\":{\"x\":-977.0846,\"y\":100.746857,\"z\":807.5732},\"Rot\":{\"x\":0.0,\"y\":0.7250617,\"z\":0.0,\"w\":0.6886839},\"Storages\":[]},{\"Id\":53,\"Pos\":{\"x\":-977.1956,\"y\":100.686012,\"z\":805.371643},\"Rot\":{\"x\":0.0,\"y\":0.725061953,\"z\":0.0,\"w\":0.6886837},\"Storages\":[]},{\"Id\":53,\"Pos\":{\"x\":-984.733337,\"y\":101.751167,\"z\":804.649353},\"Rot\":{\"x\":0.0,\"y\":-0.688706458,\"z\":0.0,\"w\":0.725040257},\"Storages\":[]},{\"Id\":53,\"Pos\":{\"x\":-984.4957,\"y\":101.670715,\"z\":809.1484},\"Rot\":{\"x\":9.822271E-08,\"y\":-0.6886669,\"z\":9.32903E-08,\"w\":0.725077868},\"Storages\":[]},{\"Id\":53,\"Pos\":{\"x\":-986.952759,\"y\":98.0578,\"z\":798.6709},\"Rot\":{\"x\":-7.666084E-10,\"y\":0.999669135,\"z\":-2.979246E-08,\"w\":-0.025723109},\"Storages\":[]},{\"Id\":53,\"Pos\":{\"x\":-971.1598,\"y\":92.9360046,\"z\":797.87616},\"Rot\":{\"x\":8.07032441E-10,\"y\":0.999669135,\"z\":3.13635447E-08,\"w\":-0.0257230289},\"Storages\":[]},{\"Id\":27,\"Pos\":{\"x\":-692.7684,\"y\":102.799835,\"z\":455.6583},\"Rot\":{\"x\":0.0103454795,\"y\":-0.4944168,\"z\":-0.0058850795,\"w\":0.8691435},\"Storages\":[{\"Version\":\"0.0.0\",\"ItemBlocks\":[]}]},{\"Id\":27,\"Pos\":{\"x\":-695.490356,\"y\":103.097885,\"z\":453.963135},\"Rot\":{\"x\":-0.0233307183,\"y\":-0.2722745,\"z\":0.0258740261,\"w\":0.96158874},\"Storages\":[{\"Version\":\"0.0.0\",\"ItemBlocks\":[{\"ItemId\":433,\"TotalCount\":2,\"UniqueItems\":[{\"Modules\":[{\"CurrentState\":4,\"TimeRemainingInState\":172800.0,\"PauseDecay\":true,\"Version\":\"0.0.0\",\"ModuleId\":3}]},{\"Modules\":[{\"CurrentState\":4,\"TimeRemainingInState\":172800.0,\"PauseDecay\":true,\"Version\":\"0.0.0\",\"ModuleId\":3}]}]}]}]},{\"Id\":55,\"Pos\":{\"x\":-728.3613,\"y\":142.553345,\"z\":542.0482},\"Rot\":{\"x\":0.0628575757,\"y\":-0.3973027,\"z\":0.02728968,\"w\":0.915125549},\"Storages\":[]},{\"Id\":55,\"Pos\":{\"x\":-674.37854,\"y\":123.834641,\"z\":489.425537},\"Rot\":{\"x\":0.09304943,\"y\":0.784338057,\"z\":-0.6011807,\"w\":0.121398136},\"Storages\":[]},{\"Id\":54,\"Pos\":{\"x\":-983.595,\"y\":97.3261261,\"z\":812.488647},\"Rot\":{\"x\":0.0,\"y\":-0.729328752,\"z\":0.0,\"w\":-0.684163451},\"Storages\":[]},{\"Id\":55,\"Pos\":{\"x\":-628.174438,\"y\":167.522446,\"z\":444.656342},\"Rot\":{\"x\":-0.0386379361,\"y\":0.9253872,\"z\":0.09821982,\"w\":0.3640309},\"Storages\":[]},{\"Id\":55,\"Pos\":{\"x\":-468.870544,\"y\":210.067291,\"z\":315.0274},\"Rot\":{\"x\":0.334119171,\"y\":0.659850359,\"z\":-0.5275595,\"w\":0.417902976},\"Storages\":[]},{\"Id\":55,\"Pos\":{\"x\":-581.2256,\"y\":165.7591,\"z\":385.5173},\"Rot\":{\"x\":-0.0421888269,\"y\":0.831348,\"z\":-0.550473452,\"w\":-0.06371534},\"Storages\":[]},{\"Id\":55,\"Pos\":{\"x\":-881.6915,\"y\":106.975204,\"z\":737.335144},\"Rot\":{\"x\":-0.0180320069,\"y\":0.98168,\"z\":0.145587489,\"w\":0.121587776},\"Storages\":[]},{\"Id\":55,\"Pos\":{\"x\":-825.372559,\"y\":126.524994,\"z\":648.9586},\"Rot\":{\"x\":0.04120371,\"y\":-0.338332534,\"z\":0.0148302643,\"w\":0.94000715},\"Storages\":[]},{\"Id\":55,\"Pos\":{\"x\":-526.9613,\"y\":208.680756,\"z\":355.2377},\"Rot\":{\"x\":0.161402762,\"y\":-0.460603029,\"z\":0.08558885,\"w\":0.8686015},\"Storages\":[]},{\"Id\":55,\"Pos\":{\"x\":-448.89978,\"y\":267.142334,\"z\":307.6004},\"Rot\":{\"x\":0.352094382,\"y\":-0.5302463,\"z\":0.256695867,\"w\":0.7273071},\"Storages\":[]},{\"Id\":55,\"Pos\":{\"x\":-684.1798,\"y\":128.750336,\"z\":482.728149},\"Rot\":{\"x\":-0.121656157,\"y\":0.850578368,\"z\":-0.4593027,\"w\":-0.225293934},\"Storages\":[]},{\"Id\":55,\"Pos\":{\"x\":-375.086884,\"y\":325.7505,\"z\":293.3723},\"Rot\":{\"x\":0.189978957,\"y\":-0.6530079,\"z\":0.1742045,\"w\":0.712138653},\"Storages\":[]},{\"Id\":49,\"Pos\":{\"x\":-986.2987,\"y\":97.8213348,\"z\":813.775757},\"Rot\":{\"x\":0.0,\"y\":-0.6933043,\"z\":0.0,\"w\":0.720644951},\"Storages\":[{\"Version\":\"0.0.0\",\"ItemBlocks\":[]},{\"Version\":\"0.0.0\",\"ItemBlocks\":[]},{\"Version\":\"0.0.0\",\"ItemBlocks\":[]},{\"Version\":\"0.0.0\",\"ItemBlocks\":[]},{\"Version\":\"0.0.0\",\"ItemBlocks\":[]},{\"Version\":\"0.0.0\",\"ItemBlocks\":[]},{\"Version\":\"0.0.0\",\"ItemBlocks\":[]},{\"Version\":\"0.0.0\",\"ItemBlocks\":[]},{\"Version\":\"0.0.0\",\"ItemBlocks\":[]},{\"Version\":\"0.0.0\",\"ItemBlocks\":[]},{\"Version\":\"0.0.0\",\"ItemBlocks\":[]},{\"Version\":\"0.0.0\",\"ItemBlocks\":[]}]},{\"Id\":49,\"Pos\":{\"x\":-986.1413,\"y\":97.82133,\"z\":815.9831},\"Rot\":{\"x\":0.0,\"y\":-0.6933043,\"z\":0.0,\"w\":0.720644951},\"Storages\":[{\"Version\":\"0.0.0\",\"ItemBlocks\":[]},{\"Version\":\"0.0.0\",\"ItemBlocks\":[]},{\"Version\":\"0.0.0\",\"ItemBlocks\":[]},{\"Version\":\"0.0.0\",\"ItemBlocks\":[]},{\"Version\":\"0.0.0\",\"ItemBlocks\":[]},{\"Version\":\"0.0.0\",\"ItemBlocks\":[]},{\"Version\":\"0.0.0\",\"ItemBlocks\":[]},{\"Version\":\"0.0.0\",\"ItemBlocks\":[]},{\"Version\":\"0.0.0\",\"ItemBlocks\":[]},{\"Version\":\"0.0.0\",\"ItemBlocks\":[]},{\"Version\":\"0.0.0\",\"ItemBlocks\":[]},{\"Version\":\"0.0.0\",\"ItemBlocks\":[]}]},{\"Id\":49,\"Pos\":{\"x\":-985.942566,\"y\":97.82133,\"z\":818.214355},\"Rot\":{\"x\":0.0,\"y\":-0.732179344,\"z\":0.0,\"w\":-0.6811119},\"Storages\":[{\"Version\":\"0.0.0\",\"ItemBlocks\":[]},{\"Version\":\"0.0.0\",\"ItemBlocks\":[]},{\"Version\":\"0.0.0\",\"ItemBlocks\":[]},{\"Version\":\"0.0.0\",\"ItemBlocks\":[]},{\"Version\":\"0.0.0\",\"ItemBlocks\":[]},{\"Version\":\"0.0.0\",\"ItemBlocks\":[]},{\"Version\":\"0.0.0\",\"ItemBlocks\":[]},{\"Version\":\"0.0.0\",\"ItemBlocks\":[]},{\"Version\":\"0.0.0\",\"ItemBlocks\":[]},{\"Version\":\"0.0.0\",\"ItemBlocks\":[]},{\"Version\":\"0.0.0\",\"ItemBlocks\":[]},{\"Version\":\"0.0.0\",\"ItemBlocks\":[]}]},{\"Id\":49,\"Pos\":{\"x\":-985.7964,\"y\":97.82133,\"z\":820.4811},\"Rot\":{\"x\":0.0,\"y\":-0.6933043,\"z\":0.0,\"w\":0.720644951},\"Storages\":[{\"Version\":\"0.0.0\",\"ItemBlocks\":[]},{\"Version\":\"0.0.0\",\"ItemBlocks\":[]},{\"Version\":\"0.0.0\",\"ItemBlocks\":[]},{\"Version\":\"0.0.0\",\"ItemBlocks\":[]},{\"Version\":\"0.0.0\",\"ItemBlocks\":[]},{\"Version\":\"0.0.0\",\"ItemBlocks\":[]},{\"Version\":\"0.0.0\",\"ItemBlocks\":[]},{\"Version\":\"0.0.0\",\"ItemBlocks\":[]},{\"Version\":\"0.0.0\",\"ItemBlocks\":[]},{\"Version\":\"0.0.0\",\"ItemBlocks\":[]},{\"Version\":\"0.0.0\",\"ItemBlocks\":[]},{\"Version\":\"0.0.0\",\"ItemBlocks\":[]}]},{\"Id\":49,\"Pos\":{\"x\":-985.5968,\"y\":97.82134,\"z\":822.726746},\"Rot\":{\"x\":0.0,\"y\":-0.6933043,\"z\":0.0,\"w\":0.720644951},\"Storages\":[{\"Version\":\"0.0.0\",\"ItemBlocks\":[]},{\"Version\":\"0.0.0\",\"ItemBlocks\":[]},{\"Version\":\"0.0.0\",\"ItemBlocks\":[]},{\"Version\":\"0.0.0\",\"ItemBlocks\":[]},{\"Version\":\"0.0.0\",\"ItemBlocks\":[]},{\"Version\":\"0.0.0\",\"ItemBlocks\":[]},{\"Version\":\"0.0.0\",\"ItemBlocks\":[]},{\"Version\":\"0.0.0\",\"ItemBlocks\":[]},{\"Version\":\"0.0.0\",\"ItemBlocks\":[]},{\"Version\":\"0.0.0\",\"ItemBlocks\":[]},{\"Version\":\"0.0.0\",\"ItemBlocks\":[]},{\"Version\":\"0.0.0\",\"ItemBlocks\":[]}]},{\"Id\":22,\"Pos\":{\"x\":-978.8404,\"y\":103.221344,\"z\":804.0549},\"Rot\":{\"x\":0.0,\"y\":-0.7435883,\"z\":0.0,\"w\":-0.6686378},\"Storages\":[]},{\"Id\":53,\"Pos\":{\"x\":-979.318542,\"y\":106.636841,\"z\":807.737061},\"Rot\":{\"x\":6.15731253E-08,\"y\":0.725061834,\"z\":-6.482558E-08,\"w\":0.6886838},\"Storages\":[]},{\"Id\":54,\"Pos\":{\"x\":-981.040955,\"y\":106.776131,\"z\":803.3185},\"Rot\":{\"x\":0.0,\"y\":-0.0276793968,\"z\":0.0,\"w\":-0.999616861},\"Storages\":[]},{\"Id\":55,\"Pos\":{\"x\":-990.7662,\"y\":93.36847,\"z\":774.399536},\"Rot\":{\"x\":-0.08445803,\"y\":0.165985316,\"z\":0.0142699275,\"w\":0.9824012},\"Storages\":[]},{\"Id\":55,\"Pos\":{\"x\":-947.127563,\"y\":92.67308,\"z\":804.8718},\"Rot\":{\"x\":-0.0102908788,\"y\":0.794122159,\"z\":0.013451715,\"w\":0.60752213},\"Storages\":[]},{\"Id\":23,\"Pos\":{\"x\":-976.0251,\"y\":94.80021,\"z\":822.0113},\"Rot\":{\"x\":0.0,\"y\":0.72505933,\"z\":0.0,\"w\":0.6886865},\"Storages\":[]},{\"Id\":23,\"Pos\":{\"x\":-976.180237,\"y\":94.81293,\"z\":819.933044},\"Rot\":{\"x\":9.297483E-14,\"y\":0.72505933,\"z\":-9.788527E-14,\"w\":0.6886865},\"Storages\":[]},{\"Id\":23,\"Pos\":{\"x\":-976.2359,\"y\":94.8268,\"z\":817.745239},\"Rot\":{\"x\":1.07655211E-13,\"y\":0.7250583,\"z\":-1.13340693E-13,\"w\":0.688687444},\"Storages\":[]},{\"Id\":0,\"Pos\":{\"x\":-979.891846,\"y\":103.01474,\"z\":824.432739},\"Rot\":{\"x\":3.409476E-13,\"y\":0.0257308427,\"z\":-8.775775E-15,\"w\":0.9996689},\"Storages\":[{\"Version\":\"0.0.0\",\"ItemBlocks\":[{\"ItemId\":479,\"TotalCount\":5,\"UniqueItems\":[]}]}]},{\"Id\":23,\"Pos\":{\"x\":-986.8207,\"y\":91.99059,\"z\":820.0315},\"Rot\":{\"x\":0.0300235059,\"y\":0.0257071573,\"z\":-0.000772422762,\"w\":0.9992183},\"Storages\":[]},{\"Id\":49,\"Pos\":{\"x\":-985.686951,\"y\":89.72132,\"z\":808.6594},\"Rot\":{\"x\":0.0,\"y\":0.0191332866,\"z\":0.0,\"w\":0.999816954},\"Storages\":[{\"Version\":\"0.0.0\",\"ItemBlocks\":[]},{\"Version\":\"0.0.0\",\"ItemBlocks\":[]},{\"Version\":\"0.0.0\",\"ItemBlocks\":[]},{\"Version\":\"0.0.0\",\"ItemBlocks\":[]},{\"Version\":\"0.0.0\",\"ItemBlocks\":[{\"ItemId\":433,\"TotalCount\":3,\"UniqueItems\":[{\"Modules\":[{\"CurrentState\":4,\"TimeRemainingInState\":172800.0,\"PauseDecay\":true,\"Version\":\"0.0.0\",\"ModuleId\":3}]},{\"Modules\":[{\"CurrentState\":4,\"TimeRemainingInState\":172800.0,\"PauseDecay\":true,\"Version\":\"0.0.0\",\"ModuleId\":3}]},{\"Modules\":[{\"CurrentState\":4,\"TimeRemainingInState\":172800.0,\"PauseDecay\":true,\"Version\":\"0.0.0\",\"ModuleId\":3}]}]}]},{\"Version\":\"0.0.0\",\"ItemBlocks\":[]},{\"Version\":\"0.0.0\",\"ItemBlocks\":[]},{\"Version\":\"0.0.0\",\"ItemBlocks\":[]},{\"Version\":\"0.0.0\",\"ItemBlocks\":[]},{\"Version\":\"0.0.0\",\"ItemBlocks\":[]},{\"Version\":\"0.0.0\",\"ItemBlocks\":[]},{\"Version\":\"0.0.0\",\"ItemBlocks\":[]}]},{\"Id\":23,\"Pos\":{\"x\":-988.5988,\"y\":94.57675,\"z\":822.8912},\"Rot\":{\"x\":-0.008290609,\"y\":-0.688643336,\"z\":-0.007874748,\"w\":0.7250101},\"Storages\":[]},{\"Id\":23,\"Pos\":{\"x\":-988.8223,\"y\":94.56017,\"z\":818.407166},\"Rot\":{\"x\":-0.008777708,\"y\":-0.68863976,\"z\":-0.008337457,\"w\":0.7250026},\"Storages\":[]},{\"Id\":24,\"Pos\":{\"x\":-975.3776,\"y\":93.27611,\"z\":803.0389},\"Rot\":{\"x\":0.0,\"y\":0.0,\"z\":0.0,\"w\":1.0},\"Storages\":[]},{\"Id\":54,\"Pos\":{\"x\":-975.3776,\"y\":93.27611,\"z\":803.0389},\"Rot\":{\"x\":0.0,\"y\":0.0,\"z\":0.0,\"w\":1.0},\"Storages\":[]},{\"Id\":54,\"Pos\":{\"x\":-975.3776,\"y\":93.27611,\"z\":803.0389},\"Rot\":{\"x\":0.0,\"y\":0.0,\"z\":0.0,\"w\":1.0},\"Storages\":[]},{\"Id\":54,\"Pos\":{\"x\":-975.3776,\"y\":93.27611,\"z\":803.0389},\"Rot\":{\"x\":0.0,\"y\":0.0,\"z\":0.0,\"w\":1.0},\"Storages\":[]},{\"Id\":54,\"Pos\":{\"x\":-975.3776,\"y\":93.27611,\"z\":803.0389},\"Rot\":{\"x\":0.0,\"y\":0.0,\"z\":0.0,\"w\":1.0},\"Storages\":[]},{\"Id\":54,\"Pos\":{\"x\":-975.3776,\"y\":93.27611,\"z\":803.0389},\"Rot\":{\"x\":0.0,\"y\":0.0,\"z\":0.0,\"w\":1.0},\"Storages\":[]},{\"Id\":54,\"Pos\":{\"x\":-975.3776,\"y\":93.27611,\"z\":803.0389},\"Rot\":{\"x\":0.0,\"y\":0.0,\"z\":0.0,\"w\":1.0},\"Storages\":[]},{\"Id\":54,\"Pos\":{\"x\":-975.3776,\"y\":93.27611,\"z\":803.0389},\"Rot\":{\"x\":0.0,\"y\":0.0,\"z\":0.0,\"w\":1.0},\"Storages\":[]},{\"Id\":55,\"Pos\":{\"x\":-924.918152,\"y\":111.070747,\"z\":753.3318},\"Rot\":{\"x\":-0.023902731,\"y\":0.9177624,\"z\":0.0558977574,\"w\":0.3924491},\"Storages\":[]},{\"Id\":24,\"Pos\":{\"x\":-975.1241,\"y\":97.32611,\"z\":807.5827},\"Rot\":{\"x\":0.0,\"y\":0.0,\"z\":0.0,\"w\":1.0},\"Storages\":[]},{\"Id\":54,\"Pos\":{\"x\":-975.1241,\"y\":97.32611,\"z\":807.5827},\"Rot\":{\"x\":0.0,\"y\":0.0,\"z\":0.0,\"w\":1.0},\"Storages\":[]},{\"Id\":54,\"Pos\":{\"x\":-975.1241,\"y\":97.32611,\"z\":807.5827},\"Rot\":{\"x\":0.0,\"y\":0.0,\"z\":0.0,\"w\":1.0},\"Storages\":[]},{\"Id\":54,\"Pos\":{\"x\":-975.1241,\"y\":97.32611,\"z\":807.5827},\"Rot\":{\"x\":0.0,\"y\":0.0,\"z\":0.0,\"w\":1.0},\"Storages\":[]},{\"Id\":54,\"Pos\":{\"x\":-975.1241,\"y\":97.32611,\"z\":807.5827},\"Rot\":{\"x\":0.0,\"y\":0.0,\"z\":0.0,\"w\":1.0},\"Storages\":[]},{\"Id\":54,\"Pos\":{\"x\":-975.1241,\"y\":97.32611,\"z\":807.5827},\"Rot\":{\"x\":0.0,\"y\":0.0,\"z\":0.0,\"w\":1.0},\"Storages\":[]},{\"Id\":54,\"Pos\":{\"x\":-975.1241,\"y\":97.32611,\"z\":807.5827},\"Rot\":{\"x\":0.0,\"y\":0.0,\"z\":0.0,\"w\":1.0},\"Storages\":[]},{\"Id\":54,\"Pos\":{\"x\":-975.1241,\"y\":97.32611,\"z\":807.5827},\"Rot\":{\"x\":0.0,\"y\":0.0,\"z\":0.0,\"w\":1.0},\"Storages\":[]},{\"Id\":20,\"Pos\":{\"x\":-975.5512,\"y\":97.82135,\"z\":810.994751},\"Rot\":{\"x\":0.0,\"y\":0.8090102,\"z\":0.0,\"w\":0.5877946},\"Storages\":[]},{\"Id\":20,\"Pos\":{\"x\":-972.2489,\"y\":97.8213348,\"z\":810.8871},\"Rot\":{\"x\":0.0,\"y\":0.998938,\"z\":0.0,\"w\":0.046074003},\"Storages\":[]},{\"Id\":48,\"Pos\":{\"x\":-973.858337,\"y\":97.8213348,\"z\":811.116638},\"Rot\":{\"x\":0.0,\"y\":0.7217291,\"z\":0.0,\"w\":0.6921756},\"Storages\":[]},{\"Id\":20,\"Pos\":{\"x\":-976.6546,\"y\":97.82133,\"z\":799.448364},\"Rot\":{\"x\":0.0,\"y\":0.9728982,\"z\":0.0,\"w\":0.231234089},\"Storages\":[]},{\"Id\":51,\"Pos\":{\"x\":-980.026245,\"y\":99.0133,\"z\":823.140869},\"Rot\":{\"x\":0.000236538835,\"y\":0.999627,\"z\":0.009194356,\"w\":-0.025716925},\"Storages\":[{\"Version\":\"0.0.0\",\"ItemBlocks\":[]},{\"Version\":\"0.0.0\",\"ItemBlocks\":[]},{\"Version\":\"0.0.0\",\"ItemBlocks\":[]},{\"Version\":\"0.0.0\",\"ItemBlocks\":[]}]},{\"Id\":51,\"Pos\":{\"x\":-987.97644,\"y\":94.97398,\"z\":813.8112},\"Rot\":{\"x\":-0.0071547213,\"y\":0.725020051,\"z\":0.007532594,\"w\":0.6886494},\"Storages\":[{\"Version\":\"0.0.0\",\"ItemBlocks\":[]},{\"Version\":\"0.0.0\",\"ItemBlocks\":[]},{\"Version\":\"0.0.0\",\"ItemBlocks\":[]},{\"Version\":\"0.0.0\",\"ItemBlocks\":[]}]},{\"Id\":51,\"Pos\":{\"x\":-987.747,\"y\":94.9692841,\"z\":818.300049},\"Rot\":{\"x\":-0.013971216,\"y\":0.72491014,\"z\":0.0147091085,\"w\":0.688544631},\"Storages\":[{\"Version\":\"0.0.0\",\"ItemBlocks\":[]},{\"Version\":\"0.0.0\",\"ItemBlocks\":[]},{\"Version\":\"0.0.0\",\"ItemBlocks\":[]},{\"Version\":\"0.0.0\",\"ItemBlocks\":[]}]},{\"Id\":51,\"Pos\":{\"x\":-987.509766,\"y\":94.96698,\"z\":822.8523},\"Rot\":{\"x\":-0.0185103081,\"y\":0.7247965,\"z\":0.01948788,\"w\":0.688438535},\"Storages\":[{\"Version\":\"0.0.0\",\"ItemBlocks\":[]},{\"Version\":\"0.0.0\",\"ItemBlocks\":[]},{\"Version\":\"0.0.0\",\"ItemBlocks\":[]},{\"Version\":\"0.0.0\",\"ItemBlocks\":[]}]},{\"Id\":51,\"Pos\":{\"x\":-981.257263,\"y\":94.94386,\"z\":799.21814},\"Rot\":{\"x\":-0.0136712715,\"y\":0.0257171653,\"z\":0.000351735536,\"w\":0.999575734},\"Storages\":[{\"Version\":\"0.0.0\",\"ItemBlocks\":[]},{\"Version\":\"0.0.0\",\"ItemBlocks\":[]},{\"Version\":\"0.0.0\",\"ItemBlocks\":[]},{\"Version\":\"0.0.0\",\"ItemBlocks\":[]}]},{\"Id\":20,\"Pos\":{\"x\":-981.5089,\"y\":89.72132,\"z\":802.6169},\"Rot\":{\"x\":0.0,\"y\":0.49396804,\"z\":0.0,\"w\":0.8694801},\"Storages\":[]},{\"Id\":20,\"Pos\":{\"x\":-980.420654,\"y\":89.72132,\"z\":808.6158},\"Rot\":{\"x\":0.0,\"y\":0.345572531,\"z\":0.0,\"w\":0.938392043},\"Storages\":[]},{\"Id\":52,\"Pos\":{\"x\":-979.860352,\"y\":89.72132,\"z\":814.2439},\"Rot\":{\"x\":0.0,\"y\":0.0126506863,\"z\":0.0,\"w\":0.99992},\"Storages\":[]},{\"Id\":52,\"Pos\":{\"x\":-986.9263,\"y\":89.72132,\"z\":819.9449},\"Rot\":{\"x\":0.0,\"y\":-0.6807136,\"z\":0.0,\"w\":0.732549667},\"Storages\":[]},{\"Id\":52,\"Pos\":{\"x\":-995.9896,\"y\":88.371315,\"z\":830.965637},\"Rot\":{\"x\":0.0,\"y\":-0.6807136,\"z\":0.0,\"w\":0.732549667},\"Storages\":[]},{\"Id\":52,\"Pos\":{\"x\":-993.543335,\"y\":88.371315,\"z\":830.7832},\"Rot\":{\"x\":0.0,\"y\":-0.6807136,\"z\":0.0,\"w\":0.732549667},\"Storages\":[]},{\"Id\":36,\"Pos\":{\"x\":-971.5388,\"y\":93.77134,\"z\":799.5581},\"Rot\":{\"x\":0.0,\"y\":0.6948606,\"z\":0.0,\"w\":-0.719144464},\"Storages\":[]},{\"Id\":20,\"Pos\":{\"x\":-971.9319,\"y\":93.77134,\"z\":800.429},\"Rot\":{\"x\":0.0,\"y\":0.733812,\"z\":0.0,\"w\":-0.6793526},\"Storages\":[]},{\"Id\":20,\"Pos\":{\"x\":-985.4602,\"y\":93.7713242,\"z\":800.497864},\"Rot\":{\"x\":0.0,\"y\":0.68704766,\"z\":0.0,\"w\":-0.726612449},\"Storages\":[]},{\"Id\":52,\"Pos\":{\"x\":-984.7185,\"y\":93.7713242,\"z\":806.8249},\"Rot\":{\"x\":0.0,\"y\":-0.0215913281,\"z\":0.0,\"w\":-0.9997669},\"Storages\":[]},{\"Id\":52,\"Pos\":{\"x\":-984.615,\"y\":93.7713242,\"z\":809.327148},\"Rot\":{\"x\":0.0,\"y\":-0.0215913281,\"z\":0.0,\"w\":-0.9997669},\"Storages\":[]},{\"Id\":48,\"Pos\":{\"x\":-980.2026,\"y\":93.77133,\"z\":813.066467},\"Rot\":{\"x\":0.0,\"y\":-0.0215913281,\"z\":0.0,\"w\":-0.9997669},\"Storages\":[]},{\"Id\":20,\"Pos\":{\"x\":-980.3493,\"y\":93.77133,\"z\":811.5002},\"Rot\":{\"x\":0.0,\"y\":0.6009314,\"z\":0.0,\"w\":-0.7993007},\"Storages\":[]},{\"Id\":51,\"Pos\":{\"x\":-983.928467,\"y\":99.04609,\"z\":804.5832},\"Rot\":{\"x\":-0.0256937239,\"y\":0.7245355,\"z\":0.0270492323,\"w\":0.688227057},\"Storages\":[{\"Version\":\"0.0.0\",\"ItemBlocks\":[]},{\"Version\":\"0.0.0\",\"ItemBlocks\":[]},{\"Version\":\"0.0.0\",\"ItemBlocks\":[]},{\"Version\":\"0.0.0\",\"ItemBlocks\":[]}]},{\"Id\":51,\"Pos\":{\"x\":-978.042358,\"y\":99.03218,\"z\":804.2428},\"Rot\":{\"x\":-0.0105428062,\"y\":-0.688614547,\"z\":-0.0100139473,\"w\":0.724981844},\"Storages\":[{\"Version\":\"0.0.0\",\"ItemBlocks\":[]},{\"Version\":\"0.0.0\",\"ItemBlocks\":[]},{\"Version\":\"0.0.0\",\"ItemBlocks\":[]},{\"Version\":\"0.0.0\",\"ItemBlocks\":[]}]},{\"Id\":40,\"Pos\":{\"x\":-977.6186,\"y\":97.82135,\"z\":818.1639},\"Rot\":{\"x\":0.0,\"y\":0.668503344,\"z\":0.0,\"w\":-0.743709147},\"Storages\":[]},{\"Id\":40,\"Pos\":{\"x\":-977.542847,\"y\":97.82135,\"z\":819.5938},\"Rot\":{\"x\":0.0,\"y\":0.668503344,\"z\":0.0,\"w\":-0.743709147},\"Storages\":[]},{\"Id\":40,\"Pos\":{\"x\":-977.4702,\"y\":97.8213348,\"z\":821.0097},\"Rot\":{\"x\":0.0,\"y\":0.668503344,\"z\":0.0,\"w\":-0.743709147},\"Storages\":[]},{\"Id\":40,\"Pos\":{\"x\":-977.349365,\"y\":97.82134,\"z\":822.434753},\"Rot\":{\"x\":0.0,\"y\":0.668503344,\"z\":0.0,\"w\":-0.743709147},\"Storages\":[]},{\"Id\":39,\"Pos\":{\"x\":-980.0708,\"y\":105.921349,\"z\":823.0655},\"Rot\":{\"x\":0.0,\"y\":0.9995009,\"z\":0.0,\"w\":-0.0315923467},\"Storages\":[]},{\"Id\":23,\"Pos\":{\"x\":-982.59436,\"y\":106.042709,\"z\":806.7961},\"Rot\":{\"x\":-0.000590454845,\"y\":-0.6886938,\"z\":-0.000560846238,\"w\":0.7250519},\"Storages\":[]},{\"Id\":23,\"Pos\":{\"x\":-982.47644,\"y\":106.033157,\"z\":809.0944},\"Rot\":{\"x\":0.005760487,\"y\":-0.6886704,\"z\":0.00547159649,\"w\":0.725031},\"Storages\":[]},{\"Id\":51,\"Pos\":{\"x\":-980.977661,\"y\":104.412971,\"z\":803.721558},\"Rot\":{\"x\":-0.0209805071,\"y\":0.0257130452,\"z\":0.000539770059,\"w\":0.9994491},\"Storages\":[{\"Version\":\"0.0.0\",\"ItemBlocks\":[]},{\"Version\":\"0.0.0\",\"ItemBlocks\":[]},{\"Version\":\"0.0.0\",\"ItemBlocks\":[]},{\"Version\":\"0.0.0\",\"ItemBlocks\":[]}]},{\"Id\":49,\"Pos\":{\"x\":-978.0038,\"y\":103.221344,\"z\":806.456665},\"Rot\":{\"x\":0.0,\"y\":0.6779722,\"z\":0.0,\"w\":-0.735087633},\"Storages\":[{\"Version\":\"0.0.0\",\"ItemBlocks\":[]},{\"Version\":\"0.0.0\",\"ItemBlocks\":[]},{\"Version\":\"0.0.0\",\"ItemBlocks\":[]},{\"Version\":\"0.0.0\",\"ItemBlocks\":[]},{\"Version\":\"0.0.0\",\"ItemBlocks\":[{\"ItemId\":434,\"TotalCount\":1,\"UniqueItems\":[]}]},{\"Version\":\"0.0.0\",\"ItemBlocks\":[{\"ItemId\":438,\"TotalCount\":1,\"UniqueItems\":[]}]},{\"Version\":\"0.0.0\",\"ItemBlocks\":[{\"ItemId\":482,\"TotalCount\":1,\"UniqueItems\":[{\"Modules\":[{\"SourceActorType\":13,\"Version\":\"0.0.0\",\"ModuleId\":1},{\"CurrentState\":3,\"TimeRemainingInState\":-1104.99316,\"PauseDecay\":false,\"Version\":\"0.0.0\",\"ModuleId\":3}]}]}]},{\"Version\":\"0.0.0\",\"ItemBlocks\":[]},{\"Version\":\"0.0.0\",\"ItemBlocks\":[]},{\"Version\":\"0.0.0\",\"ItemBlocks\":[]},{\"Version\":\"0.0.0\",\"ItemBlocks\":[]},{\"Version\":\"0.0.0\",\"ItemBlocks\":[]}]},{\"Id\":53,\"Pos\":{\"x\":-971.0064,\"y\":92.5694046,\"z\":807.295654},\"Rot\":{\"x\":0.0,\"y\":-0.688683867,\"z\":0.0,\"w\":0.7250618},\"Storages\":[]},{\"Id\":53,\"Pos\":{\"x\":-971.3739,\"y\":92.65687,\"z\":800.4587},\"Rot\":{\"x\":-0.0183894783,\"y\":-0.66058743,\"z\":-0.016189605,\"w\":0.7503492},\"Storages\":[]},{\"Id\":53,\"Pos\":{\"x\":-986.1782,\"y\":96.9158,\"z\":812.9431},\"Rot\":{\"x\":-1.48962291E-08,\"y\":0.0257232059,\"z\":3.83305637E-10,\"w\":0.999669135},\"Storages\":[]},{\"Id\":53,\"Pos\":{\"x\":-982.1479,\"y\":98.29756,\"z\":818.104065},\"Rot\":{\"x\":0.247580469,\"y\":-0.6472869,\"z\":0.235155478,\"w\":0.6814878},\"Storages\":[]},{\"Id\":23,\"Pos\":{\"x\":-976.8669,\"y\":94.7112656,\"z\":797.8128},\"Rot\":{\"x\":0.0007100998,\"y\":0.999288261,\"z\":0.0275718626,\"w\":-0.0257361811},\"Storages\":[]},{\"Id\":23,\"Pos\":{\"x\":-972.3821,\"y\":94.67632,\"z\":797.533447},\"Rot\":{\"x\":-0.000859453867,\"y\":0.9991109,\"z\":-0.0334101766,\"w\":-0.0257014465},\"Storages\":[]},{\"Id\":51,\"Pos\":{\"x\":-976.720642,\"y\":94.99729,\"z\":798.968933},\"Rot\":{\"x\":-0.04420451,\"y\":0.0256944317,\"z\":0.001137298,\"w\":0.9986914},\"Storages\":[{\"Version\":\"0.0.0\",\"ItemBlocks\":[]},{\"Version\":\"0.0.0\",\"ItemBlocks\":[]},{\"Version\":\"0.0.0\",\"ItemBlocks\":[]},{\"Version\":\"0.0.0\",\"ItemBlocks\":[]}]},{\"Id\":51,\"Pos\":{\"x\":-972.2001,\"y\":94.94785,\"z\":798.7518},\"Rot\":{\"x\":-2.27298622E-13,\"y\":0.0256919432,\"z\":5.84167156E-15,\"w\":0.9996699},\"Storages\":[{\"Version\":\"0.0.0\",\"ItemBlocks\":[]},{\"Version\":\"0.0.0\",\"ItemBlocks\":[]},{\"Version\":\"0.0.0\",\"ItemBlocks\":[]},{\"Version\":\"0.0.0\",\"ItemBlocks\":[]}]},{\"Id\":53,\"Pos\":{\"x\":-988.5011,\"y\":97.08353,\"z\":812.3649},\"Rot\":{\"x\":-0.0102042668,\"y\":0.98914963,\"z\":-0.08409001,\"w\":-0.120032638},\"Storages\":[]},{\"Id\":54,\"Pos\":{\"x\":-978.296143,\"y\":100.295914,\"z\":813.244263},\"Rot\":{\"x\":0.0,\"y\":0.9987296,\"z\":0.0,\"w\":-0.0503908172},\"Storages\":[]},{\"Id\":24,\"Pos\":{\"x\":-973.966064,\"y\":97.5958939,\"z\":801.886047},\"Rot\":{\"x\":0.0,\"y\":0.0,\"z\":0.0,\"w\":1.0},\"Storages\":[]},{\"Id\":54,\"Pos\":{\"x\":-973.966064,\"y\":97.5958939,\"z\":801.886047},\"Rot\":{\"x\":0.0,\"y\":0.0,\"z\":0.0,\"w\":1.0},\"Storages\":[]},{\"Id\":54,\"Pos\":{\"x\":-973.966064,\"y\":97.5958939,\"z\":801.886047},\"Rot\":{\"x\":0.0,\"y\":0.0,\"z\":0.0,\"w\":1.0},\"Storages\":[]},{\"Id\":54,\"Pos\":{\"x\":-973.966064,\"y\":97.5958939,\"z\":801.886047},\"Rot\":{\"x\":0.0,\"y\":0.0,\"z\":0.0,\"w\":1.0},\"Storages\":[]},{\"Id\":54,\"Pos\":{\"x\":-973.966064,\"y\":97.5958939,\"z\":801.886047},\"Rot\":{\"x\":0.0,\"y\":0.0,\"z\":0.0,\"w\":1.0},\"Storages\":[]},{\"Id\":54,\"Pos\":{\"x\":-973.966064,\"y\":97.5958939,\"z\":801.886047},\"Rot\":{\"x\":0.0,\"y\":0.0,\"z\":0.0,\"w\":1.0},\"Storages\":[]},{\"Id\":54,\"Pos\":{\"x\":-973.966064,\"y\":97.5958939,\"z\":801.886047},\"Rot\":{\"x\":0.0,\"y\":0.0,\"z\":0.0,\"w\":1.0},\"Storages\":[]},{\"Id\":24,\"Pos\":{\"x\":-980.9777,\"y\":102.995895,\"z\":806.9111},\"Rot\":{\"x\":0.0,\"y\":0.0,\"z\":0.0,\"w\":1.0},\"Storages\":[]},{\"Id\":54,\"Pos\":{\"x\":-980.9777,\"y\":102.995895,\"z\":806.9111},\"Rot\":{\"x\":0.0,\"y\":0.0,\"z\":0.0,\"w\":1.0},\"Storages\":[]},{\"Id\":54,\"Pos\":{\"x\":-980.9777,\"y\":102.995895,\"z\":806.9111},\"Rot\":{\"x\":0.0,\"y\":0.0,\"z\":0.0,\"w\":1.0},\"Storages\":[]},{\"Id\":54,\"Pos\":{\"x\":-980.9777,\"y\":102.995895,\"z\":806.9111},\"Rot\":{\"x\":0.0,\"y\":0.0,\"z\":0.0,\"w\":1.0},\"Storages\":[]},{\"Id\":54,\"Pos\":{\"x\":-980.9777,\"y\":102.995895,\"z\":806.9111},\"Rot\":{\"x\":0.0,\"y\":0.0,\"z\":0.0,\"w\":1.0},\"Storages\":[]},{\"Id\":54,\"Pos\":{\"x\":-980.9777,\"y\":102.995895,\"z\":806.9111},\"Rot\":{\"x\":0.0,\"y\":0.0,\"z\":0.0,\"w\":1.0},\"Storages\":[]},{\"Id\":54,\"Pos\":{\"x\":-980.9777,\"y\":102.995895,\"z\":806.9111},\"Rot\":{\"x\":0.0,\"y\":0.0,\"z\":0.0,\"w\":1.0},\"Storages\":[]},{\"Id\":24,\"Pos\":{\"x\":-980.5719,\"y\":102.72612,\"z\":819.035034},\"Rot\":{\"x\":0.0,\"y\":0.0,\"z\":0.0,\"w\":1.0},\"Storages\":[]},{\"Id\":54,\"Pos\":{\"x\":-980.5719,\"y\":102.72612,\"z\":819.035034},\"Rot\":{\"x\":0.0,\"y\":0.0,\"z\":0.0,\"w\":1.0},\"Storages\":[]},{\"Id\":54,\"Pos\":{\"x\":-980.5719,\"y\":102.72612,\"z\":819.035034},\"Rot\":{\"x\":0.0,\"y\":0.0,\"z\":0.0,\"w\":1.0},\"Storages\":[]},{\"Id\":54,\"Pos\":{\"x\":-980.5719,\"y\":102.72612,\"z\":819.035034},\"Rot\":{\"x\":0.0,\"y\":0.0,\"z\":0.0,\"w\":1.0},\"Storages\":[]},{\"Id\":54,\"Pos\":{\"x\":-980.5719,\"y\":102.72612,\"z\":819.035034},\"Rot\":{\"x\":0.0,\"y\":0.0,\"z\":0.0,\"w\":1.0},\"Storages\":[]},{\"Id\":54,\"Pos\":{\"x\":-980.5719,\"y\":102.72612,\"z\":819.035034},\"Rot\":{\"x\":0.0,\"y\":0.0,\"z\":0.0,\"w\":1.0},\"Storages\":[]},{\"Id\":54,\"Pos\":{\"x\":-980.5719,\"y\":102.72612,\"z\":819.035034},\"Rot\":{\"x\":0.0,\"y\":0.0,\"z\":0.0,\"w\":1.0},\"Storages\":[]},{\"Id\":25,\"Pos\":{\"x\":-973.602661,\"y\":93.7713242,\"z\":804.268738},\"Rot\":{\"x\":0.0,\"y\":0.9999957,\"z\":0.0,\"w\":0.00293405028},\"Storages\":[]},{\"Id\":54,\"Pos\":{\"x\":-986.3009,\"y\":101.293945,\"z\":810.3256},\"Rot\":{\"x\":0.0,\"y\":-0.645273149,\"z\":0.0,\"w\":0.763952},\"Storages\":[]},{\"Id\":54,\"Pos\":{\"x\":-975.3499,\"y\":102.702576,\"z\":802.9565},\"Rot\":{\"x\":0.0,\"y\":-0.7346269,\"z\":0.0,\"w\":-0.6784713},\"Storages\":[]},{\"Id\":54,\"Pos\":{\"x\":-975.0136,\"y\":102.692253,\"z\":809.729431},\"Rot\":{\"x\":0.0,\"y\":-0.7346269,\"z\":0.0,\"w\":-0.6784713},\"Storages\":[]},{\"Id\":54,\"Pos\":{\"x\":-980.5971,\"y\":102.726128,\"z\":812.463},\"Rot\":{\"x\":0.0,\"y\":-0.0723508,\"z\":0.0,\"w\":-0.997379243},\"Storages\":[]},{\"Id\":54,\"Pos\":{\"x\":-968.2292,\"y\":93.2761154,\"z\":810.593933},\"Rot\":{\"x\":0.0,\"y\":-0.7071169,\"z\":0.0,\"w\":-0.7070967},\"Storages\":[]},{\"Id\":54,\"Pos\":{\"x\":-980.0632,\"y\":93.27612,\"z\":823.5108},\"Rot\":{\"x\":0.0,\"y\":-0.00300350552,\"z\":0.0,\"w\":-0.9999955},\"Storages\":[]},{\"Id\":51,\"Pos\":{\"x\":-971.4133,\"y\":90.69246,\"z\":801.669},\"Rot\":{\"x\":-0.0378701538,\"y\":-0.687743366,\"z\":-0.03597007,\"w\":0.724072635},\"Storages\":[{\"Version\":\"0.0.0\",\"ItemBlocks\":[]},{\"Version\":\"0.0.0\",\"ItemBlocks\":[]},{\"Version\":\"0.0.0\",\"ItemBlocks\":[]},{\"Version\":\"0.0.0\",\"ItemBlocks\":[]}]},{\"Id\":51,\"Pos\":{\"x\":-971.167969,\"y\":90.73964,\"z\":806.1401},\"Rot\":{\"x\":-0.0465988666,\"y\":-0.687283635,\"z\":-0.0442638,\"w\":0.723540246},\"Storages\":[{\"Version\":\"0.0.0\",\"ItemBlocks\":[]},{\"Version\":\"0.0.0\",\"ItemBlocks\":[]},{\"Version\":\"0.0.0\",\"ItemBlocks\":[]},{\"Version\":\"0.0.0\",\"ItemBlocks\":[]}]},{\"Id\":54,\"Pos\":{\"x\":-982.883667,\"y\":89.2261047,\"z\":789.8148},\"Rot\":{\"x\":0.0,\"y\":-0.9974987,\"z\":0.0,\"w\":0.07068524},\"Storages\":[]},{\"Id\":54,\"Pos\":{\"x\":-978.374634,\"y\":89.2261047,\"z\":789.569},\"Rot\":{\"x\":0.0,\"y\":-0.9974987,\"z\":0.0,\"w\":0.07068524},\"Storages\":[]},{\"Id\":53,\"Pos\":{\"x\":-978.1536,\"y\":90.4030762,\"z\":793.7219},\"Rot\":{\"x\":7.35160044E-10,\"y\":0.999669135,\"z\":2.85705042E-08,\"w\":-0.02572292},\"Storages\":[]},{\"Id\":53,\"Pos\":{\"x\":-982.6403,\"y\":90.58227,\"z\":793.942261},\"Rot\":{\"x\":0.0,\"y\":0.999669254,\"z\":0.0,\"w\":-0.0257187616},\"Storages\":[]},{\"Id\":25,\"Pos\":{\"x\":-978.2692,\"y\":89.72132,\"z\":794.8897},\"Rot\":{\"x\":0.0,\"y\":-0.885501146,\"z\":0.0,\"w\":0.46463716},\"Storages\":[]},{\"Id\":53,\"Pos\":{\"x\":-988.2652,\"y\":92.80154,\"z\":823.9935},\"Rot\":{\"x\":5.402131E-08,\"y\":-0.6886838,\"z\":5.13109377E-08,\"w\":0.725061834},\"Storages\":[]},{\"Id\":53,\"Pos\":{\"x\":-988.5005,\"y\":93.00819,\"z\":819.5112},\"Rot\":{\"x\":0.0,\"y\":-0.6886839,\"z\":0.0,\"w\":0.7250617},\"Storages\":[]},{\"Id\":53,\"Pos\":{\"x\":-996.777,\"y\":87.1422,\"z\":828.5999},\"Rot\":{\"x\":-7.66606334E-10,\"y\":0.999669135,\"z\":-2.979246E-08,\"w\":-0.02572304},\"Storages\":[]},{\"Id\":53,\"Pos\":{\"x\":-997.028,\"y\":87.13935,\"z\":822.57135},\"Rot\":{\"x\":0.0,\"y\":0.0257229675,\"z\":0.0,\"w\":0.999669135},\"Storages\":[]},{\"Id\":0,\"Pos\":{\"x\":-967.2758,\"y\":90.1261,\"z\":829.0613},\"Rot\":{\"x\":0.0,\"y\":0.999669135,\"z\":0.0,\"w\":-0.0257233251},\"Storages\":[{\"Version\":\"0.0.0\",\"ItemBlocks\":[{\"ItemId\":479,\"TotalCount\":5,\"UniqueItems\":[]}]}]},{\"Id\":53,\"Pos\":{\"x\":-967.155334,\"y\":90.24425,\"z\":830.0835},\"Rot\":{\"x\":0.0,\"y\":0.0257233251,\"z\":0.0,\"w\":0.999669135},\"Storages\":[]},{\"Id\":55,\"Pos\":{\"x\":-946.828552,\"y\":88.96307,\"z\":848.283447},\"Rot\":{\"x\":0.0119069489,\"y\":0.9143437,\"z\":0.026957117,\"w\":-0.403865278},\"Storages\":[]},{\"Id\":42,\"Pos\":{\"x\":-886.2438,\"y\":95.4371,\"z\":768.0877},\"Rot\":{\"x\":0.0,\"y\":0.0894718841,\"z\":0.0,\"w\":0.9959894},\"Storages\":[]},{\"Id\":42,\"Pos\":{\"x\":-888.1047,\"y\":95.44883,\"z\":768.4669},\"Rot\":{\"x\":0.0125875594,\"y\":0.08945985,\"z\":-0.0105143692,\"w\":0.995855451},\"Storages\":[]},{\"Id\":42,\"Pos\":{\"x\":-887.159668,\"y\":95.44348,\"z\":768.2843},\"Rot\":{\"x\":0.011546161,\"y\":0.08946587,\"z\":0.00103222567,\"w\":0.995922446},\"Storages\":[]},{\"Id\":27,\"Pos\":{\"x\":-922.980957,\"y\":88.84203,\"z\":728.917053},\"Rot\":{\"x\":0.0,\"y\":-0.858455539,\"z\":0.0,\"w\":-0.512887955},\"Storages\":[{\"Version\":\"0.0.0\",\"ItemBlocks\":[{\"ItemId\":436,\"TotalCount\":3,\"UniqueItems\":[{\"Modules\":[{\"CurrentState\":1,\"TimeRemainingInState\":83586.92,\"PauseDecay\":true,\"Version\":\"0.0.0\",\"ModuleId\":3}]},{\"Modules\":[{\"CurrentState\":1,\"TimeRemainingInState\":82125.31,\"PauseDecay\":true,\"Version\":\"0.0.0\",\"ModuleId\":3}]},{\"Modules\":[{\"CurrentState\":1,\"TimeRemainingInState\":84244.3359,\"PauseDecay\":true,\"Version\":\"0.0.0\",\"ModuleId\":3}]}]}]}]},{\"Id\":27,\"Pos\":{\"x\":-924.6694,\"y\":88.84203,\"z\":726.606},\"Rot\":{\"x\":0.0,\"y\":-0.9313458,\"z\":0.0,\"w\":-0.364135951},\"Storages\":[{\"Version\":\"0.0.0\",\"ItemBlocks\":[{\"ItemId\":433,\"TotalCount\":3,\"UniqueItems\":[{\"Modules\":[{\"CurrentState\":1,\"TimeRemainingInState\":70050.25,\"PauseDecay\":true,\"Version\":\"0.0.0\",\"ModuleId\":3}]},{\"Modules\":[{\"CurrentState\":1,\"TimeRemainingInState\":70038.56,\"PauseDecay\":true,\"Version\":\"0.0.0\",\"ModuleId\":3}]},{\"Modules\":[{\"CurrentState\":1,\"TimeRemainingInState\":70022.88,\"PauseDecay\":true,\"Version\":\"0.0.0\",\"ModuleId\":3}]}]}]}]},{\"Id\":22,\"Pos\":{\"x\":-930.8562,\"y\":90.0078,\"z\":741.7427},\"Rot\":{\"x\":0.0,\"y\":-0.994427,\"z\":0.0,\"w\":0.105427392},\"Storages\":[]},{\"Id\":25,\"Pos\":{\"x\":-926.3937,\"y\":89.13567,\"z\":740.032043},\"Rot\":{\"x\":0.03818372,\"y\":-0.83780694,\"z\":0.0590869822,\"w\":-0.5414151},\"Storages\":[]},{\"Id\":25,\"Pos\":{\"x\":-936.438232,\"y\":89.86571,\"z\":752.9075},\"Rot\":{\"x\":0.01377914,\"y\":0.6555404,\"z\":-0.0297694188,\"w\":-0.7544473},\"Storages\":[]}]}"}}