{"Version":"0.0.0","Data":{"ScrewTreeLinkers":"{\"_treeStructureData\":[{\"_locatorId\":null},{\"_locatorId\":null},{\"_locatorId\":null},{\"_locatorId\":null},{\"_locatorId\":null},{\"_locatorId\":null},{\"_locatorId\":null},{\"_locatorId\":null},{\"_locatorId\":null},{\"_locatorId\":null},{\"_locatorId\":null},{\"_locatorId\":null},{\"_locatorId\":null},{\"_locatorId\":null},{\"_locatorId\":null},{\"_locatorId\":null},{\"_locatorId\":null},{\"_locatorId\":null},{\"_locatorId\":null},{\"_locatorId\":null},{\"_locatorId\":null},{\"_locatorId\":null},{\"_locatorId\":null},{\"_locatorId\":null},{\"_locatorId\":null},{\"_locatorId\":null},{\"_locatorId\":null},{\"_locatorId\":\"EBBED5FFE74E0600B9A31C00\"},{\"_locatorId\":null},{\"_locatorId\":null},{\"_locatorId\":null},{\"_locatorId\":null},{\"_locatorId\":null},{\"_locatorId\":null},{\"_locatorId\":null},{\"_locatorId\":null},{\"_locatorId\":null},{\"_locatorId\":null},{\"_locatorId\":null},{\"_locatorId\":null},{\"_locatorId\":null},{\"_locatorId\":null},{\"_locatorId\":null},{\"_locatorId\":null},{\"_locatorId\":null},{\"_locatorId\":null},{\"_locatorId\":null},{\"_locatorId\":null},{\"_locatorId\":null},{\"_locatorId\":null}]}"}}