{"Version":"0.0.0","Data":{"StructureDestruction":"{\"Version\":\"0.0.0\",\"Data\":[{\"TypeID\":3,\"InstanceID\":53,\"Info\":{\"Health\":194.312485,\"MaxHealth\":229.312485,\"ElementCount\":1,\"MaxElements\":1,\"BreakCount\":0.75,\"CanBreakTopElement\":true}},{\"TypeID\":4,\"InstanceID\":26,\"Info\":{\"Health\":265.0,\"MaxHealth\":300.0,\"ElementCount\":5,\"MaxElements\":5,\"BreakCount\":3.75,\"CanBreakTopElement\":true}},{\"TypeID\":3,\"InstanceID\":85,\"Info\":{\"Health\":1437.51563,\"MaxHealth\":1482.51563,\"ElementCount\":1,\"MaxElements\":1,\"BreakCount\":0.75,\"CanBreakTopElement\":true}},{\"TypeID\":3,\"InstanceID\":357,\"Info\":{\"Health\":109.0,\"MaxHealth\":120.0,\"ElementCount\":1,\"MaxElements\":1,\"BreakCount\":0.75,\"CanBreakTopElement\":true}},{\"TypeID\":3,\"InstanceID\":110,\"Info\":{\"Health\":49.0,\"MaxHealth\":60.0,\"ElementCount\":1,\"MaxElements\":1,\"BreakCount\":0.75,\"CanBreakTopElement\":true}},{\"TypeID\":3,\"InstanceID\":358,\"Info\":{\"Health\":85.0,\"MaxHealth\":120.0,\"ElementCount\":1,\"MaxElements\":1,\"BreakCount\":0.75,\"CanBreakTopElement\":true}},{\"TypeID\":32,\"InstanceID\":12,\"Info\":{\"Health\":535.0,\"MaxHealth\":60.0,\"ElementCount\":9,\"MaxElements\":1,\"BreakCount\":0.75,\"CanBreakTopElement\":true}},{\"TypeID\":2,\"InstanceID\":27,\"Info\":{\"Health\":446.109955,\"MaxHealth\":449.609955,\"ElementCount\":1,\"MaxElements\":1,\"BreakCount\":0.75,\"CanBreakTopElement\":true}},{\"TypeID\":2,\"InstanceID\":107,\"Info\":{\"Health\":994.1443,\"MaxHealth\":999.1443,\"ElementCount\":1,\"MaxElements\":1,\"BreakCount\":0.75,\"CanBreakTopElement\":true}},{\"TypeID\":5,\"InstanceID\":10,\"Info\":{\"Health\":375.0,\"MaxHealth\":420.0,\"ElementCount\":7,\"MaxElements\":7,\"BreakCount\":5.25,\"CanBreakTopElement\":true}},{\"TypeID\":8,\"InstanceID\":27,\"Info\":{\"Health\":277.999969,\"MaxHealth\":479.999969,\"ElementCount\":2,\"MaxElements\":5,\"BreakCount\":3.75,\"CanBreakTopElement\":false}},{\"TypeID\":5,\"InstanceID\":18,\"Info\":{\"Health\":415.0,\"MaxHealth\":420.0,\"ElementCount\":7,\"MaxElements\":7,\"BreakCount\":5.25,\"CanBreakTopElement\":true}},{\"TypeID\":8,\"InstanceID\":37,\"Info\":{\"Health\":5144.81,\"MaxHealth\":5164.81,\"ElementCount\":5,\"MaxElements\":5,\"BreakCount\":3.75,\"CanBreakTopElement\":true}},{\"TypeID\":3,\"InstanceID\":693,\"Info\":{\"Health\":30.0,\"MaxHealth\":60.0,\"ElementCount\":1,\"MaxElements\":1,\"BreakCount\":0.75,\"CanBreakTopElement\":true}},{\"TypeID\":8,\"InstanceID\":3,\"Info\":{\"Health\":11623.6123,\"MaxHealth\":11630.6123,\"ElementCount\":5,\"MaxElements\":5,\"BreakCount\":3.75,\"CanBreakTopElement\":true}},{\"TypeID\":2,\"InstanceID\":213,\"Info\":{\"Health\":3272.43726,\"MaxHealth\":3275.93726,\"ElementCount\":1,\"MaxElements\":1,\"BreakCount\":0.75,\"CanBreakTopElement\":true}},{\"TypeID\":4,\"InstanceID\":13,\"Info\":{\"Health\":296.5,\"MaxHealth\":300.0,\"ElementCount\":5,\"MaxElements\":5,\"BreakCount\":3.75,\"CanBreakTopElement\":true}},{\"TypeID\":3,\"InstanceID\":901,\"Info\":{\"Health\":60.0,\"MaxHealth\":165.0,\"ElementCount\":1,\"MaxElements\":1,\"BreakCount\":0.75,\"CanBreakTopElement\":true}},{\"TypeID\":4,\"InstanceID\":314,\"Info\":{\"Health\":260.0,\"MaxHealth\":300.0,\"ElementCount\":5,\"MaxElements\":5,\"BreakCount\":3.75,\"CanBreakTopElement\":true}},{\"TypeID\":3,\"InstanceID\":878,\"Info\":{\"Health\":65.0,\"MaxHealth\":105.0,\"ElementCount\":1,\"MaxElements\":1,\"BreakCount\":0.75,\"CanBreakTopElement\":true}},{\"TypeID\":3,\"InstanceID\":741,\"Info\":{\"Health\":105.0,\"MaxHealth\":150.0,\"ElementCount\":1,\"MaxElements\":1,\"BreakCount\":0.75,\"CanBreakTopElement\":true}},{\"TypeID\":2,\"InstanceID\":553,\"Info\":{\"Health\":39.0,\"MaxHealth\":99.0,\"ElementCount\":1,\"MaxElements\":1,\"BreakCount\":0.75,\"CanBreakTopElement\":true}},{\"TypeID\":5,\"InstanceID\":41,\"Info\":{\"Health\":535.0,\"MaxHealth\":540.0,\"ElementCount\":9,\"MaxElements\":9,\"BreakCount\":6.75,\"CanBreakTopElement\":true}},{\"TypeID\":2,\"InstanceID\":641,\"Info\":{\"Health\":2206.843,\"MaxHealth\":2221.843,\"ElementCount\":1,\"MaxElements\":1,\"BreakCount\":0.75,\"CanBreakTopElement\":true}},{\"TypeID\":3,\"InstanceID\":1127,\"Info\":{\"Health\":440.8961,\"MaxHealth\":445.8961,\"ElementCount\":1,\"MaxElements\":1,\"BreakCount\":0.75,\"CanBreakTopElement\":true}},{\"TypeID\":2,\"InstanceID\":769,\"Info\":{\"Health\":409.4201,\"MaxHealth\":414.4201,\"ElementCount\":1,\"MaxElements\":1,\"BreakCount\":0.75,\"CanBreakTopElement\":true}},{\"TypeID\":2,\"InstanceID\":757,\"Info\":{\"Health\":866.919,\"MaxHealth\":871.919,\"ElementCount\":1,\"MaxElements\":1,\"BreakCount\":0.75,\"CanBreakTopElement\":true}},{\"TypeID\":3,\"InstanceID\":1125,\"Info\":{\"Health\":684.6544,\"MaxHealth\":689.6544,\"ElementCount\":1,\"MaxElements\":1,\"BreakCount\":0.75,\"CanBreakTopElement\":true}},{\"TypeID\":2,\"InstanceID\":758,\"Info\":{\"Health\":803.7664,\"MaxHealth\":808.7664,\"ElementCount\":1,\"MaxElements\":1,\"BreakCount\":0.75,\"CanBreakTopElement\":true}},{\"TypeID\":2,\"InstanceID\":760,\"Info\":{\"Health\":875.182068,\"MaxHealth\":880.182068,\"ElementCount\":1,\"MaxElements\":1,\"BreakCount\":0.75,\"CanBreakTopElement\":true}}]}"}}