{"Version":"0.0.0","Data":{"ZipLineManager":"{\"Version\":\"0.0.0\",\"Ziplines\":[{\"_anchorAPosition\":{\"x\":467.9043,\"y\":571.7731,\"z\":234.53566},\"_anchorBPosition\":{\"x\":459.8377,\"y\":561.330139,\"z\":248.085419},\"_canBeDismantled\":true},{\"_anchorAPosition\":{\"x\":-1040.51282,\"y\":95.26632,\"z\":835.4033},\"_anchorBPosition\":{\"x\":-984.3497,\"y\":96.51688,\"z\":810.2268},\"_canBeDismantled\":true},{\"_anchorAPosition\":{\"x\":-887.2164,\"y\":106.259636,\"z\":787.996},\"_anchorBPosition\":{\"x\":-876.7682,\"y\":94.84589,\"z\":793.2508},\"_canBeDismantled\":true},{\"_anchorAPosition\":{\"x\":-676.313049,\"y\":152.386444,\"z\":493.404},\"_anchorBPosition\":{\"x\":-780.4096,\"y\":132.72023,\"z\":590.6924},\"_canBeDismantled\":true},{\"_anchorAPosition\":{\"x\":-675.9886,\"y\":143.626312,\"z\":494.5021},\"_anchorBPosition\":{\"x\":-672.7685,\"y\":104.042969,\"z\":484.349},\"_canBeDismantled\":true},{\"_anchorAPosition\":{\"x\":-676.224854,\"y\":152.381042,\"z\":496.2787},\"_anchorBPosition\":{\"x\":-580.124,\"y\":182.663849,\"z\":393.034},\"_canBeDismantled\":true},{\"_anchorAPosition\":{\"x\":-471.1495,\"y\":221.240219,\"z\":316.10495},\"_anchorBPosition\":{\"x\":-466.591553,\"y\":198.894348,\"z\":313.9499},\"_canBeDismantled\":true},{\"_anchorAPosition\":{\"x\":-580.122253,\"y\":182.8339,\"z\":392.673279},\"_anchorBPosition\":{\"x\":-582.329,\"y\":148.6843,\"z\":378.361328},\"_canBeDismantled\":true},{\"_anchorAPosition\":{\"x\":-890.0013,\"y\":96.64539,\"z\":770.366333},\"_anchorBPosition\":{\"x\":-873.3818,\"y\":117.305023,\"z\":704.303955},\"_canBeDismantled\":true},{\"_anchorAPosition\":{\"x\":-777.8155,\"y\":133.0796,\"z\":591.452},\"_anchorBPosition\":{\"x\":-872.929565,\"y\":119.97039,\"z\":706.4653},\"_canBeDismantled\":true},{\"_anchorAPosition\":{\"x\":-471.059418,\"y\":234.675613,\"z\":317.3499},\"_anchorBPosition\":{\"x\":-582.863159,\"y\":182.6859,\"z\":393.1255},\"_canBeDismantled\":true},{\"_anchorAPosition\":{\"x\":-424.6546,\"y\":299.345978,\"z\":299.8106},\"_anchorBPosition\":{\"x\":-473.145,\"y\":234.938721,\"z\":315.390228},\"_canBeDismantled\":true},{\"_anchorAPosition\":{\"x\":-676.518066,\"y\":152.346252,\"z\":496.176544},\"_anchorBPosition\":{\"x\":-691.8415,\"y\":105.154427,\"z\":469.279755},\"_canBeDismantled\":true},{\"_anchorAPosition\":{\"x\":-325.481934,\"y\":354.351929,\"z\":289.067017},\"_anchorBPosition\":{\"x\":-424.691833,\"y\":297.149017,\"z\":297.677643},\"_canBeDismantled\":true},{\"_anchorAPosition\":{\"x\":-999.1639,\"y\":88.94077,\"z\":750.2576},\"_anchorBPosition\":{\"x\":-982.368469,\"y\":97.7961655,\"z\":798.541443},\"_canBeDismantled\":true},{\"_anchorAPosition\":{\"x\":-967.959961,\"y\":91.9416351,\"z\":810.518738},\"_anchorBPosition\":{\"x\":-926.2952,\"y\":93.40452,\"z\":799.225},\"_canBeDismantled\":true},{\"_anchorAPosition\":{\"x\":-976.9163,\"y\":102.277596,\"z\":803.0144},\"_anchorBPosition\":{\"x\":-872.92,\"y\":119.8639,\"z\":703.649231},\"_canBeDismantled\":true},{\"_anchorAPosition\":{\"x\":-926.6436,\"y\":87.35152,\"z\":866.6748},\"_anchorBPosition\":{\"x\":-967.0135,\"y\":90.57463,\"z\":829.892151},\"_canBeDismantled\":true}]}"}}