{"Version":"0.0.0","Data":{"ZipLineManager":"{\"Version\":\"0.0.0\",\"Ziplines\":[{\"_anchorAPosition\":{\"x\":-483.2998,\"y\":152.9857,\"z\":9.191164},\"_anchorBPosition\":{\"x\":-483.33374,\"y\":152.8171,\"z\":9.135327},\"_canBeDismantled\":true},{\"_anchorAPosition\":{\"x\":-484.193939,\"y\":153.2844,\"z\":10.1647472},\"_anchorBPosition\":{\"x\":-484.193054,\"y\":153.332687,\"z\":10.2146568},\"_canBeDismantled\":true},{\"_anchorAPosition\":{\"x\":-1032.67725,\"y\":95.88615,\"z\":704.919434},\"_anchorBPosition\":{\"x\":-1031.16577,\"y\":94.4339447,\"z\":689.68634},\"_canBeDismantled\":true},{\"_anchorAPosition\":{\"x\":-952.880432,\"y\":104.225739,\"z\":663.303467},\"_anchorBPosition\":{\"x\":-1028.61572,\"y\":94.74348,\"z\":690.315735},\"_canBeDismantled\":true},{\"_anchorAPosition\":{\"x\":-923.084,\"y\":98.84109,\"z\":545.621338},\"_anchorBPosition\":{\"x\":-881.2285,\"y\":104.065025,\"z\":529.3482},\"_canBeDismantled\":true},{\"_anchorAPosition\":{\"x\":-880.969666,\"y\":104.547066,\"z\":529.8308},\"_anchorBPosition\":{\"x\":-952.225342,\"y\":101.3062,\"z\":659.6586},\"_canBeDismantled\":true},{\"_anchorAPosition\":{\"x\":-350.0736,\"y\":396.463318,\"z\":-363.2458},\"_anchorBPosition\":{\"x\":-402.461884,\"y\":363.72,\"z\":-333.3555},\"_canBeDismantled\":true},{\"_anchorAPosition\":{\"x\":-402.562561,\"y\":362.263458,\"z\":-332.8679},\"_anchorBPosition\":{\"x\":-375.191956,\"y\":338.9159,\"z\":-275.576324},\"_canBeDismantled\":true},{\"_anchorAPosition\":{\"x\":197.462952,\"y\":731.727356,\"z\":143.856689},\"_anchorBPosition\":{\"x\":181.979538,\"y\":715.7365,\"z\":160.045776},\"_canBeDismantled\":true},{\"_anchorAPosition\":{\"x\":185.780273,\"y\":716.0563,\"z\":168.453323},\"_anchorBPosition\":{\"x\":205.481033,\"y\":649.184753,\"z\":261.680237},\"_canBeDismantled\":true},{\"_anchorAPosition\":{\"x\":205.462723,\"y\":649.334839,\"z\":261.1818},\"_anchorBPosition\":{\"x\":180.2417,\"y\":628.160461,\"z\":295.75412},\"_canBeDismantled\":true},{\"_anchorAPosition\":{\"x\":198.722809,\"y\":626.634766,\"z\":294.101227},\"_anchorBPosition\":{\"x\":197.329224,\"y\":578.6016,\"z\":379.0666},\"_canBeDismantled\":true},{\"_anchorAPosition\":{\"x\":202.385071,\"y\":579.4084,\"z\":377.289734},\"_anchorBPosition\":{\"x\":230.056625,\"y\":523.126648,\"z\":497.51532},\"_canBeDismantled\":true},{\"_anchorAPosition\":{\"x\":233.302078,\"y\":521.716736,\"z\":504.531616},\"_anchorBPosition\":{\"x\":253.165543,\"y\":484.726776,\"z\":578.4904},\"_canBeDismantled\":true},{\"_anchorAPosition\":{\"x\":267.8265,\"y\":487.1067,\"z\":573.3729},\"_anchorBPosition\":{\"x\":313.3972,\"y\":449.9352,\"z\":582.113831},\"_canBeDismantled\":true},{\"_anchorAPosition\":{\"x\":313.807,\"y\":447.8986,\"z\":582.3339},\"_anchorBPosition\":{\"x\":409.628143,\"y\":401.855835,\"z\":624.4408},\"_canBeDismantled\":true},{\"_anchorAPosition\":{\"x\":409.6099,\"y\":400.78772,\"z\":624.762},\"_anchorBPosition\":{\"x\":341.41214,\"y\":343.512817,\"z\":714.8981},\"_canBeDismantled\":true},{\"_anchorAPosition\":{\"x\":345.443726,\"y\":346.773621,\"z\":721.462646},\"_anchorBPosition\":{\"x\":296.022766,\"y\":314.505127,\"z\":710.741455},\"_canBeDismantled\":true},{\"_anchorAPosition\":{\"x\":292.199158,\"y\":310.4854,\"z\":720.903259},\"_anchorBPosition\":{\"x\":324.196716,\"y\":285.3383,\"z\":743.612244},\"_canBeDismantled\":true},{\"_anchorAPosition\":{\"x\":324.145569,\"y\":285.362244,\"z\":744.353333},\"_anchorBPosition\":{\"x\":290.91098,\"y\":244.474167,\"z\":783.3146},\"_canBeDismantled\":true},{\"_anchorAPosition\":{\"x\":290.298462,\"y\":243.54921,\"z\":784.046448},\"_anchorBPosition\":{\"x\":208.6768,\"y\":188.640976,\"z\":855.5928},\"_canBeDismantled\":true},{\"_anchorAPosition\":{\"x\":205.067566,\"y\":190.195557,\"z\":863.7742},\"_anchorBPosition\":{\"x\":131.42746,\"y\":151.302673,\"z\":925.9982},\"_canBeDismantled\":true},{\"_anchorAPosition\":{\"x\":130.722443,\"y\":151.467636,\"z\":926.5769},\"_anchorBPosition\":{\"x\":26.1395721,\"y\":152.642548,\"z\":916.707031},\"_canBeDismantled\":true},{\"_anchorAPosition\":{\"x\":6.273903,\"y\":146.7481,\"z\":955.7798},\"_anchorBPosition\":{\"x\":-84.3145142,\"y\":92.2858658,\"z\":973.6104},\"_canBeDismantled\":true},{\"_anchorAPosition\":{\"x\":6.728695,\"y\":145.458679,\"z\":955.369263},\"_anchorBPosition\":{\"x\":25.4543324,\"y\":153.65097,\"z\":916.9964},\"_canBeDismantled\":true},{\"_anchorAPosition\":{\"x\":-239.946274,\"y\":99.35763,\"z\":958.610962},\"_anchorBPosition\":{\"x\":-166.526886,\"y\":98.8908,\"z\":959.095642},\"_canBeDismantled\":true},{\"_anchorAPosition\":{\"x\":-165.9808,\"y\":98.59594,\"z\":959.4317},\"_anchorBPosition\":{\"x\":-86.7110748,\"y\":94.3929138,\"z\":964.2433},\"_canBeDismantled\":true},{\"_anchorAPosition\":{\"x\":-240.905182,\"y\":100.043221,\"z\":958.6036},\"_anchorBPosition\":{\"x\":-310.277069,\"y\":91.294075,\"z\":958.5209},\"_canBeDismantled\":true},{\"_anchorAPosition\":{\"x\":-311.058868,\"y\":91.5348358,\"z\":958.689941},\"_anchorBPosition\":{\"x\":-346.11792,\"y\":89.07469,\"z\":954.2394},\"_canBeDismantled\":true},{\"_anchorAPosition\":{\"x\":-346.754547,\"y\":89.65587,\"z\":954.363037},\"_anchorBPosition\":{\"x\":-370.148651,\"y\":83.14345,\"z\":976.552},\"_canBeDismantled\":true},{\"_anchorAPosition\":{\"x\":-370.721954,\"y\":82.66685,\"z\":976.9084},\"_anchorBPosition\":{\"x\":-440.079834,\"y\":58.22417,\"z\":1016.64117},\"_canBeDismantled\":true},{\"_anchorAPosition\":{\"x\":-440.9124,\"y\":58.610817,\"z\":1016.93207},\"_anchorBPosition\":{\"x\":-445.16922,\"y\":67.92327,\"z\":988.765137},\"_canBeDismantled\":true},{\"_anchorAPosition\":{\"x\":-445.826477,\"y\":67.706955,\"z\":988.3863},\"_anchorBPosition\":{\"x\":-535.5347,\"y\":56.9247971,\"z\":981.258667},\"_canBeDismantled\":true},{\"_anchorAPosition\":{\"x\":-535.9618,\"y\":58.66297,\"z\":981.260254},\"_anchorBPosition\":{\"x\":-622.087158,\"y\":72.4868546,\"z\":1005.65875},\"_canBeDismantled\":true},{\"_anchorAPosition\":{\"x\":-622.9525,\"y\":73.65996,\"z\":1005.23254},\"_anchorBPosition\":{\"x\":-643.4518,\"y\":77.36538,\"z\":1005.48907},\"_canBeDismantled\":true},{\"_anchorAPosition\":{\"x\":-644.222839,\"y\":78.03311,\"z\":1005.44562},\"_anchorBPosition\":{\"x\":-720.068359,\"y\":94.10456,\"z\":947.2835},\"_canBeDismantled\":true},{\"_anchorAPosition\":{\"x\":-720.5062,\"y\":94.58849,\"z\":946.7873},\"_anchorBPosition\":{\"x\":-737.000732,\"y\":96.76261,\"z\":917.420532},\"_canBeDismantled\":true},{\"_anchorAPosition\":{\"x\":-737.270264,\"y\":97.14295,\"z\":916.6446},\"_anchorBPosition\":{\"x\":-778.7977,\"y\":97.17546,\"z\":843.047241},\"_canBeDismantled\":true},{\"_anchorAPosition\":{\"x\":-779.119934,\"y\":97.5312653,\"z\":842.2608},\"_anchorBPosition\":{\"x\":-845.959167,\"y\":97.6626358,\"z\":750.1972},\"_canBeDismantled\":true},{\"_anchorAPosition\":{\"x\":-846.076965,\"y\":97.9756,\"z\":749.6108},\"_anchorBPosition\":{\"x\":-830.4927,\"y\":104.482048,\"z\":694.522034},\"_canBeDismantled\":true},{\"_anchorAPosition\":{\"x\":-830.5976,\"y\":104.690437,\"z\":694.2239},\"_anchorBPosition\":{\"x\":-951.993347,\"y\":102.472221,\"z\":659.945251},\"_canBeDismantled\":true},{\"_anchorAPosition\":{\"x\":-1036.42407,\"y\":96.546875,\"z\":683.2279},\"_anchorBPosition\":{\"x\":-1131.62854,\"y\":54.5099945,\"z\":754.703369},\"_canBeDismantled\":true},{\"_anchorAPosition\":{\"x\":-1132.18018,\"y\":54.572773,\"z\":754.7402},\"_anchorBPosition\":{\"x\":-1226.17725,\"y\":51.7554474,\"z\":696.818665},\"_canBeDismantled\":true},{\"_anchorAPosition\":{\"x\":-448.554443,\"y\":332.796265,\"z\":-346.0197},\"_anchorBPosition\":{\"x\":-466.37796,\"y\":323.1634,\"z\":-347.7101},\"_canBeDismantled\":true},{\"_anchorAPosition\":{\"x\":-448.42337,\"y\":333.386322,\"z\":-345.892365},\"_anchorBPosition\":{\"x\":-461.1615,\"y\":323.2175,\"z\":-350.56665},\"_canBeDismantled\":true},{\"_anchorAPosition\":{\"x\":-448.0213,\"y\":333.6348,\"z\":-343.977234},\"_anchorBPosition\":{\"x\":-461.942749,\"y\":323.256531,\"z\":-345.6102},\"_canBeDismantled\":true},{\"_anchorAPosition\":{\"x\":-487.826935,\"y\":325.683655,\"z\":-323.390533},\"_anchorBPosition\":{\"x\":-460.6571,\"y\":324.387848,\"z\":-368.9757},\"_canBeDismantled\":true},{\"_anchorAPosition\":{\"x\":-501.026459,\"y\":331.6678,\"z\":-306.8681},\"_anchorBPosition\":{\"x\":-456.552338,\"y\":265.746368,\"z\":-201.286163},\"_canBeDismantled\":true},{\"_anchorAPosition\":{\"x\":-454.418671,\"y\":267.9087,\"z\":-200.095261},\"_anchorBPosition\":{\"x\":-404.455383,\"y\":264.37912,\"z\":-97.83655},\"_canBeDismantled\":true},{\"_anchorAPosition\":{\"x\":-405.1413,\"y\":263.5307,\"z\":-97.61027},\"_anchorBPosition\":{\"x\":-476.847137,\"y\":231.097839,\"z\":-119.107346},\"_canBeDismantled\":true},{\"_anchorAPosition\":{\"x\":-476.9301,\"y\":230.987259,\"z\":-119.021362},\"_anchorBPosition\":{\"x\":-555.8325,\"y\":208.753967,\"z\":-65.61665},\"_canBeDismantled\":true},{\"_anchorAPosition\":{\"x\":-556.105957,\"y\":208.7581,\"z\":-65.90819},\"_anchorBPosition\":{\"x\":-578.386353,\"y\":200.967926,\"z\":-87.43787},\"_canBeDismantled\":true},{\"_anchorAPosition\":{\"x\":-578.592041,\"y\":201.972473,\"z\":-87.45123},\"_anchorBPosition\":{\"x\":-616.087,\"y\":171.6411,\"z\":-39.1332436},\"_canBeDismantled\":true},{\"_anchorAPosition\":{\"x\":-616.30426,\"y\":171.488129,\"z\":-38.5594521},\"_anchorBPosition\":{\"x\":-635.253,\"y\":161.87291,\"z\":0.882061},\"_canBeDismantled\":true},{\"_anchorAPosition\":{\"x\":-635.429138,\"y\":162.2429,\"z\":3.06407166},\"_anchorBPosition\":{\"x\":-647.412354,\"y\":169.802582,\"z\":61.99749},\"_canBeDismantled\":true},{\"_anchorAPosition\":{\"x\":-648.5632,\"y\":169.234772,\"z\":59.92666},\"_anchorBPosition\":{\"x\":-690.109131,\"y\":162.993317,\"z\":97.8124542},\"_canBeDismantled\":true},{\"_anchorAPosition\":{\"x\":-690.8144,\"y\":162.836166,\"z\":98.36423},\"_anchorBPosition\":{\"x\":-681.5283,\"y\":160.664551,\"z\":153.3981},\"_canBeDismantled\":true},{\"_anchorAPosition\":{\"x\":-681.391846,\"y\":161.152023,\"z\":153.91983},\"_anchorBPosition\":{\"x\":-694.3961,\"y\":154.167068,\"z\":168.116791},\"_canBeDismantled\":true},{\"_anchorAPosition\":{\"x\":-719.5841,\"y\":131.950058,\"z\":280.346436},\"_anchorBPosition\":{\"x\":-768.9108,\"y\":117.248734,\"z\":368.771118},\"_canBeDismantled\":true},{\"_anchorAPosition\":{\"x\":-769.31366,\"y\":117.055618,\"z\":369.2686},\"_anchorBPosition\":{\"x\":-766.556458,\"y\":106.291809,\"z\":491.232056},\"_canBeDismantled\":true},{\"_anchorAPosition\":{\"x\":-766.6428,\"y\":106.094833,\"z\":491.947021},\"_anchorBPosition\":{\"x\":-781.1765,\"y\":106.477951,\"z\":561.697266},\"_canBeDismantled\":true},{\"_anchorAPosition\":{\"x\":-781.549255,\"y\":106.489296,\"z\":562.0828},\"_anchorBPosition\":{\"x\":-855.2102,\"y\":106.752762,\"z\":626.3545},\"_canBeDismantled\":true},{\"_anchorAPosition\":{\"x\":-855.942444,\"y\":106.501991,\"z\":626.615662},\"_anchorBPosition\":{\"x\":-951.155457,\"y\":104.148766,\"z\":660.945435},\"_canBeDismantled\":true},{\"_anchorAPosition\":{\"x\":-718.1613,\"y\":131.910934,\"z\":280.685547},\"_anchorBPosition\":{\"x\":-695.055969,\"y\":139.76532,\"z\":225.078934},\"_canBeDismantled\":true},{\"_anchorAPosition\":{\"x\":-694.61,\"y\":140.565369,\"z\":225.0086},\"_anchorBPosition\":{\"x\":-638.363,\"y\":154.625671,\"z\":267.222351},\"_canBeDismantled\":true},{\"_anchorAPosition\":{\"x\":-637.5306,\"y\":154.106461,\"z\":267.630371},\"_anchorBPosition\":{\"x\":-558.075867,\"y\":175.55957,\"z\":218.879852},\"_canBeDismantled\":true},{\"_anchorAPosition\":{\"x\":-694.5044,\"y\":153.7462,\"z\":168.599136},\"_anchorBPosition\":{\"x\":-696.4296,\"y\":139.69725,\"z\":223.340637},\"_canBeDismantled\":true},{\"_anchorAPosition\":{\"x\":-1036.13818,\"y\":98.78211,\"z\":683.5002},\"_anchorBPosition\":{\"x\":-1033.06323,\"y\":94.51306,\"z\":705.171631},\"_canBeDismantled\":true},{\"_anchorAPosition\":{\"x\":-981.575134,\"y\":93.41679,\"z\":804.283264},\"_anchorBPosition\":{\"x\":-1030.90161,\"y\":96.91007,\"z\":689.66156},\"_canBeDismantled\":true},{\"_anchorAPosition\":{\"x\":-1386.40686,\"y\":244.510971,\"z\":-895.885437},\"_anchorBPosition\":{\"x\":-1421.207,\"y\":204.85405,\"z\":-894.8047},\"_canBeDismantled\":true}]}"}}