{"Version":"0.0.0","Data":{"GameState":"{\"Version\":\"0.0.0\",\"SaveTime\":\"2023-04-08T14:52:05.4621814+08:00\",\"GameType\":\"Hard\",\"GameId\":\"cc48f31c-009f-4b1c-a2c7-021b96275099\",\"GameDays\":44,\"GameHours\":15,\"GameMinutes\":22,\"GameSeconds\":28,\"GameMilliseconds\":121,\"CrashSite\":\"tree\",\"NamedIntDatas\":[{\"SaveObjectNameId\":\"LuxuryBunker.EntranceDoor\"},{\"SaveObjectNameId\":\"LuxuryBunker.HellDoorCaveEntrance\"},{\"SaveObjectNameId\":\"HangingTacticalGpsPickedUp\"},{\"SaveObjectNameId\":\"BuriedTacticalGpsPickedUp\"},{\"SaveObjectNameId\":\"RaftTacticalGpsPickeUp\",\"SaveValue\":1},{\"SaveObjectNameId\":\"BunkerA.EntranceHatch\",\"SaveValue\":3},{\"SaveObjectNameId\":\"BunkerB.EntranceHatch\",\"SaveValue\":3},{\"SaveObjectNameId\":\"BunkerC.EntranceHatch\"},{\"SaveObjectNameId\":\"BunkerFoodAndDining.EntranceHatch\",\"SaveValue\":3},{\"SaveObjectNameId\":\"BunkerFoodAndDining.DiningDoor\",\"SaveValue\":3},{\"SaveObjectNameId\":\"BunkerFoodAndDining.EntranceDoor\",\"SaveValue\":3},{\"SaveObjectNameId\":\"HangingTactical\",\"SaveValue\":1},{\"SaveObjectNameId\":\"HangingTacticalCutDown\",\"SaveValue\":1},{\"SaveObjectNameId\":\"CaveC.Sluggy\",\"SaveValue\":3},{\"SaveObjectNameId\":\"CaveB.Sluggy\",\"SaveValue\":1},{\"SaveObjectNameId\":\"BunkerFoodAndDining.PufftonBossSpawn\",\"SaveValue\":1},{\"SaveObjectNameId\":\"TreeCrashPickups.BasicStorageCrateItems.AAA\"},{\"SaveObjectNameId\":\"TreeCrashPickups.BasicStorageCrateItems.AAB\"},{\"SaveObjectNameId\":\"TreeCrashPickups.BasicStorageCrateItems.AAC\"},{\"SaveObjectNameId\":\"TreeCrashPickups.AmmoCase.AAD\"},{\"SaveObjectNameId\":\"TreeCrashPickups.AmmoCase.AAE\"},{\"SaveObjectNameId\":\"TreeCrashPickups.Meds.AAF\"},{\"SaveObjectNameId\":\"TreeCrashPickups.Meds.AAG\"},{\"SaveObjectNameId\":\"TreeCrashPickups.GrenadeCase.AAH\"},{\"SaveObjectNameId\":\"TreeCrashPickups.FlaresCase.AAI\"},{\"SaveObjectNameId\":\"SonsStorySpots.GraveItems.AOX\"},{\"SaveObjectNameId\":\"SonsStorySpots.BasicStorageCrateItems.ADV\"},{\"SaveObjectNameId\":\"SonsStorySpots.BasicStorageCrateItems.AOC\"},{\"SaveObjectNameId\":\"SonsStorySpots.GrenadeCase.AQF\"},{\"SaveObjectNameId\":\"SonsStorySpots.GrenadeCase.AQO\"},{\"SaveObjectNameId\":\"SonsStorySpots.AmmoCase.ALA\"},{\"SaveObjectNameId\":\"SonsStorySpots.BasicStorageCrateItems.ACM\"},{\"SaveObjectNameId\":\"SonsStorySpots.BasicStorageCrateItems.ADX\"},{\"SaveObjectNameId\":\"SonsStorySpots.BasicStorageCrateItems.AQT\"},{\"SaveObjectNameId\":\"SonsStorySpots.Meds.AHV\"},{\"SaveObjectNameId\":\"SonsStorySpots.WoodenCrateItems.AHT\"},{\"SaveObjectNameId\":\"SonsStorySpots.WoodenCrateItems.AMT\"},{\"SaveObjectNameId\":\"SonsStorySpots.GraveItems.ALP\"},{\"SaveObjectNameId\":\"SonsStorySpots.WoodenCrateItems.AAK\"},{\"SaveObjectNameId\":\"SonsStorySpots.WoodenCrateItems.AGB\"},{\"SaveObjectNameId\":\"SonsStorySpots.WoodenCrateItems.AIQ\"},{\"SaveObjectNameId\":\"SonsStorySpots.WoodenCrateItems.ALO\"},{\"SaveObjectNameId\":\"SonsStorySpots.AmmoCase.ALB\"},{\"SaveObjectNameId\":\"SonsStorySpots.Meds.AEY\"},{\"SaveObjectNameId\":\"SonsStorySpots.WoodenCrateItems.ADW\"},{\"SaveObjectNameId\":\"SonsStorySpots.WoodenCrateItems.ANT\"},{\"SaveObjectNameId\":\"SonsStorySpots.WoodenCrateItems.ANZ\"},{\"SaveObjectNameId\":\"SonsStorySpots.BasicStorageCrateItems.ABL\"},{\"SaveObjectNameId\":\"SonsStorySpots.BasicStorageCrateItems.ACF\"},{\"SaveObjectNameId\":\"SonsStorySpots.BasicStorageCrateItems.AFM\"},{\"SaveObjectNameId\":\"SonsStorySpots.BasicStorageCrateItems.ALS\"},{\"SaveObjectNameId\":\"SonsStorySpots.FlaresCase.AMC\"},{\"SaveObjectNameId\":\"SonsStorySpots.BasicStorageCrateItems.ABH\",\"SaveValue\":1},{\"SaveObjectNameId\":\"SonsStorySpots.BasicStorageCrateItems.AHX\",\"SaveValue\":1},{\"SaveObjectNameId\":\"SonsStorySpots.AmmoCase.AGP\"},{\"SaveObjectNameId\":\"SonsStorySpots.Meds.ARB\"},{\"SaveObjectNameId\":\"SonsStorySpots.AmmoCase.AFQ\"},{\"SaveObjectNameId\":\"SonsStorySpots.FlaresCase.AGJ\"},{\"SaveObjectNameId\":\"IceCaves.WoodenCrateItems.AAH\"},{\"SaveObjectNameId\":\"IceCaves.WoodenCrateItems.AAI\"},{\"SaveObjectNameId\":\"IceCaves.WoodenCrateItems.AAK\"},{\"SaveObjectNameId\":\"SonsStorySpots.BasicStorageCrateItems.AHA\"},{\"SaveObjectNameId\":\"SonsStorySpots.BasicStorageCrateItems.AJW\"},{\"SaveObjectNameId\":\"SonsStorySpots.WoodenCrateItems.AQU\"},{\"SaveObjectNameId\":\"SonsStorySpots.BasicStorageCrateItems.ADC\"},{\"SaveObjectNameId\":\"SonsStorySpots.BasicStorageCrateItems.AFK\"},{\"SaveObjectNameId\":\"SonsStorySpots.BasicStorageCrateItems.AOF\"},{\"SaveObjectNameId\":\"SonsStorySpots.BasicStorageCrateItems.AEK\"},{\"SaveObjectNameId\":\"SonsStorySpots.BasicStorageCrateItems.AGU\"},{\"SaveObjectNameId\":\"SonsStorySpots.BasicStorageCrateItems.AMV\"},{\"SaveObjectNameId\":\"SonsStorySpots.BasicStorageCrateItems.APD\"},{\"SaveObjectNameId\":\"SonsStorySpots.FlaresCase.AJC\"},{\"SaveObjectNameId\":\"SonsStorySpots.GrenadeCase.ADL\"},{\"SaveObjectNameId\":\"SonsStorySpots.BasicStorageCrateItems.AGZ\"},{\"SaveObjectNameId\":\"SonsStorySpots.BasicStorageCrateItems.AHI\"},{\"SaveObjectNameId\":\"SonsStorySpots.WoodenCrateItems.ALJ\"},{\"SaveObjectNameId\":\"SonsStorySpots.WoodenCrateItems.AOM\"},{\"SaveObjectNameId\":\"SonsStorySpots.WoodenCrateItems.AOS\"},{\"SaveObjectNameId\":\"SonsStorySpots.WoodenCrateItems.AFG\"},{\"SaveObjectNameId\":\"SonsStorySpots.WoodenCrateItems.ARI\"},{\"SaveObjectNameId\":\"SonsStorySpots.BasicStorageCrateItems.AOH\"},{\"SaveObjectNameId\":\"SonsStorySpots.BasicStorageCrateItems.AMU\"},{\"SaveObjectNameId\":\"SonsStorySpots.BasicStorageCrateItems.ANN\"},{\"SaveObjectNameId\":\"SonsStorySpots.GrenadeCase.AHZ\"},{\"SaveObjectNameId\":\"BunkerResidential.ExitDoor\"},{\"SaveObjectNameId\":\"BunkerResidential.EntranceDoor\"},{\"SaveObjectNameId\":\"EntertainmentBunker.ExitDoor\",\"SaveValue\":3},{\"SaveObjectNameId\":\"EntertainmentBunker.EntranceDoor\",\"SaveValue\":3},{\"SaveObjectNameId\":\"EntertainmentBunker.ComputerRoomDoor\"}]}"}}