{"Version":"0.0.0","Data":{"ScrewTreeLinkers":"{\"_treeStructureData\":[{},{},{},{},{\"_locatorId\":\"C1F6C0FF3D8905004C0B2B00\"},{},{},{},{},{\"_locatorId\":\"143DCAFF7534060050502000\"},{},{},{},{\"_locatorId\":\"596BE7FF74FF150070AAEBFF\"},{},{\"_locatorId\":\"121BE9FFED9614001934EFFF\"},{},{},{},{},{},{},{},{},{},{},{},{},{},{\"_locatorId\":\"4F2113003C301B00CF8B2300\"},{},{\"_locatorId\":\"2D0519006952180006202600\"},{},{},{},{},{},{},{},{\"_locatorId\":\"10BE1100BABF0E00CBD52F00\"},{},{\"_locatorId\":\"E5BB0C00CE660B00F23D3400\"},{\"_locatorId\":\"45BA07006F170900C02D3800\"},{\"_locatorId\":\"640108006F170900428A3800\"},{},{\"_locatorId\":\"D6910100E2310900AFF23700\"},{},{\"_locatorId\":\"6CD3FAFFC5780500A16D3B00\"},{},{\"_locatorId\":\"D6910100E2310900AFF23700\"},{},{\"_locatorId\":\"FED7F5FF1ED60500D58E3A00\"},{},{\"_locatorId\":\"93BCFAFF40A00500D4D93A00\"},{},{\"_locatorId\":\"EC09EDFFD66C0500A0843A00\"},{},{\"_locatorId\":\"8FDAEAFFFD4A050013413A00\"},{\"_locatorId\":\"EEBCE9FF9D130500CB1F3B00\"},{\"_locatorId\":\"5765E9FFD3E40400B99E3B00\"},{\"_locatorId\":\"2994E4FF196E030047BE3D00\"},{\"_locatorId\":\"AB1DE5FF8E6803008E0F3E00\"},{},{\"_locatorId\":\"A1CDE4FF12F70300EC583C00\"},{},{\"_locatorId\":\"AA4BDFFF584D030038DE3B00\"},{},{\"_locatorId\":\"FA00DAFF784704003A5F3D00\"},{},{\"_locatorId\":\"D8B3D8FF718D0400AB613D00\"},{\"_locatorId\":\"E98AD3FF587E0500CF053A00\"},{\"_locatorId\":\"2B09D4FFFC9705003ECE3900\"},{},{\"_locatorId\":\"1904D3FFFBC205003DF83700\"},{},{\"_locatorId\":\"3773D0FF96CA05000C6F3300\"},{},{\"_locatorId\":\"BB5ACCFFC1CE050075C52D00\"},{\"_locatorId\":\"1E5ECCFF5C340600CC402A00\"},{\"_locatorId\":\"C854CDFF7B3B0600645F2A00\"},{},{},{},{},{},{\"_locatorId\":\"1124B5FFCEFF0200DC822A00\"},{},{},{},{},{},{},{},{\"_locatorId\":\"ACE3E3FF20A61300CB76E9FF\"},{},{},{},{\"_locatorId\":\"F24CE7FFE0F70F00B210FAFF\"},{},{\"_locatorId\":\"B4E1E2FF47D90D0048B5F8FF\"},{\"_locatorId\":\"BCC0DEFF42930C00DB94FCFF\"},{},{},{\"_locatorId\":\"39B1DCFFFD1E0C003AA3FAFF\"},{},{\"_locatorId\":\"995FDAFF92370A00749FFDFF\"},{\"_locatorId\":\"42B9D9FF19E70900AF370000\"},{\"_locatorId\":\"0936D9FFD4B20900E70B0000\"},{},{\"_locatorId\":\"5077D8FF4C240A00A8CC0300\"},{\"_locatorId\":\"D173D5FF5EA409004A5A0500\"},{\"_locatorId\":\"B8DDD5FF01BF09001DFF0500\"},{\"_locatorId\":\"9BDBD5FF7D4C0900EF990900\"},{\"_locatorId\":\"7C6CD6FFA0AB0900AF5F0900\"},{},{\"_locatorId\":\"C699D5FF471F090039460A00\"},{},{\"_locatorId\":\"1510D1FF90F50600FF861600\"},{},{\"_locatorId\":\"5938D1FFEC4C060013011E00\"},{},{\"_locatorId\":\"7C52D0FF03570600DA4E2200\"},{},{\"_locatorId\":\"59C6CBFF474B060075382600\"},{},{},{},{\"_locatorId\":\"1396D5FF7353080094B40D00\"},{\"_locatorId\":\"7210D9FFAF31090022551000\"},{\"_locatorId\":\"7210D9FFAF31090022551000\"},{},{\"_locatorId\":\"89F2DDFFCB7E0A001D580D00\"},{},{\"_locatorId\":\"AE78D5FF804C080080A10D00\"},{},{\"_locatorId\":\"C1F6C0FF3D8905004C0B2B00\"},{},{},{},{}]}"}}