{"Version":"0.0.0","Data":{"WorldItemManager":"{\"Version\":\"0.0.0\",\"WorldItemStates\":[{\"ObjectNameId\":\"World.HangGlider.12\",\"ItemId\":626,\"Position\":{\"x\":-1297.054,\"y\":79.975,\"z\":1740.63477},\"Rotation\":{\"x\":345.6263,\"y\":51.9747849,\"z\":2.88373137}},{\"ObjectNameId\":\"World.HangGlider.04\",\"ItemId\":626,\"Position\":{\"x\":-1184.1,\"y\":221.516174,\"z\":-1728.82288},\"Rotation\":{\"x\":339.567169,\"y\":202.175552,\"z\":358.482422}},{\"ObjectNameId\":\"World.HangGlider.14\",\"ItemId\":626,\"Position\":{\"x\":846.108,\"y\":208.549,\"z\":1105.33716},\"Rotation\":{\"x\":345.6263,\"y\":41.03186,\"z\":2.88373685}},{\"ObjectNameId\":\"World.HangGlider.05\",\"ItemId\":626,\"Position\":{\"x\":733.1571,\"y\":369.35,\"z\":740.7741},\"Rotation\":{\"x\":346.592865,\"y\":55.28923,\"z\":3.63867712}},{\"ObjectNameId\":\"World.HangGlider.13\",\"ItemId\":626,\"Position\":{\"x\":-799.537,\"y\":189.46,\"z\":-281.768},\"Rotation\":{\"x\":345.6263,\"y\":325.6798,\"z\":2.883733}},{\"ObjectNameId\":\"World.HangGlider.11\",\"ItemId\":626,\"Position\":{\"x\":-1772.03,\"y\":83.56678,\"z\":1171.02441},\"Rotation\":{\"x\":347.06366,\"y\":258.640076,\"z\":4.550671}},{\"ObjectNameId\":\"World.HangGlider.01\",\"ItemId\":626,\"Position\":{\"x\":-504.4314,\"y\":322.9,\"z\":-307.391937},\"Rotation\":{\"x\":347.33783,\"y\":304.745667,\"z\":6.05460072},\"State\":1},{\"ObjectNameId\":\"World.HangGlider.06\",\"ItemId\":626,\"Position\":{\"x\":1083.82,\"y\":276.317383,\"z\":-108.445892},\"Rotation\":{\"x\":344.984741,\"y\":55.88374,\"z\":1.21760261}},{\"ObjectNameId\":\"World.HangGlider.10\",\"ItemId\":626,\"Position\":{\"x\":789.7307,\"y\":400.973053,\"z\":273.9027},\"Rotation\":{\"x\":347.482727,\"y\":134.715927,\"z\":6.64512062}},{\"ObjectNameId\":\"World.HangGlider.09\",\"ItemId\":626,\"Position\":{\"x\":1297.53906,\"y\":193.973,\"z\":-30.139},\"Rotation\":{\"x\":344.984741,\"y\":92.78199,\"z\":1.217601}},{\"ObjectNameId\":\"World.KnightV.06\",\"ItemId\":630,\"Position\":{\"x\":1106.58667,\"y\":87.5037155,\"z\":1622.528},\"Rotation\":{\"x\":353.512939,\"y\":186.727982,\"z\":59.38967}},{\"ObjectNameId\":\"World.KnightV.07\",\"ItemId\":630,\"Position\":{\"x\":1454.986,\"y\":192.25,\"z\":-417.372},\"Rotation\":{\"x\":355.17334,\"y\":306.921173,\"z\":323.681152}},{\"ObjectNameId\":\"\",\"ItemId\":626,\"Position\":{\"x\":366.561035,\"y\":528.4752,\"z\":-161.190948},\"Rotation\":{\"x\":336.5312,\"y\":300.116425,\"z\":0.00123326981},\"Unnamed\":true},{\"ObjectNameId\":\"\",\"ItemId\":626,\"Position\":{\"x\":-1030.9093,\"y\":96.65537,\"z\":684.672058},\"Rotation\":{\"x\":336.534882,\"y\":158.6933,\"z\":-0.00235850364},\"Unnamed\":true},{\"ObjectNameId\":\"\",\"ItemId\":626,\"Position\":{\"x\":-1031.34912,\"y\":96.65537,\"z\":684.5229},\"Rotation\":{\"x\":336.5326,\"y\":222.887039,\"z\":-0.000372303941},\"Unnamed\":true},{\"ObjectNameId\":\"\",\"ItemId\":626,\"Position\":{\"x\":-1030.80261,\"y\":96.65545,\"z\":682.7557},\"Rotation\":{\"x\":336.5307,\"y\":266.377228,\"z\":-0.00143059809},\"Unnamed\":true},{\"ObjectNameId\":\"\",\"ItemId\":626,\"Position\":{\"x\":-1032.09521,\"y\":96.65536,\"z\":682.9346},\"Rotation\":{\"x\":336.53125,\"y\":314.77182,\"z\":-0.00208213087},\"Unnamed\":true},{\"ObjectNameId\":\"\",\"ItemId\":630,\"Position\":{\"x\":-974.183,\"y\":273.0368,\"z\":-782.7506},\"Rotation\":{\"x\":304.961243,\"y\":276.934479,\"z\":106.25502},\"Unnamed\":true},{\"ObjectNameId\":\"\",\"ItemId\":630,\"Position\":{\"x\":-973.682861,\"y\":273.037,\"z\":-783.0997},\"Rotation\":{\"x\":305.544983,\"y\":143.3845,\"z\":252.4},\"Unnamed\":true},{\"ObjectNameId\":\"\",\"ItemId\":630,\"Position\":{\"x\":-734.5306,\"y\":134.07962,\"z\":28.5882511},\"Rotation\":{\"x\":359.994,\"y\":275.5523,\"z\":300.3861},\"Unnamed\":true},{\"ObjectNameId\":\"\",\"ItemId\":630,\"Position\":{\"x\":-1033.01379,\"y\":94.07094,\"z\":681.227844},\"Rotation\":{\"x\":305.547516,\"y\":298.895325,\"z\":252.351715},\"Unnamed\":true},{\"ObjectNameId\":\"\",\"ItemId\":630,\"Position\":{\"x\":-1032.78015,\"y\":94.0603561,\"z\":685.6631},\"Rotation\":{\"x\":-0.00372928334,\"y\":312.340057,\"z\":249.883362},\"Unnamed\":true},{\"ObjectNameId\":\"\",\"ItemId\":630,\"Position\":{\"x\":-1033.84766,\"y\":94.0603561,\"z\":685.5944},\"Rotation\":{\"x\":359.9933,\"y\":85.78913,\"z\":110.099976},\"Unnamed\":true},{\"ObjectNameId\":\"\",\"ItemId\":630,\"Position\":{\"x\":-1034.8324,\"y\":94.0604248,\"z\":681.557739},\"Rotation\":{\"x\":-0.00243368186,\"y\":185.960587,\"z\":110.104614},\"Unnamed\":true}]}"}}