{"Version":"0.0.0","Data":{"FreeFormStructureLinkerManager":"{\"_nodeLinkersData\":[{\"_typeId\":4,\"_instanceId\":228}],\"_builtLinkersData\":[null,{\"_typeId\":2,\"_instanceId\":14},{\"_typeId\":4,\"_instanceId\":17},{\"_typeId\":4,\"_instanceId\":17},{\"_typeId\":4,\"_instanceId\":16},null,null,null,null,{\"_typeId\":8,\"_instanceId\":30},{\"_typeId\":4,\"_instanceId\":22},{\"_typeId\":4,\"_instanceId\":25},{\"_typeId\":4,\"_instanceId\":25},{\"_typeId\":4,\"_instanceId\":20},{\"_typeId\":4,\"_instanceId\":11},{\"_typeId\":4,\"_instanceId\":14},{\"_typeId\":4,\"_instanceId\":12},{\"_typeId\":8,\"_instanceId\":30},null,{\"_typeId\":2,\"_instanceId\":66},null,null,null,null,null,null,null,{\"_typeId\":2,\"_instanceId\":14},{\"_typeId\":8,\"_instanceId\":33},{\"_typeId\":3,\"_instanceId\":51},null,null,{\"_typeId\":2,\"_instanceId\":20},null,null,null,null,null,null,null,null,null,null,null,null,null,null,null,null,{\"_typeId\":2,\"_instanceId\":73},null,null,null,null,{\"_typeId\":2,\"_instanceId\":74},{\"_typeId\":2,\"_instanceId\":75},null,{\"_typeId\":2,\"_instanceId\":76},null,null,null,null,null,null,null,null,null,null,null,null,null,null,null,null,null,null,null,null,null,null,null,null,null,null,null,null,null,null,null,null,null,null,null,null,null,null,null,null,null,null,null,null,{\"_typeId\":2,\"_instanceId\":20},{\"_typeId\":2,\"_instanceId\":77},{\"_typeId\":2,\"_instanceId\":78},{\"_typeId\":2,\"_instanceId\":78},null,{\"_typeId\":2,\"_instanceId\":63},{\"_typeId\":2,\"_instanceId\":67},{\"_typeId\":2,\"_instanceId\":66},{\"_typeId\":8,\"_instanceId\":23},{\"_typeId\":3,\"_instanceId\":189},{\"_typeId\":2,\"_instanceId\":65},{\"_typeId\":2,\"_instanceId\":29},null,null,null,null,null,null,{\"_typeId\":2,\"_instanceId\":81},null,{\"_typeId\":2,\"_instanceId\":90},null,{\"_typeId\":2,\"_instanceId\":88},{\"_typeId\":2,\"_instanceId\":90},{\"_typeId\":2,\"_instanceId\":93},null,null,null,null,{\"_typeId\":2,\"_instanceId\":94},{\"_typeId\":2,\"_instanceId\":94},null,null,null,null,null,null,null,null,null,null,null,null,null,null,null,null,null,null,null,null,null,null,{\"_typeId\":3,\"_instanceId\":73},{\"_typeId\":2,\"_instanceId\":95},null,null,null,null,null,null,null,null,null,null,null,null,null,null,null,null,null,null,null,null,null,null,null,null,null,null,null,{\"_typeId\":3,\"_instanceId\":251},{\"_typeId\":3,\"_instanceId\":252},{\"_typeId\":3,\"_instanceId\":236},{\"_typeId\":3,\"_instanceId\":282},{\"_typeId\":3,\"_instanceId\":236},{\"_typeId\":3,\"_instanceId\":239},{\"_typeId\":3,\"_instanceId\":240},{\"_typeId\":3,\"_instanceId\":243},{\"_typeId\":3,\"_instanceId\":244},{\"_typeId\":3,\"_instanceId\":247},{\"_typeId\":3,\"_instanceId\":246},{\"_typeId\":3,\"_instanceId\":231},{\"_typeId\":3,\"_instanceId\":232},{\"_typeId\":2,\"_instanceId\":111},{\"_typeId\":3,\"_instanceId\":231},{\"_typeId\":2,\"_instanceId\":77},null,{\"_typeId\":3,\"_instanceId\":257},{\"_typeId\":2,\"_instanceId\":114},{\"_typeId\":3,\"_instanceId\":261},{\"_typeId\":3,\"_instanceId\":257},{\"_typeId\":2,\"_instanceId\":117},{\"_typeId\":3,\"_instanceId\":263},{\"_typeId\":3,\"_instanceId\":263},{\"_typeId\":2,\"_instanceId\":120},{\"_typeId\":3,\"_instanceId\":265},{\"_typeId\":3,\"_instanceId\":268},{\"_typeId\":3,\"_instanceId\":269},{\"_typeId\":3,\"_instanceId\":272},{\"_typeId\":3,\"_instanceId\":275},{\"_typeId\":3,\"_instanceId\":279},{\"_typeId\":3,\"_instanceId\":273},{\"_typeId\":3,\"_instanceId\":271},{\"_typeId\":8,\"_instanceId\":48},{\"_typeId\":8,\"_instanceId\":42},{\"_typeId\":8,\"_instanceId\":36},{\"_typeId\":8,\"_instanceId\":41},{\"_typeId\":8,\"_instanceId\":40},{\"_typeId\":8,\"_instanceId\":43},{\"_typeId\":2,\"_instanceId\":65},{\"_typeId\":2,\"_instanceId\":62},{\"_typeId\":8,\"_instanceId\":14},{\"_typeId\":2,\"_instanceId\":64},{\"_typeId\":2,\"_instanceId\":65},{\"_typeId\":2,\"_instanceId\":63},{\"_typeId\":2,\"_instanceId\":67},{\"_typeId\":2,\"_instanceId\":54},{\"_typeId\":8,\"_instanceId\":19},{\"_typeId\":8,\"_instanceId\":23},{\"_typeId\":2,\"_instanceId\":66},{\"_typeId\":2,\"_instanceId\":34},{\"_typeId\":2,\"_instanceId\":307},{\"_typeId\":8,\"_instanceId\":26},{\"_typeId\":4,\"_instanceId\":140},null,null,null]}"}}