{"Version":"0.0.0","Data":{"PlayerInventory":"{\"Version\":\"0.0.0\",\"QuickSelect\":{\"Version\":\"0.0.0\",\"Slots\":[{\"ItemId\":379,\"Age\":82.5564957},{\"ItemId\":396,\"Age\":82.5564957},{\"ItemId\":353,\"Age\":82.5564957},{\"ItemId\":355,\"Age\":82.5564957},{\"ItemId\":421,\"Age\":82.5564957},{\"ItemId\":440,\"Age\":82.5564957},{\"ItemId\":398,\"Age\":82.5564957},{\"ItemId\":381,\"Age\":82.5564957},{\"ItemId\":589,\"Age\":82.5564957}]},\"EquippedItems\":[{\"ItemId\":392,\"Modules\":[{\"Version\":\"0.0.0\"}]}],\"ItemInstanceManagerData\":{\"Version\":\"0.0.0\",\"ItemBlocks\":[{\"ItemId\":402,\"TotalCount\":1,\"UniqueItems\":[{\"Modules\":[{\"Version\":\"0.0.0\"},{\"AmmoType\":-1,\"CurrentAmmo\":-1,\"WeaponModIds\":[],\"Version\":\"0.0.0\",\"ModuleId\":4}]}]},{\"ItemId\":380,\"TotalCount\":1,\"UniqueItems\":[{\"Modules\":[{\"Version\":\"0.0.0\"}]}]},{\"ItemId\":351,\"TotalCount\":1,\"UniqueItems\":[]},{\"ItemId\":552,\"TotalCount\":1,\"UniqueItems\":[]},{\"ItemId\":486,\"TotalCount\":1,\"UniqueItems\":[]},{\"ItemId\":412,\"TotalCount\":1,\"UniqueItems\":[]},{\"ItemId\":413,\"TotalCount\":1,\"UniqueItems\":[]},{\"ItemId\":589,\"TotalCount\":1,\"UniqueItems\":[]},{\"ItemId\":420,\"TotalCount\":10,\"UniqueItems\":[]},{\"ItemId\":419,\"TotalCount\":30,\"UniqueItems\":[]},{\"ItemId\":476,\"TotalCount\":26,\"UniqueItems\":[]},{\"ItemId\":368,\"TotalCount\":15,\"UniqueItems\":[]},{\"ItemId\":527,\"TotalCount\":6,\"UniqueItems\":[]},{\"ItemId\":440,\"TotalCount\":10,\"UniqueItems\":[]},{\"ItemId\":398,\"TotalCount\":5,\"UniqueItems\":[]},{\"ItemId\":518,\"TotalCount\":5,\"UniqueItems\":[]},{\"ItemId\":393,\"TotalCount\":10,\"UniqueItems\":[]},{\"ItemId\":369,\"TotalCount\":81,\"UniqueItems\":[]},{\"ItemId\":445,\"TotalCount\":20,\"UniqueItems\":[]},{\"ItemId\":599,\"TotalCount\":20,\"UniqueItems\":[]},{\"ItemId\":484,\"TotalCount\":1000,\"UniqueItems\":[]},{\"ItemId\":396,\"TotalCount\":1,\"UniqueItems\":[{\"Modules\":[{\"RecipeId\":-1,\"CurrentVolume\":10,\"Version\":\"0.0.0\",\"ModuleId\":7},{\"ChannelWeights\":{\"x\":2.802597E-45,\"y\":2.802597E-45,\"z\":2.802597E-45,\"w\":2.802597E-45},\"Version\":\"0.0.0\"}]}]},{\"ItemId\":474,\"TotalCount\":3,\"UniqueItems\":[{\"Modules\":[{\"Version\":\"0.0.0\"},{\"AmmoType\":474,\"CurrentAmmo\":1,\"WeaponModIds\":[],\"Version\":\"0.0.0\",\"ModuleId\":4}]},{\"Modules\":[{\"Version\":\"0.0.0\"}]},{\"Modules\":[{\"Version\":\"0.0.0\"}]}]},{\"ItemId\":523,\"TotalCount\":7,\"UniqueItems\":[]},{\"ItemId\":381,\"TotalCount\":4,\"UniqueItems\":[]},{\"ItemId\":410,\"TotalCount\":11,\"UniqueItems\":[]},{\"ItemId\":496,\"TotalCount\":373,\"UniqueItems\":[]},{\"ItemId\":529,\"TotalCount\":4,\"UniqueItems\":[{\"Modules\":[{\"Version\":\"0.0.0\",\"ModuleId\":2}]},{\"Modules\":[{\"IconIndex\":7,\"Version\":\"0.0.0\",\"ModuleId\":2}]},{\"Modules\":[{\"IconIndex\":7,\"Version\":\"0.0.0\",\"ModuleId\":2}]},{\"Modules\":[{\"IconIndex\":7,\"Version\":\"0.0.0\",\"ModuleId\":2}]}]},{\"ItemId\":479,\"TotalCount\":30,\"UniqueItems\":[]},{\"ItemId\":465,\"TotalCount\":3,\"UniqueItems\":[]},{\"ItemId\":605,\"TotalCount\":2,\"UniqueItems\":[]},{\"ItemId\":452,\"TotalCount\":11,\"UniqueItems\":[]},{\"ItemId\":606,\"TotalCount\":2,\"UniqueItems\":[]},{\"ItemId\":469,\"TotalCount\":4,\"UniqueItems\":[]},{\"ItemId\":613,\"TotalCount\":1,\"UniqueItems\":[]},{\"ItemId\":405,\"TotalCount\":1,\"UniqueItems\":[]},{\"ItemId\":414,\"TotalCount\":5,\"UniqueItems\":[]},{\"ItemId\":503,\"TotalCount\":1,\"UniqueItems\":[{\"Modules\":[{\"Version\":\"0.0.0\"}]}]},{\"ItemId\":359,\"TotalCount\":1,\"UniqueItems\":[{\"Modules\":[{\"ChannelWeights\":{\"x\":4.203895E-45,\"y\":4.203895E-45,\"z\":4.203895E-45,\"w\":4.203895E-45},\"Version\":\"0.0.0\"}]}]},{\"ItemId\":390,\"TotalCount\":1000,\"UniqueItems\":[]},{\"ItemId\":373,\"TotalCount\":8,\"UniqueItems\":[]},{\"ItemId\":346,\"TotalCount\":1,\"UniqueItems\":[]},{\"ItemId\":443,\"TotalCount\":1,\"UniqueItems\":[{\"Modules\":[{\"AmmoType\":373,\"CurrentAmmo\":1,\"WeaponModIds\":[],\"Version\":\"0.0.0\",\"ModuleId\":4}]}]},{\"ItemId\":418,\"TotalCount\":15,\"UniqueItems\":[]},{\"ItemId\":356,\"TotalCount\":1,\"UniqueItems\":[{\"Modules\":[{\"Version\":\"0.0.0\"}]}]},{\"ItemId\":353,\"TotalCount\":1,\"UniqueItems\":[{\"Modules\":[{\"AmmoType\":369,\"CurrentAmmo\":1,\"WeaponModIds\":[],\"Version\":\"0.0.0\",\"ModuleId\":4}]}]},{\"ItemId\":508,\"TotalCount\":3,\"UniqueItems\":[]},{\"ItemId\":471,\"TotalCount\":1,\"UniqueItems\":[{\"Modules\":[{\"RecipeId\":-1,\"CurrentVolume\":7,\"Version\":\"0.0.0\",\"ModuleId\":7}]}]},{\"ItemId\":415,\"TotalCount\":74,\"UniqueItems\":[]},{\"ItemId\":459,\"TotalCount\":1,\"UniqueItems\":[{\"Modules\":[{\"AmmoType\":476,\"WeaponModIds\":[],\"Version\":\"0.0.0\",\"ModuleId\":4}]}]},{\"ItemId\":468,\"TotalCount\":1,\"UniqueItems\":[]},{\"ItemId\":545,\"TotalCount\":1,\"UniqueItems\":[]},{\"ItemId\":417,\"TotalCount\":1,\"UniqueItems\":[]},{\"ItemId\":521,\"TotalCount\":1,\"UniqueItems\":[]},{\"ItemId\":522,\"TotalCount\":1,\"UniqueItems\":[{\"Modules\":[{\"AmmoType\":523,\"CurrentAmmo\":1,\"WeaponModIds\":[],\"Version\":\"0.0.0\",\"ModuleId\":4}]}]},{\"ItemId\":485,\"TotalCount\":1,\"UniqueItems\":[{\"Modules\":[{\"Version\":\"0.0.0\"}]}]},{\"ItemId\":434,\"TotalCount\":6,\"UniqueItems\":[]},{\"ItemId\":604,\"TotalCount\":4,\"UniqueItems\":[]},{\"ItemId\":502,\"TotalCount\":13,\"UniqueItems\":[]},{\"ItemId\":355,\"TotalCount\":1,\"UniqueItems\":[{\"Modules\":[{\"AmmoType\":362,\"CurrentAmmo\":12,\"WeaponModIds\":[],\"Version\":\"0.0.0\",\"ModuleId\":4},{\"Version\":\"0.0.0\"}]}]},{\"ItemId\":444,\"TotalCount\":1,\"UniqueItems\":[{\"Modules\":[{\"RecipeId\":-1,\"CurrentVolume\":563,\"Version\":\"0.0.0\",\"ModuleId\":7}]}]},{\"ItemId\":392,\"TotalCount\":15,\"UniqueItems\":[]},{\"ItemId\":451,\"TotalCount\":2,\"UniqueItems\":[]},{\"ItemId\":400,\"TotalCount\":8,\"UniqueItems\":[]},{\"ItemId\":454,\"TotalCount\":2,\"UniqueItems\":[]},{\"ItemId\":379,\"TotalCount\":1,\"UniqueItems\":[{\"Modules\":[{\"ChannelWeights\":{\"x\":1.73357694E-25,\"y\":1.73357694E-25,\"z\":1.73357694E-25,\"w\":1.73357694E-25},\"Version\":\"0.0.0\"}]}]},{\"ItemId\":439,\"TotalCount\":6,\"UniqueItems\":[]},{\"ItemId\":437,\"TotalCount\":1,\"UniqueItems\":[]},{\"ItemId\":467,\"TotalCount\":1,\"UniqueItems\":[]},{\"ItemId\":566,\"TotalCount\":1,\"UniqueItems\":[]},{\"ItemId\":423,\"TotalCount\":1,\"UniqueItems\":[]},{\"ItemId\":495,\"TotalCount\":2,\"UniqueItems\":[]},{\"ItemId\":489,\"TotalCount\":1,\"UniqueItems\":[]},{\"ItemId\":501,\"TotalCount\":1,\"UniqueItems\":[]},{\"ItemId\":538,\"TotalCount\":1,\"UniqueItems\":[]},{\"ItemId\":375,\"TotalCount\":1,\"UniqueItems\":[]},{\"ItemId\":391,\"TotalCount\":1,\"UniqueItems\":[]},{\"ItemId\":428,\"TotalCount\":1,\"UniqueItems\":[]},{\"ItemId\":426,\"TotalCount\":1,\"UniqueItems\":[{\"Modules\":[{\"RecipeId\":-1787871881,\"Version\":\"0.0.0\",\"ModuleId\":7}]}]},{\"ItemId\":618,\"TotalCount\":10,\"UniqueItems\":[]},{\"ItemId\":431,\"TotalCount\":1,\"UniqueItems\":[{\"Modules\":[{\"Version\":\"0.0.0\"}]}]},{\"ItemId\":544,\"TotalCount\":1,\"UniqueItems\":[]},{\"ItemId\":568,\"TotalCount\":1,\"UniqueItems\":[]},{\"ItemId\":627,\"TotalCount\":1,\"UniqueItems\":[]},{\"ItemId\":362,\"TotalCount\":284,\"UniqueItems\":[]},{\"ItemId\":499,\"TotalCount\":1,\"UniqueItems\":[]},{\"ItemId\":388,\"TotalCount\":2,\"UniqueItems\":[]},{\"ItemId\":363,\"TotalCount\":295,\"UniqueItems\":[]},{\"ItemId\":446,\"TotalCount\":6,\"UniqueItems\":[]},{\"ItemId\":472,\"TotalCount\":1,\"UniqueItems\":[]},{\"ItemId\":421,\"TotalCount\":2,\"UniqueItems\":[]},{\"ItemId\":453,\"TotalCount\":1,\"UniqueItems\":[]},{\"ItemId\":360,\"TotalCount\":1,\"UniqueItems\":[{\"Modules\":[{\"AmmoType\":373,\"CurrentAmmo\":1,\"WeaponModIds\":[],\"Version\":\"0.0.0\",\"ModuleId\":4}]}]},{\"ItemId\":374,\"TotalCount\":1,\"UniqueItems\":[]},{\"ItemId\":466,\"TotalCount\":1,\"UniqueItems\":[]},{\"ItemId\":403,\"TotalCount\":5,\"UniqueItems\":[]},{\"ItemId\":397,\"TotalCount\":1,\"UniqueItems\":[]},{\"ItemId\":546,\"TotalCount\":1,\"UniqueItems\":[]},{\"ItemId\":567,\"TotalCount\":1,\"UniqueItems\":[]},{\"ItemId\":535,\"TotalCount\":1,\"UniqueItems\":[]},{\"ItemId\":543,\"TotalCount\":1,\"UniqueItems\":[]},{\"ItemId\":425,\"TotalCount\":1,\"UniqueItems\":[]},{\"ItemId\":394,\"TotalCount\":1,\"UniqueItems\":[{\"Modules\":[{\"RecipeId\":-1,\"CurrentVolume\":62,\"Version\":\"0.0.0\",\"ModuleId\":7},{\"ChannelWeights\":{\"x\":0.998164952,\"y\":0.998164952,\"z\":0.998164952,\"w\":0.998164952},\"Version\":\"0.0.0\"}]}]},{\"ItemId\":593,\"TotalCount\":1,\"UniqueItems\":[]},{\"ItemId\":504,\"TotalCount\":2,\"UniqueItems\":[]},{\"ItemId\":633,\"TotalCount\":1,\"UniqueItems\":[]},{\"ItemId\":433,\"TotalCount\":1,\"UniqueItems\":[{\"Modules\":[{\"CurrentState\":1,\"TimeRemainingInState\":12411.5059,\"Version\":\"0.0.0\",\"ModuleId\":3}]}]},{\"ItemId\":441,\"TotalCount\":2,\"UniqueItems\":[]},{\"ItemId\":500,\"TotalCount\":1,\"UniqueItems\":[]},{\"ItemId\":358,\"TotalCount\":1,\"UniqueItems\":[{\"Modules\":[{\"AmmoType\":363,\"CurrentAmmo\":8,\"WeaponModIds\":[],\"Version\":\"0.0.0\",\"ModuleId\":4}]}]},{\"ItemId\":376,\"TotalCount\":1,\"UniqueItems\":[]},{\"ItemId\":416,\"TotalCount\":1,\"UniqueItems\":[]},{\"ItemId\":600,\"TotalCount\":2,\"UniqueItems\":[]}]}}"}}