{"Version":"0.0.0","Data":{"PlayerState":"{\"_entries\":[{\"Name\":\"isNewItemInInventory_00000483\"},{\"Name\":\"crafted.00000379\",\"SettingType\":1,\"IntValue\":1},{\"Name\":\"crafted.00000412\",\"SettingType\":1,\"IntValue\":1},{\"Name\":\"crafted.00000413\",\"SettingType\":1,\"IntValue\":1},{\"Name\":\"crafted.00000589\",\"SettingType\":1,\"IntValue\":1},{\"Name\":\"isNewCraftingRecipe_StartingEmergencyPackRecipe\"},{\"Name\":\"ShowMissingTacticalsTutorial\"},{\"Name\":\"seenFirstTimeEquip_00000412\",\"BoolValue\":true},{\"Name\":\"seenFirstTimeEquip_00000476\",\"BoolValue\":true},{\"Name\":\"GotTutorialTarp\",\"BoolValue\":true},{\"Name\":\"consumed.00000438\",\"SettingType\":1,\"IntValue\":44},{\"Name\":\"isNewCraftingRecipeTutorial_CraftedSpearRecipe\"},{\"Name\":\"hasOwned_00000402\",\"BoolValue\":true},{\"Name\":\"seenFirstTimeEquip_00000379\",\"BoolValue\":true},{\"Name\":\"isNewItemInInventory_00000486\"},{\"Name\":\"isNewItemInInventory_00000379\"},{\"Name\":\"isNewItemInInventory_00000380\"},{\"Name\":\"isNewItemInInventory_00000392\"},{\"Name\":\"isNewItemInInventory_00000419\"},{\"Name\":\"crafted.00000474\",\"SettingType\":1,\"IntValue\":2},{\"Name\":\"isNewCraftingRecipe_CraftedSpearRecipe\"},{\"Name\":\"seenFirstTimeEquip_00000474\",\"BoolValue\":true},{\"Name\":\"isNewItemInInventory_00000362\"},{\"Name\":\"seenFirstTimeEquip_00000355\",\"BoolValue\":true},{\"Name\":\"isNewItemInInventory_00000441\"},{\"Name\":\"isNewItemInInventory_00000437\"},{\"Name\":\"consumed.00000437\",\"SettingType\":1,\"IntValue\":43},{\"Name\":\"isNewItemInInventory_00000589\"},{\"Name\":\"isNewItemInInventory_00000396\"},{\"Name\":\"isNewItemInInventory_00000474\"},{\"Name\":\"isNewItemInInventory_00000504\"},{\"Name\":\"seenFirstTimeEquip_00000392\",\"BoolValue\":true},{\"Name\":\"isNewItemInInventory_00000393\"},{\"Name\":\"seenFirstTimeEquip_00000393\",\"BoolValue\":true},{\"Name\":\"Strength\",\"SettingType\":2,\"FloatValue\":51.0201645},{\"Name\":\"StrengthLevel\",\"SettingType\":1,\"IntValue\":12},{\"Name\":\"CurrentStrength\",\"SettingType\":2,\"FloatValue\":3793.56543},{\"Name\":\"RequiredCurrentStrengthPerLevel\",\"SettingType\":2,\"FloatValue\":7435.42432},{\"Name\":\"MaxHealth\",\"SettingType\":2,\"FloatValue\":122.0},{\"Name\":\"CurrentHealth\",\"SettingType\":2,\"FloatValue\":122.0},{\"Name\":\"TargetHealth\",\"SettingType\":2,\"FloatValue\":122.0},{\"Name\":\"Hydration\",\"SettingType\":2,\"FloatValue\":77.47823},{\"Name\":\"Fullness\",\"SettingType\":2,\"FloatValue\":64.1101761},{\"Name\":\"Rest\",\"SettingType\":2,\"FloatValue\":72.670166},{\"Name\":\"Stamina\",\"SettingType\":2,\"FloatValue\":74.44615},{\"Name\":\"HydrationBuff\",\"SettingType\":2,\"FloatValue\":-0.35700196},{\"Name\":\"FullnessBuff\",\"SettingType\":2,\"FloatValue\":-50.0811577},{\"Name\":\"RestBuff\",\"SettingType\":2,\"FloatValue\":-1.50203705E-05},{\"Name\":\"player.position\",\"SettingType\":4,\"FloatArrayValue\":[-1029.84143,93.80243,684.1459]},{\"Name\":\"player.rotation\",\"SettingType\":4,\"FloatArrayValue\":[1.3038516E-08,0.641285539,0.0,0.767302334]},{\"Name\":\"player.areaMask\",\"SettingType\":1},{\"Name\":\"seenFirstTimeEquip_00000381\",\"BoolValue\":true},{\"Name\":\"isNewCraftingRecipeTutorial_CraftedBowRecipe\"},{\"Name\":\"isNewItemInInventory_00000369\"},{\"Name\":\"consumed.00000441\",\"SettingType\":1,\"IntValue\":53},{\"Name\":\"InventoryLightsActive\"},{\"Name\":\"isNewItemInInventory_00000436\"},{\"Name\":\"isNewItemInInventory_00000439\"},{\"Name\":\"consumed.00000439\",\"SettingType\":1,\"IntValue\":48},{\"Name\":\"isNewItemInInventory_00000412\"},{\"Name\":\"isNewItemInInventory_00000527\"},{\"Name\":\"isNewItemInInventory_00000420\"},{\"Name\":\"isNewItemInInventory_00000381\"},{\"Name\":\"isNewItemInInventory_00000376\"},{\"Name\":\"isNewItemInInventory_00000355\"},{\"Name\":\"crafted.00000355\",\"SettingType\":1,\"IntValue\":8},{\"Name\":\"isNewCraftingRecipe_CompactPistolRailModRecipe\"},{\"Name\":\"isNewItemInInventory_00000440\"},{\"Name\":\"isNewItemInInventory_00000402\"},{\"Name\":\"isNewCraftingRecipeTutorial_CraftedArrowsRecipe\"},{\"Name\":\"consumed.00000436\",\"SettingType\":1,\"IntValue\":13},{\"Name\":\"isNewItemInInventory_00000438\"},{\"Name\":\"HasBeenTiredBefore\",\"BoolValue\":true},{\"Name\":\"DoneRemoveStructureElementTutorial\",\"BoolValue\":true},{\"Name\":\"isNewItemInInventory_00000445\"},{\"Name\":\"isNewItemInInventory_00000599\"},{\"Name\":\"consumed.00000445\",\"SettingType\":1,\"IntValue\":32},{\"Name\":\"crafted.00000376\",\"SettingType\":1,\"IntValue\":2},{\"Name\":\"crafted.00000374\",\"SettingType\":1,\"IntValue\":2},{\"Name\":\"crafted.00000378\",\"SettingType\":1,\"IntValue\":3},{\"Name\":\"crafted.00000377\",\"SettingType\":1,\"IntValue\":3},{\"Name\":\"crafted.00000375\",\"SettingType\":1,\"IntValue\":3},{\"Name\":\"isNewCraftingRecipe_CompactPistolDismantleModsRecipe\"},{\"Name\":\"seenFirstTimeEquip_00000413\",\"BoolValue\":true},{\"Name\":\"isNewCraftingRecipeTutorial_CraftedClubRecipe\"},{\"Name\":\"isNewCraftingRecipeTutorial_BoneArmourRecipe\"},{\"Name\":\"isNewCraftingRecipeTutorial_CraftedAxeRecipe\"},{\"Name\":\"isNewCraftingRecipeTutorial_LeafArmourRecipe\"},{\"Name\":\"isNewCraftingRecipeTutorial_MolotovRecipe\"},{\"Name\":\"isNewCraftingRecipeTutorial_TorchRecipe\"},{\"Name\":\"hasOwned_00000444\",\"BoolValue\":true},{\"Name\":\"isNewItemInInventory_00000415\"},{\"Name\":\"crafted.00000503\",\"SettingType\":1,\"IntValue\":1},{\"Name\":\"isNewCraftingRecipe_TorchRecipe\"},{\"Name\":\"isNewItemInInventory_00000503\"},{\"Name\":\"isNewItemInInventory_00000405\"},{\"Name\":\"isNewItemInInventory_00000403\"},{\"Name\":\"crafted.00000494\",\"SettingType\":1,\"IntValue\":21},{\"Name\":\"isNewCraftingRecipe_BoneArmourRecipe\"},{\"Name\":\"isNewItemInInventory_00000494\"},{\"Name\":\"isNewItemInInventory_00000593\"},{\"Name\":\"isNewItemInInventory_00000433\"},{\"Name\":\"isNewItemInInventory_00000466\"},{\"Name\":\"isNewItemInInventory_00000414\"},{\"Name\":\"crafted.00000388\",\"SettingType\":1,\"IntValue\":4},{\"Name\":\"isNewCraftingRecipe_MolotovRecipe\"},{\"Name\":\"isNewItemInInventory_00000430\"},{\"Name\":\"seenFirstTimeEquip_00000353\",\"BoolValue\":true},{\"Name\":\"isNewItemInInventory_00000353\"},{\"Name\":\"isNewItemInInventory_00000476\"},{\"Name\":\"consumed.00000433\",\"SettingType\":1,\"IntValue\":14},{\"Name\":\"isNewItemInInventory_00000388\"},{\"Name\":\"seenFirstTimeEquip_00000396\",\"BoolValue\":true},{\"Name\":\"isNewItemInInventory_00000421\"},{\"Name\":\"isNewItemInInventory_00000523\"},{\"Name\":\"isNewItemInInventory_00000518\"},{\"Name\":\"isNewItemInInventory_00000444\"},{\"Name\":\"consumed.00000421\",\"SettingType\":1,\"IntValue\":22},{\"Name\":\"isNewItemInInventory_00000416\"},{\"Name\":\"isNewItemInInventory_00000413\"},{\"Name\":\"isNewItemInInventory_00000410\"},{\"Name\":\"crafted.00000443\",\"SettingType\":1,\"IntValue\":1},{\"Name\":\"isNewCraftingRecipe_CraftedBowRecipe\"},{\"Name\":\"isNewItemInInventory_00000359\"},{\"Name\":\"isNewItemInInventory_00000356\"},{\"Name\":\"consumed.00000447\",\"SettingType\":1,\"IntValue\":11},{\"Name\":\"seenFirstTimeEquip_00000589\",\"BoolValue\":true},{\"Name\":\"SCREWBookLastUsed\",\"BoolValue\":true},{\"Name\":\"BlueprintBookPageIndex\",\"SettingType\":1,\"IntValue\":5},{\"Name\":\"seenFirstTimeEquip_00000356\",\"BoolValue\":true},{\"Name\":\"consumed.00000480\",\"SettingType\":1,\"IntValue\":3},{\"Name\":\"isNewItemInInventory_00000390\"},{\"Name\":\"isNewItemInInventory_00000364\"},{\"Name\":\"isNewItemInInventory_00000496\"},{\"Name\":\"TutorialBookPageIndex\",\"SettingType\":1,\"IntValue\":6},{\"Name\":\"DoneBuildFireTutorial\",\"BoolValue\":true},{\"Name\":\"consumed.00000466\",\"SettingType\":1,\"IntValue\":4},{\"Name\":\"seenFirstTimeEquip_00000503\",\"BoolValue\":true},{\"Name\":\"TorchWasLit\",\"BoolValue\":true},{\"Name\":\"isNewCraftingRecipeTutorial_FlashlightRechargeRecipe\"},{\"Name\":\"isNewCraftingRecipeTutorial_DeerHideArmourRecipe\"},{\"Name\":\"isNewItemInInventory_00000471\"},{\"Name\":\"isNewItemInInventory_00000469\"},{\"Name\":\"isNewItemInInventory_00000479\"},{\"Name\":\"isNewItemInInventory_00000484\"},{\"Name\":\"isNewItemInInventory_00000508\"},{\"Name\":\"seenFirstTimeEquip_00000459\",\"BoolValue\":true},{\"Name\":\"isNewItemInInventory_00000459\"},{\"Name\":\"seenFirstTimeEquip_00000417\",\"BoolValue\":true},{\"Name\":\"isNewItemInInventory_00000417\"},{\"Name\":\"crafted.00000471\",\"SettingType\":1,\"IntValue\":6},{\"Name\":\"isNewCraftingRecipe_FlashlightRechargeRecipe\"},{\"Name\":\"seenFirstTimeEquip_00000522\",\"BoolValue\":true},{\"Name\":\"isNewItemInInventory_00000468\"},{\"Name\":\"seenFirstTimeEquip_00000468\",\"BoolValue\":true},{\"Name\":\"consumed.00000594\",\"SettingType\":1,\"IntValue\":1},{\"Name\":\"isNewItemInInventory_00000374\"},{\"Name\":\"isNewCraftingRecipe_CompactPistolSilencerModRecipe\"},{\"Name\":\"isNewItemInInventory_00000443\"},{\"Name\":\"isNewItemInInventory_00000522\"},{\"Name\":\"hasOwned_00000499\",\"BoolValue\":true},{\"Name\":\"isNewItemInInventory_00000499\"},{\"Name\":\"isNewItemInInventory_00000378\"},{\"Name\":\"isNewCraftingRecipe_CompactPistolFlashlightModRecipe\"},{\"Name\":\"isNewItemInInventory_00000363\"},{\"Name\":\"isNewItemInInventory_00000346\"},{\"Name\":\"isNewItemInInventory_00000485\"},{\"Name\":\"seenFirstTimeEquip_00000380\",\"BoolValue\":true},{\"Name\":\"crafted.00000419\",\"SettingType\":1,\"IntValue\":4},{\"Name\":\"crafted.00000496\",\"SettingType\":1,\"IntValue\":2},{\"Name\":\"crafted.00000466\",\"SettingType\":1,\"IntValue\":2},{\"Name\":\"isNewCraftingRecipe_LootPouchRecipe\"},{\"Name\":\"isNewItemInInventory_00000495\"},{\"Name\":\"seenFirstTimeEquip_00000358\",\"BoolValue\":true},{\"Name\":\"isNewItemInInventory_00000358\"},{\"Name\":\"seenFirstTimeEquip_00000359\",\"BoolValue\":true},{\"Name\":\"isNewItemInInventory_00000434\"},{\"Name\":\"isNewItemInInventory_00000425\"},{\"Name\":\"seenFirstTimeEquip_00000443\",\"BoolValue\":true},{\"Name\":\"isNewItemInInventory_00000368\"},{\"Name\":\"isNewItemInInventory_00000529\"},{\"Name\":\"isNewItemInInventory_00000418\"},{\"Name\":\"isNewCraftingRecipeTutorial_TimeBombRecipe\"},{\"Name\":\"isNewItemInInventory_00000480\"},{\"Name\":\"isNewItemInInventory_00000482\"},{\"Name\":\"seenFirstTimeEquip_00000444\",\"BoolValue\":true},{\"Name\":\"ShowMissingPufftonsTutorial\"},{\"Name\":\"isNewCraftingRecipeTutorial_HealthMixRecipe\"},{\"Name\":\"isNewCraftingRecipeTutorial_EnergyMixRecipe\"},{\"Name\":\"consumed.00000425\",\"SettingType\":1,\"IntValue\":9},{\"Name\":\"isNewItemInInventory_00000481\"},{\"Name\":\"consumed.00000481\",\"SettingType\":1,\"IntValue\":3},{\"Name\":\"seenFirstTimeEquip_00000566\",\"BoolValue\":true},{\"Name\":\"crafted.00000618\",\"SettingType\":1,\"IntValue\":35},{\"Name\":\"seenFirstTimeEquip_00000423\",\"BoolValue\":true},{\"Name\":\"hasOwned_00000495\",\"BoolValue\":true},{\"Name\":\"hasOwned_00000489\",\"BoolValue\":true},{\"Name\":\"hasOwned_00000501\",\"BoolValue\":true},{\"Name\":\"crafted.00000426\",\"SettingType\":1,\"IntValue\":2},{\"Name\":\"crafted.00000391\",\"SettingType\":1,\"IntValue\":2},{\"Name\":\"crafted.00000428\",\"SettingType\":1,\"IntValue\":2},{\"Name\":\"seenFirstTimeEquip_00000428\",\"BoolValue\":true},{\"Name\":\"crafted.00000553\",\"SettingType\":1,\"IntValue\":9},{\"Name\":\"isNewCraftingRecipeTutorial_TechArmourRecipe\"},{\"Name\":\"isNewItemInInventory_00000502\"},{\"Name\":\"isNewItemInInventory_00000391\"},{\"Name\":\"isNewItemInInventory_00000472\"},{\"Name\":\"isNewItemInInventory_00000553\"},{\"Name\":\"isNewItemInInventory_00000467\"},{\"Name\":\"isNewItemInInventory_00000566\"},{\"Name\":\"isNewItemInInventory_00000423\"},{\"Name\":\"isNewItemInInventory_00000428\"},{\"Name\":\"crafted.00000554\",\"SettingType\":1,\"IntValue\":1},{\"Name\":\"isNewCraftingRecipe_TechArmourRecipe\"},{\"Name\":\"isNewItemInInventory_00000454\"},{\"Name\":\"isNewItemInInventory_00000426\"},{\"Name\":\"seenFirstTimeEquip_00000568\",\"BoolValue\":true},{\"Name\":\"hasOwned_00000492\",\"BoolValue\":true},{\"Name\":\"isNewItemInInventory_00000431\"},{\"Name\":\"isNewItemInInventory_00000375\"},{\"Name\":\"isNewItemInInventory_00000492\"},{\"Name\":\"consumed.00000426\",\"SettingType\":1,\"IntValue\":23},{\"Name\":\"crafted.00000519\",\"SettingType\":1,\"IntValue\":5},{\"Name\":\"isNewCraftingRecipe_DeerHideArmourRecipe\"},{\"Name\":\"isNewItemInInventory_00000519\"},{\"Name\":\"isNewItemInInventory_00000570\"},{\"Name\":\"crafted.00000358\",\"SettingType\":1,\"IntValue\":3},{\"Name\":\"isNewCraftingRecipe_ShotgunRailRecipe\"},{\"Name\":\"isNewCraftingRecipe_ShotgunLaserSightModRecipe\"},{\"Name\":\"crafted.00000346\",\"SettingType\":1,\"IntValue\":1},{\"Name\":\"isNewCraftingRecipe_ShotgunDismantleModsRecipe\"},{\"Name\":\"isNewItemInInventory_00000568\"},{\"Name\":\"crafted.00000502\",\"SettingType\":1,\"IntValue\":3},{\"Name\":\"crafted.00000410\",\"SettingType\":1,\"IntValue\":1},{\"Name\":\"crafted.00000364\",\"SettingType\":1,\"IntValue\":2},{\"Name\":\"crafted.00000437\",\"SettingType\":1,\"IntValue\":1},{\"Name\":\"crafted.00000418\",\"SettingType\":1,\"IntValue\":1},{\"Name\":\"crafted.00000415\",\"SettingType\":1,\"IntValue\":2},{\"Name\":\"crafted.00000479\",\"SettingType\":1,\"IntValue\":1},{\"Name\":\"crafted.00000439\",\"SettingType\":1,\"IntValue\":2},{\"Name\":\"isNewItemInInventory_00000554\"},{\"Name\":\"isNewItemInInventory_00000571\"},{\"Name\":\"isNewItemInInventory_00000618\"},{\"Name\":\"isNewItemInInventory_00000465\"},{\"Name\":\"consumed.00000570\",\"SettingType\":1,\"IntValue\":2},{\"Name\":\"consumed.00000571\",\"SettingType\":1,\"IntValue\":3},{\"Name\":\"isNewItemInInventory_00000447\"},{\"Name\":\"isNewItemInInventory_00000452\"},{\"Name\":\"isNewItemInInventory_00000606\"},{\"Name\":\"isNewItemInInventory_00000604\"},{\"Name\":\"isNewItemInInventory_00000400\"},{\"Name\":\"isNewItemInInventory_00000451\"},{\"Name\":\"isNewItemInInventory_00000446\"},{\"Name\":\"isNewItemInInventory_00000605\"},{\"Name\":\"seenFirstTimeEquip_00000567\",\"BoolValue\":true},{\"Name\":\"isNewCraftingRecipeTutorial_ChainsawRechargeRecipe\"},{\"Name\":\"seenFirstTimeEquip_00000394\",\"BoolValue\":true},{\"Name\":\"isNewItemInInventory_00000360\"},{\"Name\":\"isNewItemInInventory_00000394\"},{\"Name\":\"hasOwned_00000500\",\"BoolValue\":true},{\"Name\":\"HasDismountedFromKnightVBefore\",\"BoolValue\":true}],\"NamedInts\":[{\"SaveObjectNameId\":\"BunkerResidential.Cutscene.GetDownSon\"}]}"}}