{"Version":"0.0.0","Data":{"ScrewStructureInstances":"{\"_structures\":[{\"Id\":40,\"Pos\":{\"x\":-930.1247,\"y\":94.3762054,\"z\":547.9057},\"Rot\":{\"x\":-0.0486130863,\"y\":0.6825802,\"z\":0.03488466,\"w\":0.728357255},\"Storages\":[]},{\"Id\":53,\"Pos\":{\"x\":-952.6496,\"y\":103.589569,\"z\":662.6991},\"Rot\":{\"x\":-6.929193E-09,\"y\":0.9725952,\"z\":-2.89855961E-08,\"w\":-0.232505143},\"Storages\":[]},{\"Id\":49,\"Pos\":{\"x\":-1027.69861,\"y\":93.8024445,\"z\":681.6886},\"Rot\":{\"y\":-0.1649853,\"w\":0.986296058},\"Storages\":[{\"Version\":\"0.0.0\",\"ItemBlocks\":[]},{\"Version\":\"0.0.0\",\"ItemBlocks\":[]},{\"Version\":\"0.0.0\",\"ItemBlocks\":[]},{\"Version\":\"0.0.0\",\"ItemBlocks\":[]},{\"Version\":\"0.0.0\",\"ItemBlocks\":[]},{\"Version\":\"0.0.0\",\"ItemBlocks\":[]},{\"Version\":\"0.0.0\",\"ItemBlocks\":[]},{\"Version\":\"0.0.0\",\"ItemBlocks\":[]},{\"Version\":\"0.0.0\",\"ItemBlocks\":[]},{\"Version\":\"0.0.0\",\"ItemBlocks\":[]},{\"Version\":\"0.0.0\",\"ItemBlocks\":[]},{\"Version\":\"0.0.0\",\"ItemBlocks\":[]}]},{\"Id\":49,\"Pos\":{\"x\":-1027.58484,\"y\":93.8024445,\"z\":683.1254},\"Rot\":{\"y\":0.6186566,\"w\":0.7856616},\"Storages\":[{\"Version\":\"0.0.0\",\"ItemBlocks\":[{\"ItemId\":469,\"TotalCount\":2,\"UniqueItems\":[]}]},{\"Version\":\"0.0.0\",\"ItemBlocks\":[]},{\"Version\":\"0.0.0\",\"ItemBlocks\":[]},{\"Version\":\"0.0.0\",\"ItemBlocks\":[]},{\"Version\":\"0.0.0\",\"ItemBlocks\":[]},{\"Version\":\"0.0.0\",\"ItemBlocks\":[{\"ItemId\":434,\"TotalCount\":2,\"UniqueItems\":[]}]},{\"Version\":\"0.0.0\",\"ItemBlocks\":[]},{\"Version\":\"0.0.0\",\"ItemBlocks\":[{\"ItemId\":438,\"TotalCount\":1,\"UniqueItems\":[]}]},{\"Version\":\"0.0.0\",\"ItemBlocks\":[]},{\"Version\":\"0.0.0\",\"ItemBlocks\":[]},{\"Version\":\"0.0.0\",\"ItemBlocks\":[{\"ItemId\":417,\"TotalCount\":3,\"UniqueItems\":[]}]},{\"Version\":\"0.0.0\",\"ItemBlocks\":[{\"ItemId\":527,\"TotalCount\":6,\"UniqueItems\":[]}]}]},{\"Id\":22,\"Pos\":{\"x\":-1028.684,\"y\":93.8024,\"z\":684.4698},\"Rot\":{\"y\":0.6186566,\"w\":0.7856616},\"Storages\":[]},{\"Id\":55,\"Pos\":{\"x\":-483.316772,\"y\":152.9014,\"z\":9.163246},\"Rot\":{\"x\":-0.152390838,\"y\":0.7944616,\"z\":-0.544156849,\"w\":-0.222488523},\"Storages\":[]},{\"Id\":55,\"Pos\":{\"x\":-484.193481,\"y\":153.308533,\"z\":10.189702},\"Rot\":{\"x\":-0.375020862,\"y\":0.008218025,\"z\":0.003324722,\"w\":0.926974},\"Storages\":[]},{\"Id\":49,\"Pos\":{\"x\":-1031.49585,\"y\":93.80228,\"z\":680.413452},\"Rot\":{\"y\":0.9858382,\"w\":0.167699575},\"Storages\":[{\"Version\":\"0.0.0\",\"ItemBlocks\":[{\"ItemId\":437,\"TotalCount\":6,\"UniqueItems\":[]}]},{\"Version\":\"0.0.0\",\"ItemBlocks\":[{\"ItemId\":438,\"TotalCount\":6,\"UniqueItems\":[]}]},{\"Version\":\"0.0.0\",\"ItemBlocks\":[{\"ItemId\":469,\"TotalCount\":3,\"UniqueItems\":[]}]},{\"Version\":\"0.0.0\",\"ItemBlocks\":[{\"ItemId\":438,\"TotalCount\":6,\"UniqueItems\":[]}]},{\"Version\":\"0.0.0\",\"ItemBlocks\":[{\"ItemId\":437,\"TotalCount\":2,\"UniqueItems\":[]}]},{\"Version\":\"0.0.0\",\"ItemBlocks\":[{\"ItemId\":438,\"TotalCount\":2,\"UniqueItems\":[]}]},{\"Version\":\"0.0.0\",\"ItemBlocks\":[{\"ItemId\":438,\"TotalCount\":6,\"UniqueItems\":[]}]},{\"Version\":\"0.0.0\",\"ItemBlocks\":[{\"ItemId\":437,\"TotalCount\":4,\"UniqueItems\":[]}]},{\"Version\":\"0.0.0\",\"ItemBlocks\":[{\"ItemId\":438,\"TotalCount\":6,\"UniqueItems\":[]}]},{\"Version\":\"0.0.0\",\"ItemBlocks\":[{\"ItemId\":437,\"TotalCount\":6,\"UniqueItems\":[]}]},{\"Version\":\"0.0.0\",\"ItemBlocks\":[{\"ItemId\":437,\"TotalCount\":5,\"UniqueItems\":[]}]},{\"Version\":\"0.0.0\",\"ItemBlocks\":[{\"ItemId\":437,\"TotalCount\":5,\"UniqueItems\":[]}]}]},{\"Id\":49,\"Pos\":{\"x\":-1033.18787,\"y\":93.8024445,\"z\":679.934},\"Rot\":{\"y\":0.9858382,\"w\":0.167699575},\"Storages\":[{\"Version\":\"0.0.0\",\"ItemBlocks\":[]},{\"Version\":\"0.0.0\",\"ItemBlocks\":[{\"ItemId\":368,\"TotalCount\":15,\"UniqueItems\":[]}]},{\"Version\":\"0.0.0\",\"ItemBlocks\":[{\"ItemId\":373,\"TotalCount\":1,\"UniqueItems\":[]}]},{\"Version\":\"0.0.0\",\"ItemBlocks\":[{\"ItemId\":369,\"TotalCount\":10,\"UniqueItems\":[]}]},{\"Version\":\"0.0.0\",\"ItemBlocks\":[{\"ItemId\":523,\"TotalCount\":3,\"UniqueItems\":[]}]},{\"Version\":\"0.0.0\",\"ItemBlocks\":[{\"ItemId\":388,\"TotalCount\":1,\"UniqueItems\":[]}]},{\"Version\":\"0.0.0\",\"ItemBlocks\":[{\"ItemId\":417,\"TotalCount\":3,\"UniqueItems\":[]}]},{\"Version\":\"0.0.0\",\"ItemBlocks\":[{\"ItemId\":527,\"TotalCount\":6,\"UniqueItems\":[]}]},{\"Version\":\"0.0.0\",\"ItemBlocks\":[{\"ItemId\":523,\"TotalCount\":4,\"UniqueItems\":[]}]},{\"Version\":\"0.0.0\",\"ItemBlocks\":[{\"ItemId\":523,\"TotalCount\":4,\"UniqueItems\":[]}]},{\"Version\":\"0.0.0\",\"ItemBlocks\":[{\"ItemId\":523,\"TotalCount\":4,\"UniqueItems\":[]}]},{\"Version\":\"0.0.0\",\"ItemBlocks\":[{\"ItemId\":523,\"TotalCount\":2,\"UniqueItems\":[]}]}]},{\"Id\":49,\"Pos\":{\"x\":-1034.62732,\"y\":93.8024445,\"z\":680.1453},\"Rot\":{\"y\":0.835168958,\"w\":-0.549993455},\"Storages\":[{\"Version\":\"0.0.0\",\"ItemBlocks\":[{\"ItemId\":434,\"TotalCount\":3,\"UniqueItems\":[]}]},{\"Version\":\"0.0.0\",\"ItemBlocks\":[{\"ItemId\":437,\"TotalCount\":6,\"UniqueItems\":[]}]},{\"Version\":\"0.0.0\",\"ItemBlocks\":[{\"ItemId\":437,\"TotalCount\":5,\"UniqueItems\":[]}]},{\"Version\":\"0.0.0\",\"ItemBlocks\":[{\"ItemId\":469,\"TotalCount\":3,\"UniqueItems\":[]}]},{\"Version\":\"0.0.0\",\"ItemBlocks\":[{\"ItemId\":437,\"TotalCount\":2,\"UniqueItems\":[]}]},{\"Version\":\"0.0.0\",\"ItemBlocks\":[{\"ItemId\":439,\"TotalCount\":10,\"UniqueItems\":[]}]},{\"Version\":\"0.0.0\",\"ItemBlocks\":[{\"ItemId\":439,\"TotalCount\":10,\"UniqueItems\":[]}]},{\"Version\":\"0.0.0\",\"ItemBlocks\":[{\"ItemId\":439,\"TotalCount\":10,\"UniqueItems\":[]}]},{\"Version\":\"0.0.0\",\"ItemBlocks\":[{\"ItemId\":439,\"TotalCount\":10,\"UniqueItems\":[]}]},{\"Version\":\"0.0.0\",\"ItemBlocks\":[{\"ItemId\":439,\"TotalCount\":10,\"UniqueItems\":[]}]},{\"Version\":\"0.0.0\",\"ItemBlocks\":[{\"ItemId\":439,\"TotalCount\":10,\"UniqueItems\":[]}]},{\"Version\":\"0.0.0\",\"ItemBlocks\":[{\"ItemId\":439,\"TotalCount\":5,\"UniqueItems\":[]}]}]},{\"Id\":49,\"Pos\":{\"x\":-1036.21069,\"y\":93.8024445,\"z\":686.6777},\"Rot\":{\"y\":-0.6091767,\"w\":-0.793034554},\"Storages\":[{\"Version\":\"0.0.0\",\"ItemBlocks\":[]},{\"Version\":\"0.0.0\",\"ItemBlocks\":[]},{\"Version\":\"0.0.0\",\"ItemBlocks\":[]},{\"Version\":\"0.0.0\",\"ItemBlocks\":[]},{\"Version\":\"0.0.0\",\"ItemBlocks\":[]},{\"Version\":\"0.0.0\",\"ItemBlocks\":[]},{\"Version\":\"0.0.0\",\"ItemBlocks\":[]},{\"Version\":\"0.0.0\",\"ItemBlocks\":[]},{\"Version\":\"0.0.0\",\"ItemBlocks\":[]},{\"Version\":\"0.0.0\",\"ItemBlocks\":[]},{\"Version\":\"0.0.0\",\"ItemBlocks\":[]},{\"Version\":\"0.0.0\",\"ItemBlocks\":[]}]},{\"Id\":49,\"Pos\":{\"x\":-1034.33667,\"y\":93.8024445,\"z\":687.3208},\"Rot\":{\"y\":-0.9888743,\"w\":-0.148753583},\"Storages\":[{\"Version\":\"0.0.0\",\"ItemBlocks\":[{\"ItemId\":416,\"TotalCount\":2,\"UniqueItems\":[]}]},{\"Version\":\"0.0.0\",\"ItemBlocks\":[{\"ItemId\":418,\"TotalCount\":7,\"UniqueItems\":[]}]},{\"Version\":\"0.0.0\",\"ItemBlocks\":[]},{\"Version\":\"0.0.0\",\"ItemBlocks\":[]},{\"Version\":\"0.0.0\",\"ItemBlocks\":[{\"ItemId\":416,\"TotalCount\":6,\"UniqueItems\":[]}]},{\"Version\":\"0.0.0\",\"ItemBlocks\":[{\"ItemId\":416,\"TotalCount\":6,\"UniqueItems\":[]}]},{\"Version\":\"0.0.0\",\"ItemBlocks\":[{\"ItemId\":416,\"TotalCount\":6,\"UniqueItems\":[]}]},{\"Version\":\"0.0.0\",\"ItemBlocks\":[{\"ItemId\":416,\"TotalCount\":6,\"UniqueItems\":[]}]},{\"Version\":\"0.0.0\",\"ItemBlocks\":[{\"ItemId\":368,\"TotalCount\":2,\"UniqueItems\":[]}]},{\"Version\":\"0.0.0\",\"ItemBlocks\":[{\"ItemId\":523,\"TotalCount\":4,\"UniqueItems\":[]}]},{\"Version\":\"0.0.0\",\"ItemBlocks\":[{\"ItemId\":523,\"TotalCount\":1,\"UniqueItems\":[]}]},{\"Version\":\"0.0.0\",\"ItemBlocks\":[]}]},{\"Id\":49,\"Pos\":{\"x\":-1028.20923,\"y\":93.80229,\"z\":686.131165},\"Rot\":{\"y\":-0.7676363,\"w\":0.6408857},\"Storages\":[{\"Version\":\"0.0.0\",\"ItemBlocks\":[]},{\"Version\":\"0.0.0\",\"ItemBlocks\":[]},{\"Version\":\"0.0.0\",\"ItemBlocks\":[]},{\"Version\":\"0.0.0\",\"ItemBlocks\":[]},{\"Version\":\"0.0.0\",\"ItemBlocks\":[]},{\"Version\":\"0.0.0\",\"ItemBlocks\":[]},{\"Version\":\"0.0.0\",\"ItemBlocks\":[]},{\"Version\":\"0.0.0\",\"ItemBlocks\":[]},{\"Version\":\"0.0.0\",\"ItemBlocks\":[]},{\"Version\":\"0.0.0\",\"ItemBlocks\":[]},{\"Version\":\"0.0.0\",\"ItemBlocks\":[]},{\"Version\":\"0.0.0\",\"ItemBlocks\":[]}]},{\"Id\":49,\"Pos\":{\"x\":-1028.94446,\"y\":93.8023758,\"z\":688.051453},\"Rot\":{\"y\":-0.79468286,\"w\":0.6070248},\"Storages\":[{\"Version\":\"0.0.0\",\"ItemBlocks\":[{\"ItemId\":527,\"TotalCount\":6,\"UniqueItems\":[]}]},{\"Version\":\"0.0.0\",\"ItemBlocks\":[{\"ItemId\":527,\"TotalCount\":5,\"UniqueItems\":[]}]},{\"Version\":\"0.0.0\",\"ItemBlocks\":[{\"ItemId\":418,\"TotalCount\":3,\"UniqueItems\":[]}]},{\"Version\":\"0.0.0\",\"ItemBlocks\":[{\"ItemId\":415,\"TotalCount\":10,\"UniqueItems\":[]}]},{\"Version\":\"0.0.0\",\"ItemBlocks\":[{\"ItemId\":553,\"TotalCount\":5,\"UniqueItems\":[]}]},{\"Version\":\"0.0.0\",\"ItemBlocks\":[{\"ItemId\":553,\"TotalCount\":5,\"UniqueItems\":[]}]},{\"Version\":\"0.0.0\",\"ItemBlocks\":[{\"ItemId\":553,\"TotalCount\":5,\"UniqueItems\":[]}]},{\"Version\":\"0.0.0\",\"ItemBlocks\":[{\"ItemId\":553,\"TotalCount\":1,\"UniqueItems\":[]}]},{\"Version\":\"0.0.0\",\"ItemBlocks\":[]},{\"Version\":\"0.0.0\",\"ItemBlocks\":[]},{\"Version\":\"0.0.0\",\"ItemBlocks\":[]},{\"Version\":\"0.0.0\",\"ItemBlocks\":[]}]},{\"Id\":49,\"Pos\":{\"x\":-1029.84387,\"y\":93.80239,\"z\":689.171143},\"Rot\":{\"y\":-0.138508677,\"w\":0.9903612},\"Storages\":[{\"Version\":\"0.0.0\",\"ItemBlocks\":[{\"ItemId\":420,\"TotalCount\":1,\"UniqueItems\":[]}]},{\"Version\":\"0.0.0\",\"ItemBlocks\":[{\"ItemId\":388,\"TotalCount\":1,\"UniqueItems\":[]}]},{\"Version\":\"0.0.0\",\"ItemBlocks\":[{\"ItemId\":417,\"TotalCount\":2,\"UniqueItems\":[]}]},{\"Version\":\"0.0.0\",\"ItemBlocks\":[{\"ItemId\":390,\"TotalCount\":1,\"UniqueItems\":[]}]},{\"Version\":\"0.0.0\",\"ItemBlocks\":[{\"ItemId\":527,\"TotalCount\":6,\"UniqueItems\":[]}]},{\"Version\":\"0.0.0\",\"ItemBlocks\":[{\"ItemId\":420,\"TotalCount\":3,\"UniqueItems\":[]}]},{\"Version\":\"0.0.0\",\"ItemBlocks\":[{\"ItemId\":420,\"TotalCount\":2,\"UniqueItems\":[]}]},{\"Version\":\"0.0.0\",\"ItemBlocks\":[{\"ItemId\":420,\"TotalCount\":2,\"UniqueItems\":[]}]},{\"Version\":\"0.0.0\",\"ItemBlocks\":[{\"ItemId\":416,\"TotalCount\":2,\"UniqueItems\":[]}]},{\"Version\":\"0.0.0\",\"ItemBlocks\":[{\"ItemId\":373,\"TotalCount\":1,\"UniqueItems\":[]}]},{\"Version\":\"0.0.0\",\"ItemBlocks\":[]},{\"Version\":\"0.0.0\",\"ItemBlocks\":[]}]},{\"Id\":53,\"Pos\":{\"x\":-1035.2113,\"y\":95.33444,\"z\":681.224243},\"Rot\":{\"x\":1.19471064E-08,\"y\":0.5976505,\"z\":-8.905687E-09,\"w\":0.80175674},\"Storages\":[]},{\"Id\":55,\"Pos\":{\"x\":-1031.92151,\"y\":95.16005,\"z\":697.302856},\"Rot\":{\"x\":0.00233672932,\"y\":0.997660935,\"z\":-0.04721616,\"w\":0.0493742749},\"Storages\":[]},{\"Id\":27,\"Pos\":{\"x\":-1028.89844,\"y\":90.70336,\"z\":703.8481},\"Rot\":{\"y\":-0.995874166,\"w\":0.09074521},\"Storages\":[{\"Version\":\"0.0.0\",\"ItemBlocks\":[{\"ItemId\":433,\"TotalCount\":1,\"UniqueItems\":[{\"Modules\":[{\"CurrentState\":4,\"TimeRemainingInState\":172800.0,\"PauseDecay\":true,\"Version\":\"0.0.0\",\"ModuleId\":3}]}]}]}]},{\"Id\":27,\"Pos\":{\"x\":-1029.39648,\"y\":90.70336,\"z\":705.8893},\"Rot\":{\"y\":-0.995874166,\"w\":0.09074521},\"Storages\":[{\"Version\":\"0.0.0\",\"ItemBlocks\":[{\"ItemId\":433,\"TotalCount\":2,\"UniqueItems\":[{\"Modules\":[{\"CurrentState\":3,\"PauseDecay\":true,\"Version\":\"0.0.0\",\"ModuleId\":3}]},{\"Modules\":[{\"CurrentState\":4,\"TimeRemainingInState\":172800.0,\"PauseDecay\":true,\"Version\":\"0.0.0\",\"ModuleId\":3}]}]}]}]},{\"Id\":29,\"Pos\":{\"x\":-1033.54016,\"y\":90.70336,\"z\":703.7463},\"Rot\":{\"y\":-0.995874166,\"w\":0.09074521},\"Storages\":[{\"Version\":\"0.0.0\",\"ItemBlocks\":[{\"ItemId\":392,\"TotalCount\":5,\"UniqueItems\":[]}]}]},{\"Id\":55,\"Pos\":{\"x\":-990.748047,\"y\":99.4846039,\"z\":676.8096},\"Rot\":{\"x\":0.0479411855,\"y\":-0.5752288,\"z\":0.033800222,\"w\":0.8158867},\"Storages\":[]},{\"Id\":55,\"Pos\":{\"x\":-902.15625,\"y\":101.453056,\"z\":537.484741},\"Rot\":{\"x\":-0.03267589,\"y\":0.823955834,\"z\":0.04776283,\"w\":0.5636913},\"Storages\":[]},{\"Id\":55,\"Pos\":{\"x\":-916.597534,\"y\":102.926636,\"z\":594.744751},\"Rot\":{\"x\":0.0105970195,\"y\":-0.248337537,\"z\":0.00271691661,\"w\":0.968611836},\"Storages\":[]},{\"Id\":55,\"Pos\":{\"x\":-376.267761,\"y\":380.091675,\"z\":-348.300659},\"Rot\":{\"x\":0.212831065,\"y\":-0.486763954,\"z\":0.1236046,\"w\":0.838144243},\"Storages\":[]},{\"Id\":55,\"Pos\":{\"x\":-388.877258,\"y\":350.589661,\"z\":-304.2221},\"Rot\":{\"x\":0.170939669,\"y\":0.21758081,\"z\":-0.03873581,\"w\":0.960175931},\"Storages\":[]},{\"Id\":55,\"Pos\":{\"x\":189.721252,\"y\":723.731934,\"z\":151.951233},\"Rot\":{\"x\":0.283097833,\"y\":-0.3546228,\"z\":0.113585532,\"w\":0.883853257},\"Storages\":[]},{\"Id\":55,\"Pos\":{\"x\":195.630646,\"y\":682.6205,\"z\":215.066772},\"Rot\":{\"x\":0.299583346,\"y\":0.0991128758,\"z\":-0.0313083455,\"w\":0.948391438},\"Storages\":[]},{\"Id\":55,\"Pos\":{\"x\":192.8522,\"y\":638.7477,\"z\":278.467957},\"Rot\":{\"x\":0.216508016,\"y\":-0.3017973,\"z\":0.0705802962,\"w\":0.925775945},\"Storages\":[]},{\"Id\":55,\"Pos\":{\"x\":198.026016,\"y\":602.618164,\"z\":336.583923},\"Rot\":{\"x\":0.2544019,\"y\":-0.007930262,\"z\":0.00208618469,\"w\":0.967063844},\"Storages\":[]},{\"Id\":55,\"Pos\":{\"x\":216.220856,\"y\":551.2675,\"z\":437.402527},\"Rot\":{\"x\":0.211014837,\"y\":0.110296138,\"z\":-0.0239706021,\"w\":0.970944345},\"Storages\":[]},{\"Id\":55,\"Pos\":{\"x\":243.23381,\"y\":503.221741,\"z\":541.511},\"Rot\":{\"x\":0.221177459,\"y\":0.1275185,\"z\":-0.02918422,\"w\":0.9664202},\"Storages\":[]},{\"Id\":55,\"Pos\":{\"x\":290.611847,\"y\":468.520935,\"z\":577.7434},\"Rot\":{\"x\":0.255392551,\"y\":0.601053357,\"z\":-0.211061388,\"w\":0.727298141},\"Storages\":[]},{\"Id\":55,\"Pos\":{\"x\":361.7176,\"y\":424.8772,\"z\":603.3873},\"Rot\":{\"x\":0.1722718,\"y\":0.534975946,\"z\":-0.112469263,\"w\":0.81943506},\"Storages\":[]},{\"Id\":55,\"Pos\":{\"x\":375.511017,\"y\":372.150269,\"z\":669.8301},\"Rot\":{\"x\":0.220285326,\"y\":-0.309516817,\"z\":0.07394482,\"w\":0.922066152},\"Storages\":[]},{\"Id\":55,\"Pos\":{\"x\":320.733246,\"y\":330.639374,\"z\":716.102051},\"Rot\":{\"x\":0.175864816,\"y\":-0.747283,\"z\":0.218106911,\"w\":0.6025522},\"Storages\":[]},{\"Id\":55,\"Pos\":{\"x\":308.197937,\"y\":297.911865,\"z\":732.257751},\"Rot\":{\"x\":0.249780834,\"y\":0.4404215,\"z\":-0.129021719,\"w\":0.8526382},\"Storages\":[]},{\"Id\":55,\"Pos\":{\"x\":307.528259,\"y\":264.9182,\"z\":763.834},\"Rot\":{\"x\":0.310159326,\"y\":-0.326388121,\"z\":0.114315368,\"w\":0.885552943},\"Storages\":[]},{\"Id\":55,\"Pos\":{\"x\":249.48764,\"y\":216.0951,\"z\":819.8196},\"Rot\":{\"x\":0.211341664,\"y\":-0.401547283,\"z\":0.09578761,\"w\":0.885956645},\"Storages\":[]},{\"Id\":55,\"Pos\":{\"x\":168.247513,\"y\":170.749115,\"z\":894.8862},\"Rot\":{\"x\":0.172836214,\"y\":-0.413344741,\"z\":0.08023343,\"w\":0.8904136},\"Storages\":[]},{\"Id\":55,\"Pos\":{\"x\":78.431015,\"y\":152.055084,\"z\":921.641968},\"Rot\":{\"x\":-0.00376381679,\"y\":-0.7395682,\"z\":-0.004135746,\"w\":0.67305845},\"Storages\":[]},{\"Id\":55,\"Pos\":{\"x\":-39.0203056,\"y\":119.516983,\"z\":964.695068},\"Rot\":{\"x\":0.203391492,\"y\":-0.6127489,\"z\":0.167260215,\"w\":0.7451139},\"Storages\":[]},{\"Id\":55,\"Pos\":{\"x\":16.0915146,\"y\":149.554825,\"z\":936.182861},\"Rot\":{\"x\":-0.0212988127,\"y\":0.9699733,\"z\":0.09221127,\"w\":0.224042863},\"Storages\":[]},{\"Id\":55,\"Pos\":{\"x\":-203.236572,\"y\":99.1242142,\"z\":958.8533},\"Rot\":{\"x\":0.00225534639,\"y\":0.704765439,\"z\":-0.002240507,\"w\":0.7094333},\"Storages\":[]},{\"Id\":55,\"Pos\":{\"x\":-126.34594,\"y\":96.49443,\"z\":961.8375},\"Rot\":{\"x\":0.0192499124,\"y\":0.685111761,\"z\":-0.0181168951,\"w\":0.7279582},\"Storages\":[]},{\"Id\":55,\"Pos\":{\"x\":-275.591125,\"y\":95.66865,\"z\":958.562256},\"Rot\":{\"x\":0.0443002321,\"y\":-0.7061366,\"z\":0.04435308,\"w\":0.7052953},\"Storages\":[]},{\"Id\":55,\"Pos\":{\"x\":-328.588379,\"y\":90.30476,\"z\":956.464661},\"Rot\":{\"x\":0.0229682866,\"y\":-0.7498583,\"z\":0.0260683168,\"w\":0.6606856},\"Storages\":[]},{\"Id\":55,\"Pos\":{\"x\":-358.4516,\"y\":86.39966,\"z\":965.4575},\"Rot\":{\"x\":0.09139927,\"y\":-0.392900944,\"z\":0.03928188,\"w\":0.9141838},\"Storages\":[]},{\"Id\":55,\"Pos\":{\"x\":-405.400879,\"y\":70.44551,\"z\":996.7748},\"Rot\":{\"x\":0.127905726,\"y\":-0.4959482,\"z\":0.0741340145,\"w\":0.855675},\"Storages\":[]},{\"Id\":55,\"Pos\":{\"x\":-443.040833,\"y\":63.2670441,\"z\":1002.84863},\"Rot\":{\"x\":0.0117874034,\"y\":0.9847717,\"z\":0.156878233,\"w\":-0.07399306},\"Storages\":[]},{\"Id\":55,\"Pos\":{\"x\":-490.6806,\"y\":62.315876,\"z\":984.8225},\"Rot\":{\"x\":0.0404315963,\"y\":-0.7332707,\"z\":0.043771442,\"w\":0.6773208},\"Storages\":[]},{\"Id\":55,\"Pos\":{\"x\":-579.0245,\"y\":65.57491,\"z\":993.4595},\"Rot\":{\"x\":-0.06105044,\"y\":-0.6013212,\"z\":-0.0461579151,\"w\":0.7953333},\"Storages\":[]},{\"Id\":55,\"Pos\":{\"x\":-633.202148,\"y\":75.5126648,\"z\":1005.36084},\"Rot\":{\"x\":-0.06352991,\"y\":-0.699862242,\"z\":-0.06273986,\"w\":0.7086752},\"Storages\":[]},{\"Id\":55,\"Pos\":{\"x\":-682.1456,\"y\":86.06883,\"z\":976.364563},\"Rot\":{\"x\":0.0368089974,\"y\":0.8936971,\"z\":0.074613,\"w\":-0.440889567},\"Storages\":[]},{\"Id\":55,\"Pos\":{\"x\":-728.7535,\"y\":95.67555,\"z\":932.1039},\"Rot\":{\"x\":0.008155785,\"y\":0.966938436,\"z\":0.0311747324,\"w\":-0.252965778},\"Storages\":[]},{\"Id\":55,\"Pos\":{\"x\":-758.034,\"y\":97.15921,\"z\":879.845947},\"Rot\":{\"x\":4.88651167E-05,\"y\":0.967192531,\"z\":0.000186038131,\"w\":-0.254044563},\"Storages\":[]},{\"Id\":55,\"Pos\":{\"x\":-812.539551,\"y\":97.5969543,\"z\":796.229},\"Rot\":{\"x\":0.000178318791,\"y\":0.951110065,\"z\":0.0005491336,\"w\":-0.308851629},\"Storages\":[]},{\"Id\":55,\"Pos\":{\"x\":-838.2848,\"y\":101.228821,\"z\":722.0664},\"Rot\":{\"x\":-0.007770657,\"y\":0.9889293,\"z\":0.05601482,\"w\":0.137189239},\"Storages\":[]},{\"Id\":55,\"Pos\":{\"x\":-891.2955,\"y\":103.581329,\"z\":677.0846},\"Rot\":{\"x\":0.005305038,\"y\":-0.7973854,\"z\":0.00701046456,\"w\":0.6034064},\"Storages\":[]},{\"Id\":55,\"Pos\":{\"x\":-1084.02637,\"y\":75.5284348,\"z\":718.965637},\"Rot\":{\"x\":0.151092425,\"y\":-0.440574467,\"z\":0.07550045,\"w\":0.881683},\"Storages\":[]},{\"Id\":55,\"Pos\":{\"x\":-1179.17871,\"y\":53.16411,\"z\":725.7794},\"Rot\":{\"x\":-0.006218786,\"y\":0.8730281,\"z\":-0.0111367,\"w\":-0.487503082},\"Storages\":[]},{\"Id\":53,\"Pos\":{\"x\":-1035.85449,\"y\":95.37535,\"z\":683.4475},\"Rot\":{\"x\":4.784706E-08,\"y\":0.5963284,\"z\":-3.55439376E-08,\"w\":0.8027406},\"Storages\":[]},{\"Id\":53,\"Pos\":{\"x\":-1036.52466,\"y\":95.33045,\"z\":685.7481},\"Rot\":{\"x\":-0.012037769,\"y\":0.5953941,\"z\":0.008922284,\"w\":0.803294063},\"Storages\":[]},{\"Id\":53,\"Pos\":{\"x\":-1030.92676,\"y\":95.14564,\"z\":689.109436},\"Rot\":{\"x\":4.307915E-09,\"y\":0.989497542,\"z\":-2.94893212E-08,\"w\":0.144549638},\"Storages\":[]},{\"Id\":53,\"Pos\":{\"x\":-1032.54919,\"y\":95.3353043,\"z\":688.626},\"Rot\":{\"x\":-0.00695480453,\"y\":0.9535341,\"z\":0.0220764335,\"w\":0.300394773},\"Storages\":[]},{\"Id\":54,\"Pos\":{\"x\":-1030.90845,\"y\":96.007164,\"z\":684.8531},\"Rot\":{\"x\":-0.00695480453,\"y\":0.9535341,\"z\":0.0220764335,\"w\":0.300394773},\"Storages\":[]},{\"Id\":53,\"Pos\":{\"x\":-1031.43835,\"y\":95.34498,\"z\":684.3156},\"Rot\":{\"x\":-4.131094E-09,\"y\":0.832206368,\"z\":6.20042062E-09,\"w\":0.554466069},\"Storages\":[]},{\"Id\":53,\"Pos\":{\"x\":-1028.84644,\"y\":92.60434,\"z\":690.4401},\"Rot\":{\"y\":-0.145970851,\"w\":0.9892889},\"Storages\":[]},{\"Id\":55,\"Pos\":{\"x\":-457.4662,\"y\":327.979828,\"z\":-346.864929},\"Rot\":{\"x\":0.164396212,\"y\":-0.7173193,\"z\":0.1807254,\"w\":0.6525069},\"Storages\":[]},{\"Id\":55,\"Pos\":{\"x\":-454.792419,\"y\":328.3019,\"z\":-348.2295},\"Rot\":{\"x\":0.1809415,\"y\":-0.7778779,\"z\":0.259136081,\"w\":0.5431525},\"Storages\":[]},{\"Id\":55,\"Pos\":{\"x\":-454.982025,\"y\":328.445679,\"z\":-344.7937},\"Rot\":{\"x\":0.208233878,\"y\":-0.709544361,\"z\":0.234087065,\"w\":0.631180465},\"Storages\":[]},{\"Id\":55,\"Pos\":{\"x\":-474.242,\"y\":325.035767,\"z\":-346.1831},\"Rot\":{\"x\":0.0032410163,\"y\":0.964033067,\"z\":-0.0117680691,\"w\":0.265502125},\"Storages\":[]},{\"Id\":55,\"Pos\":{\"x\":-478.7894,\"y\":298.7071,\"z\":-254.077133},\"Rot\":{\"x\":0.253000349,\"y\":0.1913086,\"z\":-0.0511108153,\"w\":0.94698447},\"Storages\":[]},{\"Id\":53,\"Pos\":{\"x\":-500.8357,\"y\":328.353638,\"z\":-306.982361},\"Rot\":{\"x\":5.779332E-05,\"y\":0.7056897,\"z\":-5.75623781E-05,\"w\":0.708521},\"Storages\":[]},{\"Id\":53,\"Pos\":{\"x\":-501.0867,\"y\":330.784363,\"z\":-306.727234},\"Rot\":{\"x\":-1.99344759E-05,\"y\":-0.002000038,\"z\":-3.986979E-08,\"w\":0.999998033},\"Storages\":[]},{\"Id\":55,\"Pos\":{\"x\":-429.437,\"y\":266.143921,\"z\":-148.965912},\"Rot\":{\"x\":0.0151020642,\"y\":0.225264028,\"z\":-0.00349213788,\"w\":0.97417444},\"Storages\":[]},{\"Id\":55,\"Pos\":{\"x\":-440.9942,\"y\":247.31427,\"z\":-108.35881},\"Rot\":{\"x\":0.1211919,\"y\":-0.785533369,\"z\":0.162853688,\"w\":0.5845755},\"Storages\":[]},{\"Id\":55,\"Pos\":{\"x\":-516.381348,\"y\":219.8706,\"z\":-92.31901},\"Rot\":{\"x\":0.101030491,\"y\":-0.465686947,\"z\":0.05361496,\"w\":0.8775272},\"Storages\":[]},{\"Id\":55,\"Pos\":{\"x\":-567.246155,\"y\":204.863,\"z\":-76.67303},\"Rot\":{\"x\":-0.04798441,\"y\":0.9135938,\"z\":-0.113094375,\"w\":-0.387625456},\"Storages\":[]},{\"Id\":55,\"Pos\":{\"x\":-597.3395,\"y\":186.8068,\"z\":-63.2922363},\"Rot\":{\"x\":0.215859592,\"y\":-0.315466166,\"z\":0.07392965,\"w\":0.9210973},\"Storages\":[]},{\"Id\":55,\"Pos\":{\"x\":-625.7786,\"y\":166.680511,\"z\":-18.8386955},\"Rot\":{\"x\":0.1052456,\"y\":-0.220768765,\"z\":0.0239699874,\"w\":0.969334841},\"Storages\":[]},{\"Id\":55,\"Pos\":{\"x\":-641.4208,\"y\":166.022736,\"z\":32.53078},\"Rot\":{\"x\":-0.06216862,\"y\":-0.0999363,\"z\":-0.00625650864,\"w\":0.9930301},\"Storages\":[]},{\"Id\":55,\"Pos\":{\"x\":-669.3362,\"y\":166.114044,\"z\":78.86955},\"Rot\":{\"x\":0.0505427,\"y\":-0.403234154,\"z\":0.02231216,\"w\":0.913427532},\"Storages\":[]},{\"Id\":55,\"Pos\":{\"x\":-686.1714,\"y\":161.750366,\"z\":125.881165},\"Rot\":{\"x\":0.0193758961,\"y\":0.08346655,\"z\":-0.00162321131,\"w\":0.9963209},\"Storages\":[]},{\"Id\":55,\"Pos\":{\"x\":-687.894,\"y\":157.659546,\"z\":161.018311},\"Rot\":{\"x\":0.161374778,\"y\":-0.356879,\"z\":0.0627379939,\"w\":0.9179649},\"Storages\":[]},{\"Id\":55,\"Pos\":{\"x\":-744.247437,\"y\":124.599396,\"z\":324.558777},\"Rot\":{\"x\":0.06971243,\"y\":-0.2510311,\"z\":0.0181291569,\"w\":0.965295255},\"Storages\":[]},{\"Id\":55,\"Pos\":{\"x\":-767.935059,\"y\":111.673714,\"z\":430.2503},\"Rot\":{\"x\":0.04398496,\"y\":0.01129029,\"z\":-0.0004971159,\"w\":0.9989683},\"Storages\":[]},{\"Id\":55,\"Pos\":{\"x\":-773.909668,\"y\":106.286392,\"z\":526.822144},\"Rot\":{\"x\":-0.002674409,\"y\":-0.102533244,\"z\":-0.0002756697,\"w\":0.994725943},\"Storages\":[]},{\"Id\":55,\"Pos\":{\"x\":-818.379761,\"y\":106.621033,\"z\":594.2186},\"Rot\":{\"x\":-0.0012267126,\"y\":-0.4138526,\"z\":-0.0005576779,\"w\":0.910342932},\"Storages\":[]},{\"Id\":55,\"Pos\":{\"x\":-903.54895,\"y\":105.325378,\"z\":643.7805},\"Rot\":{\"x\":0.009510751,\"y\":-0.574772537,\"z\":0.00668090163,\"w\":0.8182307},\"Storages\":[]},{\"Id\":55,\"Pos\":{\"x\":-706.608643,\"y\":135.838135,\"z\":252.882233},\"Rot\":{\"x\":-0.0126784779,\"y\":0.978615344,\"z\":0.06355468,\"w\":0.195223242},\"Storages\":[]},{\"Id\":55,\"Pos\":{\"x\":-666.48645,\"y\":147.59552,\"z\":246.115479},\"Rot\":{\"x\":-0.08811224,\"y\":0.444894373,\"z\":0.04403827,\"w\":0.890149355},\"Storages\":[]},{\"Id\":55,\"Pos\":{\"x\":-597.8032,\"y\":164.833008,\"z\":243.255112},\"Rot\":{\"x\":-0.0551179461,\"y\":0.8670562,\"z\":0.0984842,\"w\":0.4852592},\"Storages\":[]},{\"Id\":55,\"Pos\":{\"x\":-695.467041,\"y\":146.721725,\"z\":195.969879},\"Rot\":{\"x\":0.125186712,\"y\":-0.0174382925,\"z\":0.00220069755,\"w\":0.9919775},\"Storages\":[]},{\"Id\":37,\"Pos\":{\"x\":-1031.963,\"y\":90.70336,\"z\":699.764343},\"Rot\":{\"y\":-0.140246481,\"w\":0.990116656},\"Storages\":[{\"Version\":\"0.0.0\",\"ItemBlocks\":[]}]},{\"Id\":37,\"Pos\":{\"x\":-1032.28918,\"y\":90.70336,\"z\":700.7243},\"Rot\":{\"y\":-0.140246481,\"w\":0.990116656},\"Storages\":[{\"Version\":\"0.0.0\",\"ItemBlocks\":[]}]},{\"Id\":37,\"Pos\":{\"x\":-1032.68164,\"y\":90.70336,\"z\":701.663147},\"Rot\":{\"y\":-0.140246481,\"w\":0.990116656},\"Storages\":[{\"Version\":\"0.0.0\",\"ItemBlocks\":[{\"ItemId\":78,\"TotalCount\":1,\"UniqueItems\":[{\"Modules\":[{\"Version\":\"0.0.0\",\"ModuleId\":6}]}]}]}]},{\"Id\":37,\"Pos\":{\"x\":-1029.55957,\"y\":90.70336,\"z\":700.472168},\"Rot\":{\"y\":-0.140246481,\"w\":0.990116656},\"Storages\":[{\"Version\":\"0.0.0\",\"ItemBlocks\":[]}]},{\"Id\":37,\"Pos\":{\"x\":-1029.88623,\"y\":90.70336,\"z\":701.455933},\"Rot\":{\"y\":-0.140246481,\"w\":0.990116656},\"Storages\":[{\"Version\":\"0.0.0\",\"ItemBlocks\":[]}]},{\"Id\":37,\"Pos\":{\"x\":-1030.21912,\"y\":90.70336,\"z\":702.4361},\"Rot\":{\"y\":-0.140246481,\"w\":0.990116656},\"Storages\":[{\"Version\":\"0.0.0\",\"ItemBlocks\":[{\"ItemId\":78,\"TotalCount\":2,\"UniqueItems\":[{\"Modules\":[{\"Version\":\"0.0.0\",\"ModuleId\":6}]},{\"Modules\":[{\"Version\":\"0.0.0\",\"ModuleId\":6}]}]}]}]},{\"Id\":37,\"Pos\":{\"x\":-1033.82043,\"y\":90.70336,\"z\":705.8525},\"Rot\":{\"y\":-0.140246481,\"w\":0.990116656},\"Storages\":[{\"Version\":\"0.0.0\",\"ItemBlocks\":[{\"ItemId\":78,\"TotalCount\":2,\"UniqueItems\":[{\"Modules\":[{\"Version\":\"0.0.0\",\"ModuleId\":6}]},{\"Modules\":[{\"Version\":\"0.0.0\",\"ModuleId\":6}]}]}]}]},{\"Id\":37,\"Pos\":{\"x\":-1031.01111,\"y\":90.70336,\"z\":706.7058},\"Rot\":{\"y\":-0.140246481,\"w\":0.990116656},\"Storages\":[{\"Version\":\"0.0.0\",\"ItemBlocks\":[{\"ItemId\":78,\"TotalCount\":1,\"UniqueItems\":[{\"Modules\":[{\"Version\":\"0.0.0\",\"ModuleId\":6}]}]}]}]},{\"Id\":37,\"Pos\":{\"x\":-1033.85718,\"y\":90.70336,\"z\":706.8915},\"Rot\":{\"y\":-0.140246481,\"w\":0.990116656},\"Storages\":[{\"Version\":\"0.0.0\",\"ItemBlocks\":[{\"ItemId\":78,\"TotalCount\":4,\"UniqueItems\":[{\"Modules\":[{\"Version\":\"0.0.0\",\"ModuleId\":6}]},{\"Modules\":[{\"Version\":\"0.0.0\",\"ModuleId\":6}]},{\"Modules\":[{\"Version\":\"0.0.0\",\"ModuleId\":6}]},{\"Modules\":[{\"Version\":\"0.0.0\",\"ModuleId\":6}]}]}]}]},{\"Id\":37,\"Pos\":{\"x\":-1031.26416,\"y\":90.70336,\"z\":707.717346},\"Rot\":{\"y\":-0.140246481,\"w\":0.990116656},\"Storages\":[{\"Version\":\"0.0.0\",\"ItemBlocks\":[]}]},{\"Id\":37,\"Pos\":{\"x\":-1034.25244,\"y\":90.70336,\"z\":707.861267},\"Rot\":{\"y\":-0.140246481,\"w\":0.990116656},\"Storages\":[{\"Version\":\"0.0.0\",\"ItemBlocks\":[{\"ItemId\":78,\"TotalCount\":6,\"UniqueItems\":[{\"Modules\":[{\"Version\":\"0.0.0\",\"ModuleId\":6}]},{\"Modules\":[{\"Version\":\"0.0.0\",\"ModuleId\":6}]},{\"Modules\":[{\"Version\":\"0.0.0\",\"ModuleId\":6}]},{\"Modules\":[{\"Version\":\"0.0.0\",\"ModuleId\":6}]},{\"Modules\":[{\"Version\":\"0.0.0\",\"ModuleId\":6}]},{\"Modules\":[{\"Version\":\"0.0.0\",\"ModuleId\":6}]}]}]}]},{\"Id\":37,\"Pos\":{\"x\":-1031.56665,\"y\":90.70336,\"z\":708.6718},\"Rot\":{\"y\":-0.140246481,\"w\":0.990116656},\"Storages\":[{\"Version\":\"0.0.0\",\"ItemBlocks\":[{\"ItemId\":78,\"TotalCount\":4,\"UniqueItems\":[{\"Modules\":[{\"Version\":\"0.0.0\",\"ModuleId\":6}]},{\"Modules\":[{\"Version\":\"0.0.0\",\"ModuleId\":6}]},{\"Modules\":[{\"Version\":\"0.0.0\",\"ModuleId\":6}]},{\"Modules\":[{\"Version\":\"0.0.0\",\"ModuleId\":6}]}]}]}]},{\"Id\":37,\"Pos\":{\"x\":-1034.522,\"y\":90.70336,\"z\":708.8523},\"Rot\":{\"y\":-0.140246481,\"w\":0.990116656},\"Storages\":[{\"Version\":\"0.0.0\",\"ItemBlocks\":[{\"ItemId\":78,\"TotalCount\":6,\"UniqueItems\":[{\"Modules\":[{\"Version\":\"0.0.0\",\"ModuleId\":6}]},{\"Modules\":[{\"Version\":\"0.0.0\",\"ModuleId\":6}]},{\"Modules\":[{\"Version\":\"0.0.0\",\"ModuleId\":6}]},{\"Modules\":[{\"Version\":\"0.0.0\",\"ModuleId\":6}]},{\"Modules\":[{\"Version\":\"0.0.0\",\"ModuleId\":6}]},{\"Modules\":[{\"Version\":\"0.0.0\",\"ModuleId\":6}]}]}]}]},{\"Id\":37,\"Pos\":{\"x\":-1031.89563,\"y\":90.70336,\"z\":709.6721},\"Rot\":{\"y\":-0.140246481,\"w\":0.990116656},\"Storages\":[{\"Version\":\"0.0.0\",\"ItemBlocks\":[{\"ItemId\":78,\"TotalCount\":6,\"UniqueItems\":[{\"Modules\":[{\"Version\":\"0.0.0\",\"ModuleId\":6}]},{\"Modules\":[{\"Version\":\"0.0.0\",\"ModuleId\":6}]},{\"Modules\":[{\"Version\":\"0.0.0\",\"ModuleId\":6}]},{\"Modules\":[{\"Version\":\"0.0.0\",\"ModuleId\":6}]},{\"Modules\":[{\"Version\":\"0.0.0\",\"ModuleId\":6}]},{\"Modules\":[{\"Version\":\"0.0.0\",\"ModuleId\":6}]}]}]}]},{\"Id\":37,\"Pos\":{\"x\":-1034.73425,\"y\":90.70336,\"z\":709.8772},\"Rot\":{\"y\":-0.140246481,\"w\":0.990116656},\"Storages\":[{\"Version\":\"0.0.0\",\"ItemBlocks\":[{\"ItemId\":78,\"TotalCount\":6,\"UniqueItems\":[{\"Modules\":[{\"Version\":\"0.0.0\",\"ModuleId\":6}]},{\"Modules\":[{\"Version\":\"0.0.0\",\"ModuleId\":6}]},{\"Modules\":[{\"Version\":\"0.0.0\",\"ModuleId\":6}]},{\"Modules\":[{\"Version\":\"0.0.0\",\"ModuleId\":6}]},{\"Modules\":[{\"Version\":\"0.0.0\",\"ModuleId\":6}]},{\"Modules\":[{\"Version\":\"0.0.0\",\"ModuleId\":6}]}]}]}]},{\"Id\":37,\"Pos\":{\"x\":-1035.33618,\"y\":90.70336,\"z\":712.0307},\"Rot\":{\"y\":-0.140246481,\"w\":0.990116656},\"Storages\":[{\"Version\":\"0.0.0\",\"ItemBlocks\":[{\"ItemId\":78,\"TotalCount\":6,\"UniqueItems\":[{\"Modules\":[{\"Version\":\"0.0.0\",\"ModuleId\":6}]},{\"Modules\":[{\"Version\":\"0.0.0\",\"ModuleId\":6}]},{\"Modules\":[{\"Version\":\"0.0.0\",\"ModuleId\":6}]},{\"Modules\":[{\"Version\":\"0.0.0\",\"ModuleId\":6}]},{\"Modules\":[{\"Version\":\"0.0.0\",\"ModuleId\":6}]},{\"Modules\":[{\"Version\":\"0.0.0\",\"ModuleId\":6}]}]}]}]},{\"Id\":37,\"Pos\":{\"x\":-1035.11108,\"y\":90.70336,\"z\":710.8883},\"Rot\":{\"y\":-0.140246481,\"w\":0.990116656},\"Storages\":[{\"Version\":\"0.0.0\",\"ItemBlocks\":[{\"ItemId\":78,\"TotalCount\":6,\"UniqueItems\":[{\"Modules\":[{\"Version\":\"0.0.0\",\"ModuleId\":6}]},{\"Modules\":[{\"Version\":\"0.0.0\",\"ModuleId\":6}]},{\"Modules\":[{\"Version\":\"0.0.0\",\"ModuleId\":6}]},{\"Modules\":[{\"Version\":\"0.0.0\",\"ModuleId\":6}]},{\"Modules\":[{\"Version\":\"0.0.0\",\"ModuleId\":6}]},{\"Modules\":[{\"Version\":\"0.0.0\",\"ModuleId\":6}]}]}]}]},{\"Id\":37,\"Pos\":{\"x\":-1032.2019,\"y\":90.70336,\"z\":710.6818},\"Rot\":{\"y\":-0.140246481,\"w\":0.990116656},\"Storages\":[{\"Version\":\"0.0.0\",\"ItemBlocks\":[{\"ItemId\":78,\"TotalCount\":5,\"UniqueItems\":[{\"Modules\":[{\"Version\":\"0.0.0\",\"ModuleId\":6}]},{\"Modules\":[{\"Version\":\"0.0.0\",\"ModuleId\":6}]},{\"Modules\":[{\"Version\":\"0.0.0\",\"ModuleId\":6}]},{\"Modules\":[{\"Version\":\"0.0.0\",\"ModuleId\":6}]},{\"Modules\":[{\"Version\":\"0.0.0\",\"ModuleId\":6}]}]}]}]},{\"Id\":37,\"Pos\":{\"x\":-1032.51917,\"y\":90.70336,\"z\":711.7679},\"Rot\":{\"y\":-0.140246481,\"w\":0.990116656},\"Storages\":[{\"Version\":\"0.0.0\",\"ItemBlocks\":[{\"ItemId\":78,\"TotalCount\":6,\"UniqueItems\":[{\"Modules\":[{\"Version\":\"0.0.0\",\"ModuleId\":6}]},{\"Modules\":[{\"Version\":\"0.0.0\",\"ModuleId\":6}]},{\"Modules\":[{\"Version\":\"0.0.0\",\"ModuleId\":6}]},{\"Modules\":[{\"Version\":\"0.0.0\",\"ModuleId\":6}]},{\"Modules\":[{\"Version\":\"0.0.0\",\"ModuleId\":6}]},{\"Modules\":[{\"Version\":\"0.0.0\",\"ModuleId\":6}]}]}]}]},{\"Id\":37,\"Pos\":{\"x\":-1032.91968,\"y\":90.70336,\"z\":712.7316},\"Rot\":{\"y\":-0.140246481,\"w\":0.990116656},\"Storages\":[{\"Version\":\"0.0.0\",\"ItemBlocks\":[{\"ItemId\":78,\"TotalCount\":6,\"UniqueItems\":[{\"Modules\":[{\"Version\":\"0.0.0\",\"ModuleId\":6}]},{\"Modules\":[{\"Version\":\"0.0.0\",\"ModuleId\":6}]},{\"Modules\":[{\"Version\":\"0.0.0\",\"ModuleId\":6}]},{\"Modules\":[{\"Version\":\"0.0.0\",\"ModuleId\":6}]},{\"Modules\":[{\"Version\":\"0.0.0\",\"ModuleId\":6}]},{\"Modules\":[{\"Version\":\"0.0.0\",\"ModuleId\":6}]}]}]}]},{\"Id\":53,\"Pos\":{\"x\":-1016.12854,\"y\":89.76073,\"z\":682.9527},\"Rot\":{\"y\":-0.6942623,\"w\":0.7197221},\"Storages\":[]},{\"Id\":53,\"Pos\":{\"x\":-1016.05536,\"y\":89.74793,\"z\":685.413635},\"Rot\":{\"y\":-0.6942623,\"w\":0.7197221},\"Storages\":[]},{\"Id\":53,\"Pos\":{\"x\":-1012.85394,\"y\":89.79379,\"z\":685.617554},\"Rot\":{\"x\":-0.240724832,\"y\":0.0174722485,\"z\":0.00433418062,\"w\":0.9704265},\"Storages\":[]},{\"Id\":53,\"Pos\":{\"x\":-1013.46344,\"y\":89.70524,\"z\":685.587952},\"Rot\":{\"y\":0.0180028044,\"w\":0.999838},\"Storages\":[]},{\"Id\":53,\"Pos\":{\"x\":-1011.13727,\"y\":89.7242661,\"z\":685.496033},\"Rot\":{\"y\":0.0180027448,\"w\":0.999838},\"Storages\":[]},{\"Id\":53,\"Pos\":{\"x\":-1008.87335,\"y\":89.7292,\"z\":685.417236},\"Rot\":{\"y\":0.0180027448,\"w\":0.999838},\"Storages\":[]},{\"Id\":53,\"Pos\":{\"x\":-1009.03503,\"y\":89.68371,\"z\":682.4409},\"Rot\":{\"y\":0.999838,\"w\":-0.0180027448},\"Storages\":[]},{\"Id\":53,\"Pos\":{\"x\":-1006.82233,\"y\":89.87045,\"z\":682.376465},\"Rot\":{\"x\":0.00330419722,\"y\":0.982853234,\"z\":0.1835088,\"w\":-0.0176969226},\"Storages\":[]},{\"Id\":53,\"Pos\":{\"x\":-1006.60413,\"y\":89.64687,\"z\":685.3315},\"Rot\":{\"y\":0.0180027448,\"w\":0.999838},\"Storages\":[]},{\"Id\":53,\"Pos\":{\"x\":-1004.386,\"y\":89.69135,\"z\":685.252441},\"Rot\":{\"y\":0.0180027448,\"w\":0.999838},\"Storages\":[]},{\"Id\":53,\"Pos\":{\"x\":-1004.38354,\"y\":89.77085,\"z\":682.279663},\"Rot\":{\"y\":0.999838,\"w\":-0.0180027448},\"Storages\":[]},{\"Id\":53,\"Pos\":{\"x\":-1002.28589,\"y\":89.74276,\"z\":682.203735},\"Rot\":{\"y\":0.999838,\"w\":-0.0180027448},\"Storages\":[]},{\"Id\":53,\"Pos\":{\"x\":-1002.08722,\"y\":89.70759,\"z\":685.172058},\"Rot\":{\"y\":0.0180027448,\"w\":0.999838},\"Storages\":[]},{\"Id\":53,\"Pos\":{\"x\":-999.8488,\"y\":89.6649,\"z\":685.0872},\"Rot\":{\"y\":0.0180027448,\"w\":0.999838},\"Storages\":[]},{\"Id\":53,\"Pos\":{\"x\":-999.927551,\"y\":89.7137451,\"z\":682.1211},\"Rot\":{\"y\":0.999838,\"w\":-0.0180027448},\"Storages\":[]},{\"Id\":55,\"Pos\":{\"x\":-1034.60071,\"y\":96.64758,\"z\":694.335938},\"Rot\":{\"x\":0.09592152,\"y\":0.07008969,\"z\":-0.006771219,\"w\":0.9928951},\"Storages\":[]},{\"Id\":53,\"Pos\":{\"x\":-997.6856,\"y\":89.71894,\"z\":682.0405},\"Rot\":{\"y\":0.999838,\"w\":-0.0180027448},\"Storages\":[]},{\"Id\":53,\"Pos\":{\"x\":-997.4917,\"y\":89.67295,\"z\":685.003357},\"Rot\":{\"y\":0.0180027448,\"w\":0.999838},\"Storages\":[]},{\"Id\":53,\"Pos\":{\"x\":-995.3212,\"y\":89.59895,\"z\":684.931152},\"Rot\":{\"y\":0.0180027448,\"w\":0.999838},\"Storages\":[]},{\"Id\":53,\"Pos\":{\"x\":-995.3874,\"y\":89.703804,\"z\":681.957947},\"Rot\":{\"y\":0.999838,\"w\":-0.0180027448},\"Storages\":[]},{\"Id\":53,\"Pos\":{\"x\":-993.067749,\"y\":89.62861,\"z\":684.846436},\"Rot\":{\"y\":0.0180027448,\"w\":0.999838},\"Storages\":[]},{\"Id\":53,\"Pos\":{\"x\":-993.0443,\"y\":89.6928,\"z\":681.873657},\"Rot\":{\"y\":0.999838,\"w\":-0.0180027448},\"Storages\":[]},{\"Id\":53,\"Pos\":{\"x\":-990.8427,\"y\":89.70798,\"z\":681.7944},\"Rot\":{\"y\":0.999838,\"w\":-0.0180027448},\"Storages\":[]},{\"Id\":53,\"Pos\":{\"x\":-990.7786,\"y\":89.66683,\"z\":684.7673},\"Rot\":{\"y\":0.0180027448,\"w\":0.999838},\"Storages\":[]},{\"Id\":53,\"Pos\":{\"x\":-988.767944,\"y\":89.72472,\"z\":681.719238},\"Rot\":{\"y\":0.999838,\"w\":-0.0180027448},\"Storages\":[]},{\"Id\":53,\"Pos\":{\"x\":-988.532837,\"y\":89.6928,\"z\":684.688},\"Rot\":{\"x\":-1.35443173E-07,\"y\":0.0180027448,\"z\":2.438744E-09,\"w\":0.999838},\"Storages\":[]},{\"Id\":53,\"Pos\":{\"x\":-986.496338,\"y\":89.7456741,\"z\":681.636353},\"Rot\":{\"y\":0.999838,\"w\":-0.0180027448},\"Storages\":[]},{\"Id\":53,\"Pos\":{\"x\":-984.234131,\"y\":89.70689,\"z\":681.5551},\"Rot\":{\"y\":0.999838,\"w\":-0.0180027448},\"Storages\":[]},{\"Id\":53,\"Pos\":{\"x\":-981.9953,\"y\":89.82638,\"z\":681.4745},\"Rot\":{\"y\":0.999838,\"w\":-0.0180027448},\"Storages\":[]},{\"Id\":53,\"Pos\":{\"x\":-981.864441,\"y\":89.67323,\"z\":684.4422},\"Rot\":{\"y\":0.0180027448,\"w\":0.999838},\"Storages\":[]},{\"Id\":53,\"Pos\":{\"x\":-984.082947,\"y\":89.62041,\"z\":684.520142},\"Rot\":{\"y\":0.0180027448,\"w\":0.999838},\"Storages\":[]},{\"Id\":53,\"Pos\":{\"x\":-986.3081,\"y\":89.69271,\"z\":684.6073},\"Rot\":{\"y\":0.0180027448,\"w\":0.999838},\"Storages\":[]},{\"Id\":53,\"Pos\":{\"x\":-1035.02759,\"y\":97.0027847,\"z\":679.1673},\"Rot\":{\"x\":0.1596221,\"y\":-0.297312558,\"z\":0.0504875258,\"w\":0.939987838},\"Storages\":[]},{\"Id\":53,\"Pos\":{\"x\":-1034.93445,\"y\":100.225471,\"z\":679.2321},\"Rot\":{\"x\":0.148736566,\"y\":-0.158115983,\"z\":0.024099471,\"w\":0.975856543},\"Storages\":[]},{\"Id\":53,\"Pos\":{\"x\":-1026.241,\"y\":97.00511,\"z\":681.7768},\"Rot\":{\"x\":0.17151016,\"y\":-0.008789323,\"z\":0.00153019407,\"w\":0.985142},\"Storages\":[]},{\"Id\":53,\"Pos\":{\"x\":-1026.44543,\"y\":100.41684,\"z\":681.733154},\"Rot\":{\"x\":-0.179489866,\"y\":-0.141600072,\"z\":-0.026116604,\"w\":0.973165333},\"Storages\":[]},{\"Id\":53,\"Pos\":{\"x\":-1028.59875,\"y\":100.327087,\"z\":681.136536},\"Rot\":{\"x\":0.0101798037,\"y\":-0.14429009,\"z\":0.0014844581,\"w\":0.989482},\"Storages\":[]},{\"Id\":53,\"Pos\":{\"x\":-1031.76514,\"y\":100.264122,\"z\":680.181946},\"Rot\":{\"x\":0.1184647,\"y\":-0.143071,\"z\":0.0172517058,\"w\":0.982445538},\"Storages\":[]},{\"Id\":53,\"Pos\":{\"x\":-1031.88049,\"y\":95.35969,\"z\":684.807739},\"Rot\":{\"y\":-0.144075111,\"w\":0.9895668},\"Storages\":[]},{\"Id\":53,\"Pos\":{\"x\":-1034.29773,\"y\":95.25677,\"z\":686.0838},\"Rot\":{\"y\":0.5963285,\"w\":0.8027405},\"Storages\":[]},{\"Id\":53,\"Pos\":{\"x\":-1030.213,\"y\":95.29442,\"z\":680.62146},\"Rot\":{\"x\":0.0409775525,\"y\":-0.0528983176,\"z\":0.00217251759,\"w\":0.9977565},\"Storages\":[]},{\"Id\":53,\"Pos\":{\"x\":-1029.319,\"y\":95.40401,\"z\":682.8523},\"Rot\":{\"y\":-0.8018924,\"w\":0.597468555},\"Storages\":[]},{\"Id\":53,\"Pos\":{\"x\":-1031.75,\"y\":95.34004,\"z\":684.15564},\"Rot\":{\"y\":0.9895668,\"w\":0.144075111},\"Storages\":[]},{\"Id\":53,\"Pos\":{\"x\":-1036.46423,\"y\":95.33917,\"z\":683.064636},\"Rot\":{\"x\":-3.55439447E-08,\"y\":-0.8027406,\"z\":-4.78470632E-08,\"w\":0.596328437},\"Storages\":[]},{\"Id\":53,\"Pos\":{\"x\":-1037.09985,\"y\":95.1837158,\"z\":685.192444},\"Rot\":{\"y\":-0.8027406,\"w\":0.5963284},\"Storages\":[]},{\"Id\":53,\"Pos\":{\"x\":-1037.81482,\"y\":95.78338,\"z\":687.5248},\"Rot\":{\"x\":4.44289938E-09,\"y\":-0.802749932,\"z\":5.98095262E-09,\"w\":0.5963159},\"Storages\":[]},{\"Id\":53,\"Pos\":{\"x\":-1028.302,\"y\":95.29637,\"z\":687.2688},\"Rot\":{\"x\":0.0212703869,\"y\":-0.8018434,\"z\":0.02859407,\"w\":0.5964706},\"Storages\":[]},{\"Id\":53,\"Pos\":{\"x\":-1032.85266,\"y\":94.85718,\"z\":689.255249},\"Rot\":{\"x\":0.1158097,\"y\":-0.0620492846,\"z\":0.00724893948,\"w\":0.991304934},\"Storages\":[]},{\"Id\":53,\"Pos\":{\"x\":-1031.21667,\"y\":94.9441147,\"z\":689.7657},\"Rot\":{\"x\":-0.0315810069,\"y\":-0.145776644,\"z\":-0.00465590833,\"w\":0.9888024},\"Storages\":[]},{\"Id\":53,\"Pos\":{\"x\":-1030.63831,\"y\":92.21363,\"z\":689.5825},\"Rot\":{\"x\":-1.19619044E-08,\"y\":0.596316,\"z\":8.88580054E-09,\"w\":0.8027498},\"Storages\":[]},{\"Id\":55,\"Pos\":{\"x\":-1006.2384,\"y\":95.16343,\"z\":746.9724},\"Rot\":{\"x\":0.00282378355,\"y\":0.9793313,\"z\":0.0137052573,\"w\":-0.201778024},\"Storages\":[]},{\"Id\":22,\"Pos\":{\"x\":-980.235168,\"y\":91.1628952,\"z\":807.0077},\"Rot\":{\"y\":-0.08163092,\"w\":0.9966626},\"Storages\":[]},{\"Id\":22,\"Pos\":{\"x\":1243.17224,\"y\":237.472382,\"z\":-659.5462},\"Rot\":{\"w\":1.0},\"Storages\":[]},{\"Id\":55,\"Pos\":{\"x\":-1403.80688,\"y\":224.68251,\"z\":-895.3451},\"Rot\":{\"x\":0.296142042,\"y\":-0.634082139,\"z\":0.287087858,\"w\":0.654079735},\"Storages\":[]}]}"}}